timestamp_iso,elapsed_s,x_g,y_g,z_g
2026-08-31T18:55:29.267043,0.000000,0.015738,-0.004270,0.991250
2026-08-31T18:55:29.267096,0.000053,0.015494,-0.004636,0.991494
2026-08-31T18:55:29.297701,0.030658,0.014884,-0.005002,0.991616
2026-08-31T18:55:29.297781,0.030738,0.015860,-0.004880,0.991494
2026-08-31T18:55:29.326040,0.058997,0.015006,-0.004270,0.991616
2026-08-31T18:55:29.356008,0.088965,0.015372,-0.004514,0.991738
2026-08-31T18:55:29.386641,0.119598,0.015738,-0.004880,0.991494
2026-08-31T18:55:29.386692,0.119649,0.015372,-0.004270,0.990884
2026-08-31T18:55:29.416039,0.148996,0.015616,-0.004636,0.991372
2026-08-31T18:55:29.448159,0.181116,0.015372,-0.004514,0.991494
2026-08-31T18:55:29.448237,0.181194,0.015250,-0.004636,0.991494
2026-08-31T18:55:29.476011,0.208968,0.015250,-0.004148,0.991616
2026-08-31T18:55:29.507286,0.240243,0.015982,-0.004392,0.991250
2026-08-31T18:55:29.507370,0.240327,0.015494,-0.004270,0.991494
2026-08-31T18:55:29.536002,0.268959,0.015128,-0.005246,0.990762
2026-08-31T18:55:29.568702,0.301659,0.014884,-0.003782,0.991616
2026-08-31T18:55:29.568787,0.301744,0.015982,-0.004026,0.991006
2026-08-31T18:55:29.597106,0.330063,0.015372,-0.004880,0.991372
2026-08-31T18:55:29.628653,0.361610,0.015372,-0.004880,0.991494
2026-08-31T18:55:29.628686,0.361643,0.015128,-0.004758,0.991738
2026-08-31T18:55:29.657745,0.390702,0.015372,-0.004514,0.991006
2026-08-31T18:55:29.686304,0.419261,0.016104,-0.005002,0.991494
2026-08-31T18:55:29.686341,0.419298,0.015494,-0.004392,0.991006
2026-08-31T18:55:29.716153,0.449110,0.015616,-0.004880,0.990884
2026-08-31T18:55:29.747620,0.480577,0.015494,-0.004758,0.991616
2026-08-31T18:55:29.747680,0.480637,0.015128,-0.004758,0.991128
2026-08-31T18:55:29.775847,0.508804,0.015494,-0.004514,0.991616
2026-08-31T18:55:29.807812,0.540769,0.015616,-0.004392,0.991372
2026-08-31T18:55:29.807891,0.540848,0.015860,-0.004758,0.991372
2026-08-31T18:55:29.836435,0.569392,0.015372,-0.004514,0.990884
2026-08-31T18:55:29.867918,0.600875,0.015494,-0.004270,0.991250
2026-08-31T18:55:29.867996,0.600953,0.015738,-0.004636,0.991372
2026-08-31T18:55:29.898636,0.631593,0.016104,-0.004514,0.990884
2026-08-31T18:55:29.927794,0.660751,0.015128,-0.004880,0.991250
2026-08-31T18:55:29.927872,0.660829,0.015372,-0.004758,0.991372
2026-08-31T18:55:29.956213,0.689170,0.015982,-0.004514,0.991006
2026-08-31T18:55:29.986509,0.719466,0.015128,-0.004514,0.991738
2026-08-31T18:55:30.017184,0.750141,0.014884,-0.004270,0.991128
2026-08-31T18:55:30.017270,0.750227,0.015616,-0.003904,0.991372
2026-08-31T18:55:30.047853,0.780810,0.015982,-0.005002,0.991738
2026-08-31T18:55:30.047935,0.780892,0.015616,-0.004758,0.991738
2026-08-31T18:55:30.076041,0.808998,0.015250,-0.004758,0.991738
2026-08-31T18:55:30.106923,0.839880,0.015616,-0.004880,0.991128
2026-08-31T18:55:30.137898,0.870855,0.016226,-0.004392,0.990640
2026-08-31T18:55:30.137984,0.870941,0.015250,-0.004880,0.991372
2026-08-31T18:55:30.166492,0.899449,0.015372,-0.004758,0.991250
2026-08-31T18:55:30.199397,0.932354,0.015860,-0.005002,0.991006
2026-08-31T18:55:30.199476,0.932433,0.015250,-0.004392,0.991006
2026-08-31T18:55:30.228741,0.961698,0.015616,-0.005368,0.991006
2026-08-31T18:55:30.259146,0.992103,0.015616,-0.004392,0.990762
2026-08-31T18:55:30.259211,0.992168,0.015494,-0.004758,0.991128
2026-08-31T18:55:30.288872,1.021829,0.015494,-0.004880,0.992470
2026-08-31T18:55:30.317556,1.050513,0.015982,-0.005002,0.992226
2026-08-31T18:55:30.347725,1.080682,0.015494,-0.005002,0.991250
2026-08-31T18:55:30.347806,1.080763,0.014884,-0.004392,0.991982
2026-08-31T18:55:30.376057,1.109014,0.016348,-0.005368,0.991494
2026-08-31T18:55:30.407897,1.140854,0.015372,-0.004758,0.991738
2026-08-31T18:55:30.407985,1.140942,0.015616,-0.004270,0.991372
2026-08-31T18:55:30.436224,1.169181,0.015738,-0.004758,0.991494
2026-08-31T18:55:30.467813,1.200770,0.016592,-0.004392,0.991006
2026-08-31T18:55:30.467892,1.200849,0.015250,-0.005246,0.991006
2026-08-31T18:55:30.495880,1.228837,0.015616,-0.004392,0.991372
2026-08-31T18:55:30.527784,1.260741,0.015982,-0.005246,0.991494
2026-08-31T18:55:30.527896,1.260853,0.015494,-0.004636,0.991494
2026-08-31T18:55:30.556784,1.289741,0.015616,-0.004758,0.991616
2026-08-31T18:55:30.585309,1.318266,0.015616,-0.004392,0.990884
2026-08-31T18:55:30.617828,1.350785,0.015616,-0.004880,0.991006
2026-08-31T18:55:30.617920,1.350877,0.015006,-0.004758,0.991372
2026-08-31T18:55:30.646097,1.379054,0.016104,-0.004880,0.991494
2026-08-31T18:55:30.677773,1.410730,0.016104,-0.003904,0.990762
2026-08-31T18:55:30.677850,1.410807,0.015494,-0.004880,0.991006
2026-08-31T18:55:30.705834,1.438791,0.015250,-0.004270,0.991372
2026-08-31T18:55:30.737296,1.470253,0.015982,-0.004636,0.991250
2026-08-31T18:55:30.737357,1.470314,0.015860,-0.004026,0.991616
2026-08-31T18:55:30.766367,1.499324,0.015494,-0.004880,0.991494
2026-08-31T18:55:30.798115,1.531072,0.015738,-0.004026,0.991616
2026-08-31T18:55:30.798192,1.531149,0.015738,-0.004636,0.991616
2026-08-31T18:55:30.826019,1.558976,0.015494,-0.004880,0.991982
2026-08-31T18:55:30.857842,1.590799,0.015860,-0.004880,0.991616
2026-08-31T18:55:30.857928,1.590885,0.015250,-0.004880,0.991616
2026-08-31T18:55:30.886046,1.619003,0.015128,-0.004392,0.990884
2026-08-31T18:55:30.917631,1.650588,0.015738,-0.005124,0.991494
2026-08-31T18:55:30.917687,1.650644,0.016104,-0.004026,0.991738
2026-08-31T18:55:30.946084,1.679041,0.015250,-0.004514,0.991616
2026-08-31T18:55:30.976944,1.709901,0.015494,-0.004880,0.991738
2026-08-31T18:55:31.007908,1.740865,0.016104,-0.004514,0.991128
2026-08-31T18:55:31.007992,1.740949,0.015372,-0.004514,0.991372
2026-08-31T18:55:31.035987,1.768944,0.015860,-0.004758,0.991128
2026-08-31T18:55:31.067523,1.800480,0.015250,-0.004636,0.992104
2026-08-31T18:55:31.097692,1.830649,0.015006,-0.005124,0.992226
2026-08-31T18:55:31.098765,1.831722,0.015982,-0.004636,0.991494
2026-08-31T18:55:31.129953,1.862910,0.016348,-0.004392,0.991250
2026-08-31T18:55:31.130033,1.862990,0.015250,-0.004392,0.991128
2026-08-31T18:55:31.158350,1.891307,0.015250,-0.004636,0.991128
2026-08-31T18:55:31.186996,1.919953,0.015494,-0.004758,0.991128
2026-08-31T18:55:31.188142,1.921099,0.015982,-0.005002,0.991250
2026-08-31T18:55:31.218730,1.951687,0.015738,-0.004514,0.991494
2026-08-31T18:55:31.248663,1.981620,0.015250,-0.004636,0.990640
2026-08-31T18:55:31.277849,2.010806,0.015982,-0.004758,0.991128
2026-08-31T18:55:31.277946,2.010903,0.016226,-0.004758,0.991860
2026-08-31T18:55:31.306511,2.039468,0.015738,-0.004636,0.991372
2026-08-31T18:55:31.338140,2.071097,0.015738,-0.004392,0.991494
2026-08-31T18:55:31.338254,2.071211,0.016104,-0.004514,0.991372
2026-08-31T18:55:31.366098,2.099055,0.015494,-0.004880,0.991372
2026-08-31T18:55:31.397956,2.130913,0.015860,-0.004880,0.991128
2026-08-31T18:55:31.398045,2.131002,0.015372,-0.004758,0.991250
2026-08-31T18:55:31.428462,2.161419,0.015616,-0.004636,0.992104
2026-08-31T18:55:31.457975,2.190932,0.015250,-0.004514,0.991372
2026-08-31T18:55:31.458052,2.191009,0.015860,-0.004392,0.991128
2026-08-31T18:55:31.486281,2.219238,0.015860,-0.004880,0.990884
2026-08-31T18:55:31.517758,2.250715,0.015250,-0.004392,0.991616
2026-08-31T18:55:31.517844,2.250801,0.015250,-0.004636,0.991494
2026-08-31T18:55:31.546382,2.279339,0.015494,-0.004880,0.991494
2026-08-31T18:55:31.577889,2.310846,0.016104,-0.004514,0.991250
2026-08-31T18:55:31.577978,2.310935,0.015372,-0.004514,0.991494
2026-08-31T18:55:31.606926,2.339883,0.015738,-0.004636,0.991494
2026-08-31T18:55:31.636927,2.369884,0.016104,-0.004270,0.991250
2026-08-31T18:55:31.636981,2.369938,0.016348,-0.004514,0.990884
2026-08-31T18:55:31.666423,2.399380,0.015738,-0.005002,0.991738
2026-08-31T18:55:31.698374,2.431331,0.015982,-0.004514,0.991250
2026-08-31T18:55:31.698456,2.431413,0.015982,-0.004270,0.991494
2026-08-31T18:55:31.726,2.458957,0.015738,-0.004880,0.991860
2026-08-31T18:55:31.757874,2.490831,0.015738,-0.004514,0.992104
2026-08-31T18:55:31.757966,2.490923,0.015494,-0.004270,0.991738
2026-08-31T18:55:31.786296,2.519253,0.015982,-0.004880,0.991250
2026-08-31T18:55:31.817420,2.550377,0.015250,-0.005002,0.991738
2026-08-31T18:55:31.817477,2.550434,0.015616,-0.005246,0.990762
2026-08-31T18:55:31.846332,2.579289,0.015616,-0.005002,0.991494
2026-08-31T18:55:31.877937,2.610894,0.016226,-0.004270,0.991372
2026-08-31T18:55:31.878030,2.610987,0.015738,-0.004636,0.991006
2026-08-31T18:55:31.906391,2.639348,0.015982,-0.005124,0.991372
2026-08-31T18:55:31.938384,2.671341,0.015372,-0.004514,0.991006
2026-08-31T18:55:31.938472,2.671429,0.015006,-0.004758,0.991494
2026-08-31T18:55:31.968160,2.701117,0.015738,-0.005002,0.991372
2026-08-31T18:55:32.001260,2.734217,0.015860,-0.004758,0.991250
2026-08-31T18:55:32.001330,2.734287,0.015006,-0.004636,0.991494
2026-08-31T18:55:32.028485,2.761442,0.015128,-0.004758,0.991616
2026-08-31T18:55:32.058109,2.791066,0.015250,-0.004636,0.992226
2026-08-31T18:55:32.058195,2.791152,0.015738,-0.004880,0.991494
2026-08-31T18:55:32.086168,2.819125,0.015250,-0.004392,0.990640
2026-08-31T18:55:32.117838,2.850795,0.015860,-0.004880,0.991006
2026-08-31T18:55:32.117936,2.850893,0.016226,-0.004758,0.990640
2026-08-31T18:55:32.145916,2.878873,0.015494,-0.005002,0.991738
2026-08-31T18:55:32.176386,2.909343,0.015616,-0.004758,0.991738
2026-08-31T18:55:32.207485,2.940442,0.015738,-0.004758,0.990640
2026-08-31T18:55:32.207573,2.940530,0.015250,-0.004758,0.991372
2026-08-31T18:55:32.236031,2.968988,0.016226,-0.004392,0.992226
2026-08-31T18:55:32.267955,3.000912,0.015006,-0.004880,0.991494
2026-08-31T18:55:32.268752,3.001709,0.015250,-0.004026,0.991128
2026-08-31T18:55:32.297886,3.030843,0.015372,-0.004514,0.991006
2026-08-31T18:55:32.327755,3.060712,0.015616,-0.004880,0.991250
2026-08-31T18:55:32.327843,3.060800,0.015494,-0.004758,0.991860
2026-08-31T18:55:32.356080,3.089037,0.015982,-0.004514,0.991372
2026-08-31T18:55:32.387208,3.120165,0.015616,-0.004514,0.991250
2026-08-31T18:55:32.387273,3.120230,0.015616,-0.004148,0.991372
2026-08-31T18:55:32.415875,3.148832,0.016592,-0.004270,0.991128
2026-08-31T18:55:32.448056,3.181013,0.015494,-0.004880,0.991006
2026-08-31T18:55:32.448115,3.181072,0.015494,-0.005612,0.991128
2026-08-31T18:55:32.476054,3.209011,0.015494,-0.004392,0.991494
2026-08-31T18:55:32.506933,3.239890,0.015860,-0.004880,0.991372
2026-08-31T18:55:32.537124,3.270081,0.015372,-0.004636,0.991372
2026-08-31T18:55:32.537970,3.270927,0.015982,-0.004880,0.991860
2026-08-31T18:55:32.568058,3.301015,0.015860,-0.004758,0.991250
2026-08-31T18:55:32.568147,3.301104,0.015860,-0.004636,0.991616
2026-08-31T18:55:32.596655,3.329612,0.015616,-0.004026,0.991494
2026-08-31T18:55:32.626714,3.359671,0.014884,-0.004758,0.991616
2026-08-31T18:55:32.656494,3.389451,0.015982,-0.004514,0.991616
2026-08-31T18:55:32.658405,3.391362,0.015494,-0.004636,0.991372
2026-08-31T18:55:32.688578,3.421535,0.015006,-0.004758,0.992104
2026-08-31T18:55:32.716787,3.449744,0.016104,-0.004148,0.991738
2026-08-31T18:55:32.748440,3.481397,0.016104,-0.004880,0.991372
2026-08-31T18:55:32.748513,3.481470,0.015982,-0.004270,0.991738
2026-08-31T18:55:32.776753,3.509710,0.015250,-0.004758,0.991494
2026-08-31T18:55:32.778514,3.511471,0.016104,-0.004636,0.991250
2026-08-31T18:55:32.808759,3.541716,0.015616,-0.004636,0.991006
2026-08-31T18:55:32.839078,3.572035,0.015738,-0.004514,0.991860
2026-08-31T18:55:32.839149,3.572106,0.015860,-0.004636,0.991494
2026-08-31T18:55:32.868698,3.601655,0.015494,-0.004758,0.991006
2026-08-31T18:55:32.898722,3.631679,0.016104,-0.005002,0.991250
2026-08-31T18:55:32.927891,3.660848,0.015372,-0.004392,0.991982
2026-08-31T18:55:32.927967,3.660924,0.015860,-0.004636,0.991494
2026-08-31T18:55:32.956272,3.689229,0.016348,-0.004758,0.991494
2026-08-31T18:55:32.987841,3.720798,0.015372,-0.005002,0.991494
2026-08-31T18:55:32.987923,3.720880,0.016470,-0.004514,0.990884
2026-08-31T18:55:33.016521,3.749478,0.015494,-0.004758,0.991860
2026-08-31T18:55:33.048826,3.781783,0.016104,-0.005124,0.991616
2026-08-31T18:55:33.048907,3.781864,0.015860,-0.005002,0.991616
2026-08-31T18:55:33.076392,3.809349,0.015250,-0.004758,0.991738
2026-08-31T18:55:33.107451,3.840408,0.015982,-0.004636,0.990884
2026-08-31T18:55:33.107520,3.840477,0.016348,-0.004758,0.991372
2026-08-31T18:55:33.136109,3.869066,0.016226,-0.004758,0.990884
2026-08-31T18:55:33.169218,3.902175,0.015616,-0.004514,0.991738
2026-08-31T18:55:33.169299,3.902256,0.015494,-0.004636,0.991372
2026-08-31T18:55:33.198723,3.931680,0.016348,-0.004758,0.991250
2026-08-31T18:55:33.227998,3.960955,0.015494,-0.005490,0.991372
2026-08-31T18:55:33.228070,3.961027,0.015860,-0.004270,0.991250
2026-08-31T18:55:33.256536,3.989493,0.015128,-0.004636,0.991738
2026-08-31T18:55:33.287895,4.020852,0.015494,-0.004880,0.991738
2026-08-31T18:55:33.287980,4.020937,0.015738,-0.004148,0.991860
2026-08-31T18:55:33.318120,4.051077,0.016226,-0.005246,0.990762
2026-08-31T18:55:33.346633,4.079590,0.016226,-0.004148,0.990762
2026-08-31T18:55:33.377958,4.110915,0.015616,-0.004758,0.991494
2026-08-31T18:55:33.378043,4.111000,0.016104,-0.004148,0.991006
2026-08-31T18:55:33.406149,4.139106,0.015250,-0.004514,0.991494
2026-08-31T18:55:33.437977,4.170934,0.015616,-0.004514,0.991128
2026-08-31T18:55:33.438064,4.171021,0.015372,-0.004758,0.990884
2026-08-31T18:55:33.466547,4.199504,0.015738,-0.004636,0.990640
2026-08-31T18:55:33.499690,4.232647,0.015738,-0.004758,0.991372
2026-08-31T18:55:33.499774,4.232731,0.016348,-0.004636,0.990762
2026-08-31T18:55:33.528516,4.261473,0.015494,-0.004880,0.991006
2026-08-31T18:55:33.558799,4.291756,0.015982,-0.004758,0.991494
2026-08-31T18:55:33.558854,4.291811,0.015738,-0.005002,0.991982
2026-08-31T18:55:33.586815,4.319772,0.016104,-0.004880,0.991738
2026-08-31T18:55:33.617417,4.350374,0.016104,-0.004880,0.992104
2026-08-31T18:55:33.617481,4.350438,0.015616,-0.005002,0.991494
2026-08-31T18:55:33.646373,4.379330,0.015738,-0.005002,0.991860
2026-08-31T18:55:33.678012,4.410969,0.016104,-0.005246,0.991372
2026-08-31T18:55:33.678103,4.411060,0.015982,-0.004636,0.990640
2026-08-31T18:55:33.706181,4.439138,0.015982,-0.004636,0.991006
2026-08-31T18:55:33.738014,4.470971,0.015494,-0.004514,0.991738
2026-08-31T18:55:33.738095,4.471052,0.015494,-0.004636,0.991372
2026-08-31T18:55:33.768108,4.501065,0.016348,-0.004758,0.990396
2026-08-31T18:55:33.798709,4.531666,0.015982,-0.004392,0.991250
2026-08-31T18:55:33.829484,4.562441,0.015738,-0.004270,0.990884
2026-08-31T18:55:33.829557,4.562514,0.016104,-0.004636,0.991494
2026-08-31T18:55:33.858713,4.591670,0.015616,-0.004270,0.990762
2026-08-31T18:55:33.887456,4.620413,0.016104,-0.004514,0.991006
2026-08-31T18:55:33.888618,4.621575,0.015982,-0.004514,0.990884
2026-08-31T18:55:33.918707,4.651664,0.015860,-0.005002,0.991372
2026-08-31T18:55:33.949757,4.682714,0.015372,-0.004392,0.990884
2026-08-31T18:55:33.949837,4.682794,0.015738,-0.005124,0.991250
2026-08-31T18:55:33.979470,4.712427,0.015616,-0.004636,0.991982
2026-08-31T18:55:33.979556,4.712513,0.015494,-0.004636,0.991372
2026-08-31T18:55:34.008777,4.741734,0.015982,-0.004148,0.991128
2026-08-31T18:55:34.039162,4.772119,0.016104,-0.004636,0.991006
2026-08-31T18:55:34.039229,4.772186,0.015738,-0.005002,0.991128
2026-08-31T18:55:34.068875,4.801832,0.015982,-0.004636,0.991738
2026-08-31T18:55:34.098837,4.831794,0.015860,-0.004758,0.991250
2026-08-31T18:55:34.129441,4.862398,0.015982,-0.005124,0.991128
2026-08-31T18:55:34.129539,4.862496,0.015738,-0.005124,0.991372
2026-08-31T18:55:34.158744,4.891701,0.015250,-0.004636,0.991494
2026-08-31T18:55:34.188102,4.921059,0.015860,-0.004392,0.991128
2026-08-31T18:55:34.188185,4.921142,0.016226,-0.004636,0.991616
2026-08-31T18:55:34.216409,4.949366,0.015494,-0.004514,0.991616
2026-08-31T18:55:34.247176,4.980133,0.015860,-0.004636,0.991738
2026-08-31T18:55:34.276805,5.009762,0.015616,-0.004758,0.990884
2026-08-31T18:55:34.276875,5.009832,0.015982,-0.004880,0.991616
2026-08-31T18:55:34.307018,5.039975,0.015738,-0.004758,0.991128
2026-08-31T18:55:34.307087,5.040044,0.015494,-0.004148,0.990884
2026-08-31T18:55:34.336013,5.068970,0.015982,-0.005002,0.991128
2026-08-31T18:55:34.367903,5.100860,0.015372,-0.005246,0.991738
2026-08-31T18:55:34.397646,5.130603,0.015494,-0.004636,0.990518
2026-08-31T18:55:34.397726,5.130683,0.015738,-0.005002,0.991982
2026-08-31T18:55:34.427304,5.160261,0.015982,-0.005002,0.990640
2026-08-31T18:55:34.427389,5.160346,0.015494,-0.004270,0.991128
2026-08-31T18:55:34.456156,5.189113,0.016226,-0.004880,0.991128
2026-08-31T18:55:34.487268,5.220225,0.015128,-0.004636,0.991128
2026-08-31T18:55:34.489069,5.222026,0.015494,-0.004392,0.991372
2026-08-31T18:55:34.518599,5.251556,0.016226,-0.004148,0.991250
2026-08-31T18:55:34.547160,5.280117,0.016348,-0.004636,0.991616
2026-08-31T18:55:34.577277,5.310234,0.015860,-0.004270,0.991372
2026-08-31T18:55:34.577359,5.310316,0.016226,-0.004758,0.990762
2026-08-31T18:55:34.607268,5.340225,0.015982,-0.004880,0.991372
2026-08-31T18:55:34.637596,5.370553,0.016104,-0.004514,0.991372
2026-08-31T18:55:34.637733,5.370690,0.016226,-0.004514,0.991006
2026-08-31T18:55:34.666429,5.399386,0.016226,-0.004636,0.991372
2026-08-31T18:55:34.697212,5.430169,0.016226,-0.004636,0.991128
2026-08-31T18:55:34.727818,5.460775,0.015616,-0.004514,0.991128
2026-08-31T18:55:34.727903,5.460860,0.015738,-0.004636,0.991250
2026-08-31T18:55:34.756037,5.488994,0.015738,-0.005124,0.991616
2026-08-31T18:55:34.786975,5.519932,0.015372,-0.005124,0.990640
2026-08-31T18:55:34.787022,5.519979,0.015616,-0.004880,0.991250
2026-08-31T18:55:34.815672,5.548629,0.015982,-0.005124,0.990762
2026-08-31T18:55:34.847720,5.580677,0.016592,-0.005002,0.991494
2026-08-31T18:55:34.847801,5.580758,0.016348,-0.004880,0.991494
2026-08-31T18:55:34.876190,5.609147,0.015616,-0.004636,0.991006
2026-08-31T18:55:34.907967,5.640924,0.015982,-0.004636,0.991128
2026-08-31T18:55:34.908048,5.641005,0.016836,-0.004514,0.991494
2026-08-31T18:55:34.936162,5.669119,0.016226,-0.004758,0.991738
2026-08-31T18:55:34.967671,5.700628,0.016226,-0.004758,0.990884
2026-08-31T18:55:34.997402,5.730359,0.015494,-0.004636,0.991006
2026-08-31T18:55:35.001854,5.734811,0.015860,-0.004514,0.990884
2026-08-31T18:55:35.026482,5.759439,0.015982,-0.004636,0.990884
2026-08-31T18:55:35.057948,5.790905,0.015982,-0.005002,0.991128
2026-08-31T18:55:35.058036,5.790993,0.015616,-0.004270,0.990884
2026-08-31T18:55:35.086142,5.819099,0.015250,-0.004392,0.991128
2026-08-31T18:55:35.117395,5.850352,0.015494,-0.004636,0.991372
2026-08-31T18:55:35.118475,5.851432,0.015616,-0.005002,0.991738
2026-08-31T18:55:35.147342,5.880299,0.016104,-0.004880,0.991128
2026-08-31T18:55:35.179592,5.912549,0.016104,-0.004636,0.991128
2026-08-31T18:55:35.179679,5.912636,0.015982,-0.005124,0.991128
2026-08-31T18:55:35.208739,5.941696,0.015982,-0.004392,0.991616
2026-08-31T18:55:35.239033,5.971990,0.015616,-0.004392,0.990518
2026-08-31T18:55:35.270037,6.002994,0.015982,-0.004148,0.991372
2026-08-31T18:55:35.270099,6.003056,0.015250,-0.004636,0.991494
2026-08-31T18:55:35.299469,6.032426,0.015738,-0.004392,0.991128
2026-08-31T18:55:35.299531,6.032488,0.015250,-0.004880,0.991006
2026-08-31T18:55:35.328334,6.061291,0.016104,-0.005002,0.990884
2026-08-31T18:55:35.357366,6.090323,0.015616,-0.004636,0.991372
2026-08-31T18:55:35.386913,6.119870,0.015738,-0.005124,0.991128
2026-08-31T18:55:35.386993,6.119950,0.015982,-0.004880,0.991128
2026-08-31T18:55:35.416051,6.149008,0.015982,-0.004636,0.991372
2026-08-31T18:55:35.447970,6.180927,0.015982,-0.005002,0.991494
2026-08-31T18:55:35.448050,6.181007,0.015494,-0.004636,0.991250
2026-08-31T18:55:35.476149,6.209106,0.016226,-0.004636,0.990884
2026-08-31T18:55:35.507821,6.240778,0.016226,-0.004392,0.991372
2026-08-31T18:55:35.507911,6.240868,0.015860,-0.004636,0.991128
2026-08-31T18:55:35.536166,6.269123,0.015128,-0.004758,0.991250
2026-08-31T18:55:35.567788,6.300745,0.016348,-0.004758,0.991128
2026-08-31T18:55:35.567871,6.300828,0.015616,-0.004392,0.991616
2026-08-31T18:55:35.599226,6.332183,0.016226,-0.004636,0.990396
2026-08-31T18:55:35.626701,6.359658,0.015982,-0.004880,0.990884
2026-08-31T18:55:35.657901,6.390858,0.016226,-0.005368,0.991372
2026-08-31T18:55:35.657989,6.390946,0.015860,-0.004636,0.991372
2026-08-31T18:55:35.686250,6.419207,0.015372,-0.004758,0.991372
2026-08-31T18:55:35.717688,6.450645,0.016104,-0.004880,0.991494
2026-08-31T18:55:35.717771,6.450728,0.015860,-0.005124,0.991372
2026-08-31T18:55:35.745618,6.478575,0.015982,-0.004636,0.990640
2026-08-31T18:55:35.777945,6.510902,0.015860,-0.004636,0.991860
2026-08-31T18:55:35.778033,6.510990,0.016226,-0.004270,0.990762
2026-08-31T18:55:35.805968,6.538925,0.015860,-0.004392,0.991128
2026-08-31T18:55:35.837047,6.570004,0.016104,-0.004880,0.990274
2026-08-31T18:55:35.867388,6.600345,0.015982,-0.005124,0.991860
2026-08-31T18:55:35.868472,6.601429,0.015982,-0.004148,0.991250
2026-08-31T18:55:35.898924,6.631881,0.016104,-0.004148,0.991250
2026-08-31T18:55:35.928655,6.661612,0.016226,-0.005002,0.991128
2026-08-31T18:55:35.928718,6.661675,0.015616,-0.004880,0.990884
2026-08-31T18:55:35.958459,6.691416,0.015860,-0.004880,0.991616
2026-08-31T18:55:35.987151,6.720108,0.016104,-0.004148,0.990884
2026-08-31T18:55:35.988303,6.721260,0.016470,-0.004880,0.991738
2026-08-31T18:55:36.018727,6.751684,0.016348,-0.004148,0.991250
2026-08-31T18:55:36.049974,6.782931,0.015982,-0.004880,0.990884
2026-08-31T18:55:36.050045,6.783002,0.016226,-0.004758,0.990762
2026-08-31T18:55:36.078681,6.811638,0.016104,-0.004758,0.990518
2026-08-31T18:55:36.109683,6.842640,0.016470,-0.004880,0.991128
2026-08-31T18:55:36.109773,6.842730,0.016104,-0.004392,0.991006
2026-08-31T18:55:36.138802,6.871759,0.016348,-0.004148,0.990518
2026-08-31T18:55:36.169143,6.902100,0.016592,-0.004758,0.991006
2026-08-31T18:55:36.199784,6.932741,0.015860,-0.004758,0.991006
2026-08-31T18:55:36.199843,6.932800,0.016348,-0.004514,0.990274
2026-08-31T18:55:36.229864,6.962821,0.015494,-0.005124,0.990640
2026-08-31T18:55:36.229940,6.962897,0.015738,-0.004880,0.991616
2026-08-31T18:55:36.259020,6.991977,0.016470,-0.005124,0.991616
2026-08-31T18:55:36.288720,7.021677,0.016348,-0.004758,0.991128
2026-08-31T18:55:36.318132,7.051089,0.015860,-0.004514,0.991250
2026-08-31T18:55:36.318215,7.051172,0.016348,-0.004514,0.991372
2026-08-31T18:55:36.347155,7.080112,0.015982,-0.004514,0.991250
2026-08-31T18:55:36.349886,7.082843,0.015738,-0.004392,0.991372
2026-08-31T18:55:36.378681,7.111638,0.015738,-0.004392,0.991738
2026-08-31T18:55:36.406905,7.139862,0.016226,-0.004514,0.991250
2026-08-31T18:55:36.437194,7.170151,0.016714,-0.005368,0.991494
2026-08-31T18:55:36.437256,7.170213,0.015860,-0.004758,0.991738
2026-08-31T18:55:36.466697,7.199654,0.016470,-0.004392,0.991738
2026-08-31T18:55:36.497228,7.230185,0.015860,-0.004270,0.991372
2026-08-31T18:55:36.527817,7.260774,0.015982,-0.004880,0.991250
2026-08-31T18:55:36.527904,7.260861,0.016104,-0.004636,0.991616
2026-08-31T18:55:36.557313,7.290270,0.015738,-0.004758,0.990640
2026-08-31T18:55:36.557404,7.290361,0.015982,-0.005002,0.990762
2026-08-31T18:55:36.586418,7.319375,0.016592,-0.005002,0.991250
2026-08-31T18:55:36.617595,7.350552,0.016104,-0.004880,0.991372
2026-08-31T18:55:36.617671,7.350628,0.015860,-0.004758,0.991616
2026-08-31T18:55:36.650279,7.383236,0.016226,-0.005246,0.991006
2026-08-31T18:55:36.678398,7.411355,0.015738,-0.004514,0.991616
2026-08-31T18:55:36.707701,7.440658,0.015250,-0.005002,0.991372
2026-08-31T18:55:36.707765,7.440722,0.015860,-0.004758,0.991006
2026-08-31T18:55:36.735919,7.468876,0.015982,-0.004880,0.991616
2026-08-31T18:55:36.767333,7.500290,0.016470,-0.004514,0.991616
2026-08-31T18:55:36.768113,7.501070,0.015616,-0.005368,0.991250
2026-08-31T18:55:36.796064,7.529021,0.017080,-0.005124,0.990518
2026-08-31T18:55:36.827812,7.560769,0.016104,-0.004636,0.991006
2026-08-31T18:55:36.827896,7.560853,0.016104,-0.004758,0.991494
2026-08-31T18:55:36.856113,7.589070,0.015006,-0.004636,0.991006
2026-08-31T18:55:36.887446,7.620403,0.016226,-0.004880,0.991372
2026-08-31T18:55:36.887503,7.620460,0.016104,-0.004148,0.991250
2026-08-31T18:55:36.916514,7.649471,0.015616,-0.004880,0.991982
2026-08-31T18:55:36.946825,7.679782,0.016714,-0.005246,0.991372
2026-08-31T18:55:36.977326,7.710283,0.015372,-0.005246,0.991128
2026-08-31T18:55:36.979110,7.712067,0.015616,-0.004392,0.990884
2026-08-31T18:55:37.008761,7.741718,0.015494,-0.004514,0.990762
2026-08-31T18:55:37.039845,7.772802,0.015860,-0.004758,0.991616
2026-08-31T18:55:37.039933,7.772890,0.015982,-0.004880,0.991860
2026-08-31T18:55:37.069110,7.802067,0.016470,-0.004758,0.991128
2026-08-31T18:55:37.099407,7.832364,0.015982,-0.004514,0.991250
2026-08-31T18:55:37.127972,7.860929,0.016592,-0.004880,0.991250
2026-08-31T18:55:37.128055,7.861012,0.016104,-0.004514,0.991494
2026-08-31T18:55:37.157337,7.890294,0.016348,-0.004148,0.991372
2026-08-31T18:55:37.157413,7.890370,0.016592,-0.005002,0.991494
2026-08-31T18:55:37.185340,7.918297,0.015860,-0.004514,0.991982
2026-08-31T18:55:37.216520,7.949477,0.016104,-0.004514,0.991006
2026-08-31T18:55:37.246807,7.979764,0.016836,-0.004514,0.991494
2026-08-31T18:55:37.246871,7.979828,0.016104,-0.005002,0.991372
2026-08-31T18:55:37.275892,8.008849,0.016592,-0.004880,0.991128
2026-08-31T18:55:37.307747,8.040704,0.015738,-0.005124,0.991860
2026-08-31T18:55:37.307834,8.040791,0.016470,-0.004758,0.991372
2026-08-31T18:55:37.336549,8.069506,0.016226,-0.004636,0.991128
2026-08-31T18:55:37.367304,8.100261,0.016470,-0.004636,0.990518
2026-08-31T18:55:37.397409,8.130366,0.016104,-0.004148,0.991128
2026-08-31T18:55:37.397493,8.130450,0.016104,-0.004880,0.991372
2026-08-31T18:55:37.428542,8.161499,0.015250,-0.005002,0.991616
2026-08-31T18:55:37.459253,8.192210,0.015860,-0.004636,0.991982
2026-08-31T18:55:37.459312,8.192269,0.015860,-0.004392,0.991494
2026-08-31T18:55:37.488711,8.221668,0.016226,-0.005124,0.990762
2026-08-31T18:55:37.518072,8.251029,0.016470,-0.004880,0.991494
2026-08-31T18:55:37.518194,8.251151,0.015738,-0.004880,0.991372
2026-08-31T18:55:37.546270,8.279227,0.015494,-0.004758,0.991860
2026-08-31T18:55:37.577878,8.310835,0.016348,-0.004392,0.991738
2026-08-31T18:55:37.577967,8.310924,0.016226,-0.005490,0.991006
2026-08-31T18:55:37.606015,8.338972,0.015616,-0.004636,0.991372
2026-08-31T18:55:37.637162,8.370119,0.015738,-0.004392,0.991616
2026-08-31T18:55:37.638433,8.371390,0.016470,-0.004880,0.991372
2026-08-31T18:55:37.669298,8.402255,0.016470,-0.004636,0.991494
2026-08-31T18:55:37.698893,8.431850,0.016226,-0.004880,0.990762
2026-08-31T18:55:37.727413,8.460370,0.015860,-0.004636,0.990884
2026-08-31T18:55:37.729331,8.462288,0.016104,-0.005124,0.991494
2026-08-31T18:55:37.758737,8.491694,0.016104,-0.004514,0.990884
2026-08-31T18:55:37.789812,8.522769,0.015860,-0.004392,0.991616
2026-08-31T18:55:37.789903,8.522860,0.015616,-0.004636,0.991616
2026-08-31T18:55:37.818667,8.551624,0.015616,-0.004758,0.991250
2026-08-31T18:55:37.847362,8.580319,0.016104,-0.004880,0.991860
2026-08-31T18:55:37.848624,8.581581,0.016348,-0.004636,0.990640
2026-08-31T18:55:37.878835,8.611792,0.015860,-0.004880,0.991006
2026-08-31T18:55:37.909091,8.642048,0.016104,-0.004636,0.991372
2026-08-31T18:55:37.909157,8.642114,0.016226,-0.004392,0.991006
2026-08-31T18:55:37.938620,8.671577,0.016104,-0.004758,0.991372
2026-08-31T18:55:37.969557,8.702514,0.015982,-0.005124,0.991372
2026-08-31T18:55:37.969625,8.702582,0.015616,-0.004392,0.991738
2026-08-31T18:55:37.999716,8.732673,0.016226,-0.004880,0.990762
2026-08-31T18:55:38.027052,8.760009,0.015860,-0.004392,0.991494
2026-08-31T18:55:38.057057,8.790014,0.015738,-0.005002,0.990396
2026-08-31T18:55:38.057149,8.790106,0.007076,-0.000976,0.992592
2026-08-31T18:55:38.086373,8.819330,0.024400,-0.011468,0.983076
2026-08-31T18:55:38.117711,8.850668,-0.071614,0.116876,1.003938
2026-08-31T18:55:38.117790,8.850747,-0.206668,-0.240096,0.983564
2026-08-31T18:55:38.145501,8.878458,0.493002,0.082594,1.014308
2026-08-31T18:55:38.177469,8.910426,0.008418,-0.024034,0.987834
2026-08-31T18:55:38.177537,8.910494,-0.009760,-0.023546,0.970144
2026-08-31T18:55:38.205686,8.938643,0.006466,-0.000610,0.985272
2026-08-31T18:55:38.238140,8.971097,0.015982,-0.003660,0.992836
2026-08-31T18:55:38.238214,8.971171,0.042090,-0.033184,0.978928
2026-08-31T18:55:38.269423,9.002380,0.023424,0.000488,1.005036
2026-08-31T18:55:38.300349,9.033306,0.007320,0.010980,0.985028
2026-08-31T18:55:38.300422,9.033379,-0.005490,0.001830,0.990884
2026-08-31T18:55:38.328704,9.061661,0.010980,-0.006588,0.986492
2026-08-31T18:55:38.358767,9.091724,0.011590,-0.003294,0.996496
2026-08-31T18:55:38.389205,9.122162,0.014396,-0.003538,0.991982
2026-08-31T18:55:38.389272,9.122229,0.015250,-0.002318,0.990152
2026-08-31T18:55:38.418350,9.151307,0.013054,-0.003782,0.995032
2026-08-31T18:55:38.447774,9.180731,0.008662,-0.010858,0.991860
2026-08-31T18:55:38.447861,9.180818,0.017934,-0.004880,0.986614
2026-08-31T18:55:38.476324,9.209281,0.034770,-0.021838,0.998204
2026-08-31T18:55:38.507778,9.240735,0.016714,-0.008906,0.987834
2026-08-31T18:55:38.507863,9.240820,0.020130,-0.002074,0.995276
2026-08-31T18:55:38.536087,9.269044,0.011834,-0.002440,0.987834
2026-08-31T18:55:38.568223,9.301180,0.019032,-0.005490,0.992470
2026-08-31T18:55:38.568337,9.301294,0.014884,-0.003294,0.990640
2026-08-31T18:55:38.595999,9.328956,0.016592,-0.005734,0.990640
2026-08-31T18:55:38.627449,9.360406,0.017446,-0.004026,0.992958
2026-08-31T18:55:38.627508,9.360465,0.015860,-0.004270,0.990762
2026-08-31T18:55:38.655819,9.388776,0.016714,-0.005002,0.990884
2026-08-31T18:55:38.686474,9.419431,0.022448,-0.006222,0.995032
2026-08-31T18:55:38.717429,9.450386,0.012566,-0.005856,0.988932
2026-08-31T18:55:38.718604,9.451561,0.014030,-0.002806,0.989054
2026-08-31T18:55:38.750696,9.483653,0.013908,-0.003294,0.990762
2026-08-31T18:55:38.750774,9.483731,0.017446,-0.007808,0.993202
2026-08-31T18:55:38.778792,9.511749,0.017202,-0.002440,0.991860
2026-08-31T18:55:38.808823,9.541780,0.015494,-0.004148,0.987224
2026-08-31T18:55:38.839547,9.572504,0.018300,-0.004270,0.994422
2026-08-31T18:55:38.839622,9.572579,0.019154,-0.006588,0.990396
2026-08-31T18:55:38.869091,9.602048,0.016592,-0.004270,0.990518
2026-08-31T18:55:38.900135,9.633092,0.017202,-0.004148,0.991616
2026-08-31T18:55:38.900328,9.633285,0.017446,-0.004758,0.991128
2026-08-31T18:55:38.928675,9.661632,0.017324,-0.004148,0.990884
2026-08-31T18:55:38.957274,9.690231,0.017812,-0.004636,0.991372
2026-08-31T18:55:38.987404,9.720361,0.016226,-0.004636,0.991250
2026-08-31T18:55:38.987476,9.720433,0.016348,-0.004392,0.990762
2026-08-31T18:55:39.016881,9.749838,0.019154,-0.006344,0.993690
2026-08-31T18:55:39.046903,9.779860,0.014396,-0.004636,0.988444
2026-08-31T18:55:39.077991,9.810948,0.015982,-0.004636,0.990152
2026-08-31T18:55:39.078077,9.811034,0.016226,-0.003294,0.990762
2026-08-31T18:55:39.107145,9.840102,0.015860,-0.005246,0.991494
2026-08-31T18:55:39.107212,9.840169,0.016470,-0.004636,0.991372
2026-08-31T18:55:39.135535,9.868492,0.015982,-0.005246,0.992104
2026-08-31T18:55:39.167180,9.900137,0.017446,-0.006344,0.991738
2026-08-31T18:55:39.167824,9.900781,0.015616,-0.005856,0.989786
2026-08-31T18:55:39.196384,9.929341,0.016470,-0.004026,0.991616
2026-08-31T18:55:39.229597,9.962554,0.015372,-0.003660,0.991738
2026-08-31T18:55:39.229692,9.962649,0.016104,-0.004270,0.991128
2026-08-31T18:55:39.258833,9.991790,0.015128,-0.004026,0.989908
2026-08-31T18:55:39.288813,10.021770,0.015372,-0.003538,0.991738
2026-08-31T18:55:39.318192,10.051149,0.015982,-0.003904,0.990030
2026-08-31T18:55:39.318273,10.051230,0.015494,-0.003904,0.991494
2026-08-31T18:55:39.347371,10.080328,0.016348,-0.004880,0.991616
2026-08-31T18:55:39.347459,10.080416,0.016470,-0.005246,0.992470
2026-08-31T18:55:39.375913,10.108870,0.016592,-0.004026,0.990030
2026-08-31T18:55:39.406467,10.139424,0.016836,-0.004880,0.991616
2026-08-31T18:55:39.438127,10.171084,0.015494,-0.004026,0.990152
2026-08-31T18:55:39.438208,10.171165,0.014396,-0.003050,0.991250
2026-08-31T18:55:39.466880,10.199837,0.016226,-0.007076,0.991738
2026-08-31T18:55:39.497857,10.230814,0.018666,-0.004514,0.992592
2026-08-31T18:55:39.497969,10.230926,0.018910,-0.005124,0.992104
2026-08-31T18:55:39.526135,10.259092,0.019154,-0.005490,0.993446
2026-08-31T18:55:39.557888,10.290845,0.014274,-0.005002,0.989298
2026-08-31T18:55:39.557972,10.290929,0.013908,-0.003294,0.990274
2026-08-31T18:55:39.586367,10.319324,0.014518,-0.004392,0.989542
2026-08-31T18:55:39.616468,10.349425,0.008052,-0.019276,0.950746
2026-08-31T18:55:39.647422,10.380379,0.016348,-0.009272,0.981246
2026-08-31T18:55:39.647489,10.380446,0.061244,0.012200,1.030412
2026-08-31T18:55:39.677654,10.410611,0.018056,-0.003782,0.993690
2026-08-31T18:55:39.677741,10.410698,0.027328,0.012322,0.996008
2026-08-31T18:55:39.706023,10.438980,0.023546,-0.003172,1.012722
2026-08-31T18:55:39.737471,10.470428,0.057828,0.028304,1.044442
2026-08-31T18:55:39.768064,10.501021,-0.048556,-0.069296,0.854122
2026-08-31T18:55:39.768161,10.501118,0.003904,-0.016714,1.062864
2026-08-31T18:55:39.796180,10.529137,-0.023790,-0.022204,0.958066
2026-08-31T18:55:39.827356,10.560313,0.031476,0.007442,1.018944
2026-08-31T18:55:39.828378,10.561335,0.008784,-0.011224,0.975878
2026-08-31T18:55:39.858484,10.591441,0.022814,-0.000610,1.000034
2026-08-31T18:55:39.887620,10.620577,0.015250,-0.009150,0.982832
2026-08-31T18:55:39.887687,10.620644,0.018300,-0.001220,0.995276
2026-08-31T18:55:39.916866,10.649823,0.014762,-0.004758,0.988688
2026-08-31T18:55:39.916920,10.649877,0.017812,-0.004880,0.992348
2026-08-31T18:55:39.946844,10.679801,0.017080,-0.006710,0.989298
2026-08-31T18:55:39.977031,10.709988,0.019276,-0.005612,0.992592
2026-08-31T18:55:40.007775,10.740732,0.017568,-0.005002,0.990884
2026-08-31T18:55:40.007861,10.740818,0.017202,-0.004636,0.990518
2026-08-31T18:55:40.036046,10.769003,0.017080,-0.004148,0.990884
2026-08-31T18:55:40.067583,10.800540,-0.075518,-0.034038,1.003328
2026-08-31T18:55:40.068734,10.801691,0.008662,-0.010248,0.972706
2026-08-31T18:55:40.099108,10.832065,0.023668,0.000244,0.986492
2026-08-31T18:55:40.128667,10.861624,0.018422,-0.003294,0.990640
2026-08-31T18:55:40.158039,10.890996,0.018666,-0.004758,0.994422
2026-08-31T18:55:40.158130,10.891087,0.019886,-0.006222,0.994300
2026-08-31T18:55:40.186734,10.919691,0.019154,-0.004758,0.992348
2026-08-31T18:55:40.188018,10.920975,0.019520,-0.005490,0.993690
2026-08-31T18:55:40.217026,10.949983,0.018910,-0.005490,0.993446
2026-08-31T18:55:40.247159,10.980116,0.019642,-0.005368,0.994544
2026-08-31T18:55:40.248753,10.981710,0.020374,-0.005612,0.993202
2026-08-31T18:55:40.278814,11.011771,0.019642,-0.005856,0.993568
2026-08-31T18:55:40.307384,11.040341,0.018300,-0.009516,0.976244
2026-08-31T18:55:40.308473,11.041430,0.017324,-0.009272,0.978684
2026-08-31T18:55:40.338479,11.071436,0.017568,-0.004392,0.992592
2026-08-31T18:55:40.369438,11.102395,0.018300,-0.004026,0.978806
2026-08-31T18:55:40.369498,11.102455,0.020252,-0.005124,0.993568
2026-08-31T18:55:40.399004,11.131961,0.020740,-0.005856,0.994666
2026-08-31T18:55:40.427432,11.160389,0.016958,-0.003294,0.991738
2026-08-31T18:55:40.457259,11.190216,0.011468,-0.000366,0.987590
2026-08-31T18:55:40.457344,11.190301,-0.012200,-0.002684,0.955626
2026-08-31T18:55:40.486250,11.219207,-0.030500,-0.010736,0.980392
2026-08-31T18:55:40.520894,11.253851,-0.093452,-0.029036,0.968924
2026-08-31T18:55:40.520955,11.253912,0.082716,-0.011956,1.031510
2026-08-31T18:55:40.545888,11.278845,0.222894,0.008174,1.051884
2026-08-31T18:55:40.577070,11.310027,0.042212,0.002928,1.009306
2026-08-31T18:55:40.577121,11.310078,0.028304,-0.010370,0.992470
2026-08-31T18:55:40.605333,11.338290,0.023058,-0.007320,0.987468
2026-08-31T18:55:40.638081,11.371038,0.027328,-0.012200,0.984540
2026-08-31T18:55:40.638169,11.371126,0.026718,-0.009394,0.983198
2026-08-31T18:55:40.667195,11.400152,0.016348,-0.006588,0.985760
2026-08-31T18:55:40.697437,11.430394,0.001708,-0.006344,0.984662
2026-08-31T18:55:40.697513,11.430470,-0.007198,-0.005734,0.982588
2026-08-31T18:55:40.726159,11.459116,0.001342,-0.004636,0.991250
2026-08-31T18:55:40.758290,11.491247,0.017446,-0.006588,0.988688
2026-08-31T18:55:40.758368,11.491325,0.013176,-0.002318,0.976976
2026-08-31T18:55:40.786805,11.519762,-0.000732,0.005124,0.998692
2026-08-31T18:55:40.816560,11.549517,-0.045872,-0.006466,0.940132
2026-08-31T18:55:40.847849,11.580806,-0.083204,0.001220,0.977342
2026-08-31T18:55:40.847940,11.580897,-0.076860,-0.046848,1.048224
2026-08-31T18:55:40.876210,11.609167,0.292922,-0.011956,1.056154
2026-08-31T18:55:40.907958,11.640915,0.087474,0.012688,1.018090
2026-08-31T18:55:40.908030,11.640987,0.046970,-0.020496,0.997960
2026-08-31T18:55:40.936114,11.669071,0.056120,-0.012566,0.977342
2026-08-31T18:55:40.970371,11.703328,0.025742,-0.004880,0.973682
2026-08-31T18:55:40.970447,11.703404,-0.020862,-0.018422,0.982832
2026-08-31T18:55:40.998759,11.731716,0.000000,-0.010370,0.979416
2026-08-31T18:55:41.028101,11.761058,-0.017202,0.002806,0.977586
2026-08-31T18:55:41.028185,11.761142,-0.013664,-0.000488,0.987468
2026-08-31T18:55:41.056243,11.789200,0.019520,-0.007320,0.989176
2026-08-31T18:55:41.087846,11.820803,0.009394,-0.003416,0.987834
2026-08-31T18:55:41.087921,11.820878,0.015494,-0.006344,0.988932
2026-08-31T18:55:41.117392,11.850349,0.015250,-0.005612,0.983930
2026-08-31T18:55:41.147790,11.880747,-0.007076,0.000610,0.957334
2026-08-31T18:55:41.147882,11.880839,-0.030378,-0.003172,0.979904
2026-08-31T18:55:41.176122,11.909079,-0.057462,-0.004392,0.977586
2026-08-31T18:55:41.207775,11.940732,-0.025498,-0.036112,1.006500
2026-08-31T18:55:41.207861,11.940818,0.178730,-0.000122,1.035048
2026-08-31T18:55:41.238864,11.971821,0.041236,0.002074,1.010160
2026-08-31T18:55:41.269562,12.002519,0.039406,-0.004880,0.999058
2026-08-31T18:55:41.269625,12.002582,0.027938,-0.013420,0.986736
2026-08-31T18:55:41.298630,12.031587,0.026230,-0.009516,0.982710
2026-08-31T18:55:41.328042,12.060999,-0.010614,-0.001830,0.982100
2026-08-31T18:55:41.328120,12.061077,0.009516,-0.008174,0.983198
2026-08-31T18:55:41.356608,12.089565,0.005124,-0.007198,0.981978
2026-08-31T18:55:41.386993,12.119950,0.000244,-0.005368,0.982954
2026-08-31T18:55:41.417397,12.150354,0.013298,-0.006588,0.985394
2026-08-31T18:55:41.419424,12.152381,0.015494,-0.005002,0.989908
2026-08-31T18:55:41.449069,12.182026,0.016348,-0.005246,0.988566
2026-08-31T18:55:41.477617,12.210574,0.018300,-0.006954,0.992958
2026-08-31T18:55:41.477692,12.210649,0.022692,-0.007198,0.993690
2026-08-31T18:55:41.505890,12.238847,0.020252,-0.007198,0.992714
2026-08-31T18:55:41.537410,12.270367,0.020496,-0.008662,0.992104
2026-08-31T18:55:41.539439,12.272396,0.021716,-0.005978,0.996008
2026-08-31T18:55:41.569211,12.302168,0.025498,-0.004758,0.997716
2026-08-31T18:55:41.570083,12.303040,0.022326,-0.005978,0.994666
2026-08-31T18:55:41.596919,12.329876,0.017324,-0.005124,0.986736
2026-08-31T18:55:41.627944,12.360901,0.014640,-0.007442,0.989664
2026-08-31T18:55:41.628021,12.360978,0.015738,-0.009028,0.987590
2026-08-31T18:55:41.656128,12.389085,0.019886,-0.007198,0.992958
2026-08-31T18:55:41.686873,12.419830,0.021594,-0.005124,0.990274
2026-08-31T18:55:41.719694,12.452651,0.019642,-0.005246,0.990030
2026-08-31T18:55:41.719788,12.452745,0.015738,-0.006344,0.989908
2026-08-31T18:55:41.746139,12.479096,0.016958,-0.008296,0.989664
2026-08-31T18:55:41.777387,12.510344,0.019032,-0.009394,0.992592
2026-08-31T18:55:41.778436,12.511393,0.021350,-0.005246,0.991128
2026-08-31T18:55:41.808609,12.541566,0.019276,-0.005002,0.993446
2026-08-31T18:55:41.838243,12.571200,0.020252,-0.007930,0.993080
2026-08-31T18:55:41.838317,12.571274,0.020008,-0.008296,0.993080
2026-08-31T18:55:41.867717,12.600674,0.021228,-0.006832,0.991616
2026-08-31T18:55:41.897445,12.630402,0.020008,-0.007076,0.991372
2026-08-31T18:55:41.898577,12.631534,0.018788,-0.006466,0.990152
2026-08-31T18:55:41.928374,12.661331,0.017324,-0.005002,0.989298
2026-08-31T18:55:41.959736,12.692693,0.016714,-0.006100,0.989908
2026-08-31T18:55:41.959817,12.692774,0.016958,-0.006466,0.988810
2026-08-31T18:55:41.988945,12.721902,0.017446,-0.006710,0.991128
2026-08-31T18:55:42.018952,12.751909,0.018910,-0.007076,0.991250
2026-08-31T18:55:42.050156,12.783113,0.019886,-0.006466,0.989908
2026-08-31T18:55:42.050239,12.783196,0.018300,-0.006222,0.991372
2026-08-31T18:55:42.078846,12.811803,0.019642,-0.005734,0.991128
2026-08-31T18:55:42.107940,12.840897,0.020130,-0.006832,0.992592
2026-08-31T18:55:42.108027,12.840984,0.020496,-0.006344,0.991372
2026-08-31T18:55:42.136781,12.869738,0.018422,-0.005124,0.990640
2026-08-31T18:55:42.168271,12.901228,0.017812,-0.007442,0.991494
2026-08-31T18:55:42.168350,12.901307,0.018178,-0.007930,0.990762
2026-08-31T18:55:42.196265,12.929222,0.019276,-0.006466,0.991250
2026-08-31T18:55:42.227145,12.960102,0.020252,-0.006710,0.991982
2026-08-31T18:55:42.227217,12.960174,0.019276,-0.005856,0.991616
2026-08-31T18:55:42.255592,12.988549,0.018666,-0.006222,0.991982
2026-08-31T18:55:42.286934,13.019891,0.020252,-0.005734,0.991738
2026-08-31T18:55:42.286981,13.019938,0.019520,-0.005490,0.992348
2026-08-31T18:55:42.316107,13.049064,0.019276,-0.005612,0.991494
2026-08-31T18:55:42.347967,13.080924,0.018666,-0.006588,0.991128
2026-08-31T18:55:42.348052,13.081009,0.017934,-0.005978,0.991372
2026-08-31T18:55:42.376539,13.109496,0.018910,-0.006100,0.990884
2026-08-31T18:55:42.408018,13.140975,0.019276,-0.005490,0.990762
2026-08-31T18:55:42.408101,13.141058,0.019154,-0.005734,0.990640
2026-08-31T18:55:42.436264,13.169221,0.017690,-0.006954,0.990030
2026-08-31T18:55:42.469088,13.202045,0.019642,-0.006710,0.991860
2026-08-31T18:55:42.469170,13.202127,0.019520,-0.005734,0.991982
2026-08-31T18:55:42.496191,13.229148,0.020008,-0.004758,0.991738
2026-08-31T18:55:42.527523,13.260480,0.019520,-0.005612,0.988932
2026-08-31T18:55:42.527589,13.260546,0.018300,-0.005612,0.987834
2026-08-31T18:55:42.555888,13.288845,0.017568,-0.006710,0.990884
2026-08-31T18:55:42.587884,13.320841,0.017690,-0.005368,0.990762
2026-08-31T18:55:42.587962,13.320919,0.018666,-0.005246,0.990762
2026-08-31T18:55:42.617894,13.350851,0.019032,-0.004880,0.990152
2026-08-31T18:55:42.647402,13.380359,0.017202,-0.004636,0.990762
2026-08-31T18:55:42.647483,13.380440,0.017568,-0.006832,0.991738
2026-08-31T18:55:42.677449,13.410406,0.019398,-0.005368,0.990640
2026-08-31T18:55:42.705507,13.438464,0.020984,-0.004880,0.990640
2026-08-31T18:55:42.737607,13.470564,0.020008,-0.003904,0.991128
2026-08-31T18:55:42.737682,13.470639,0.021228,-0.005124,0.990640
2026-08-31T18:55:42.768611,13.501568,0.017568,-0.005490,0.991982
2026-08-31T18:55:42.768774,13.501731,0.016470,-0.004758,0.990762
2026-08-31T18:55:42.796315,13.529272,0.017812,-0.005002,0.990274
2026-08-31T18:55:42.826953,13.559910,0.019154,-0.003660,0.990396
2026-08-31T18:55:42.828270,13.561227,0.020252,-0.004636,0.991738
2026-08-31T18:55:42.858565,13.591522,0.020008,-0.006100,0.991250
2026-08-31T18:55:42.887728,13.620685,0.018910,-0.005490,0.991250
2026-08-31T18:55:42.887818,13.620775,0.018910,-0.005490,0.991860
2026-08-31T18:55:42.916531,13.649488,0.019764,-0.005124,0.990762
2026-08-31T18:55:42.947514,13.680471,0.020130,-0.004880,0.990518
2026-08-31T18:55:42.947581,13.680538,0.019032,-0.005002,0.990152
2026-08-31T18:55:42.977019,13.709976,0.018910,-0.005734,0.991494
2026-08-31T18:55:43.005863,13.738820,0.019032,-0.005856,0.991494
2026-08-31T18:55:43.037955,13.770912,0.018788,-0.005368,0.990396
2026-08-31T18:55:43.038029,13.770986,0.020130,-0.004758,0.990884
2026-08-31T18:55:43.069136,13.802093,0.020008,-0.004270,0.990518
2026-08-31T18:55:43.100255,13.833212,0.017324,-0.003538,0.990396
2026-08-31T18:55:43.100345,13.833302,0.019154,-0.005246,0.991128
2026-08-31T18:55:43.128771,13.861728,0.020008,-0.006222,0.991494
2026-08-31T18:55:43.159890,13.892847,0.020496,-0.004392,0.990274
2026-08-31T18:55:43.159973,13.892930,0.019398,-0.005002,0.990030
2026-08-31T18:55:43.188475,13.921432,0.018178,-0.004880,0.990518
2026-08-31T18:55:43.218938,13.951895,0.017080,-0.004148,0.990518
2026-08-31T18:55:43.219081,13.952038,0.019520,-0.005368,0.991128
2026-08-31T18:55:43.248692,13.981649,0.020252,-0.005612,0.991006
2026-08-31T18:55:43.279892,14.012849,0.020618,-0.005002,0.990518
2026-08-31T18:55:43.279976,14.012933,0.020252,-0.005002,0.990152
2026-08-31T18:55:43.308625,14.041582,0.019276,-0.005490,0.990884
2026-08-31T18:55:43.338926,14.071883,0.019520,-0.004880,0.991494
2026-08-31T18:55:43.369710,14.102667,0.019154,-0.005124,0.991006
2026-08-31T18:55:43.370530,14.103487,0.020130,-0.005124,0.991128
2026-08-31T18:55:43.399221,14.132178,0.020496,-0.005734,0.991250
2026-08-31T18:55:43.399301,14.132258,0.018300,-0.005368,0.991128
2026-08-31T18:55:43.428555,14.161512,0.017934,-0.005124,0.991494
2026-08-31T18:55:43.458556,14.191513,0.018910,-0.005124,0.990884
2026-08-31T18:55:43.489734,14.222691,0.019642,-0.005124,0.991128
2026-08-31T18:55:43.489845,14.222802,0.018910,-0.005124,0.990518
2026-08-31T18:55:43.518839,14.251796,0.018910,-0.005246,0.991128
2026-08-31T18:55:43.550110,14.283067,0.018788,-0.005124,0.991250
2026-08-31T18:55:43.550194,14.283151,0.019764,-0.005368,0.991006
2026-08-31T18:55:43.578882,14.311839,0.019032,-0.004514,0.990762
2026-08-31T18:55:43.607496,14.340453,0.019154,-0.004636,0.990640
2026-08-31T18:55:43.637270,14.370227,0.019032,-0.004514,0.990640
2026-08-31T18:55:43.637342,14.370299,0.018422,-0.005002,0.991250
2026-08-31T18:55:43.669564,14.402521,0.019764,-0.005734,0.990762
2026-08-31T18:55:43.669625,14.402582,0.019764,-0.005002,0.991006
2026-08-31T18:55:43.698839,14.431796,0.020130,-0.004514,0.990518
2026-08-31T18:55:43.728735,14.461692,0.019886,-0.005002,0.990152
2026-08-31T18:55:43.759586,14.492543,0.019886,-0.004880,0.991006
2026-08-31T18:55:43.759667,14.492624,0.018422,-0.005002,0.991006
2026-08-31T18:55:43.788856,14.521813,0.018544,-0.005124,0.991128
2026-08-31T18:55:43.819663,14.552620,0.019276,-0.005246,0.991616
2026-08-31T18:55:43.819744,14.552701,0.020496,-0.005124,0.990152
2026-08-31T18:55:43.848773,14.581730,0.019642,-0.004758,0.990152
2026-08-31T18:55:43.877227,14.610184,0.019398,-0.004514,0.990884
2026-08-31T18:55:43.907254,14.640211,0.019032,-0.004636,0.991250
2026-08-31T18:55:43.907320,14.640277,0.019398,-0.005124,0.991128
2026-08-31T18:55:43.936321,14.669278,0.018422,-0.005490,0.990518
2026-08-31T18:55:43.969116,14.702073,0.018666,-0.004270,0.991128
2026-08-31T18:55:43.969198,14.702155,0.019886,-0.004636,0.991372
2026-08-31T18:55:43.999540,14.732497,0.019032,-0.004636,0.991006
2026-08-31T18:55:43.999623,14.732580,0.019276,-0.004758,0.990762
2026-08-31T18:55:44.028821,14.761778,0.019642,-0.004880,0.990518
2026-08-31T18:55:44.059288,14.792245,0.019520,-0.004880,0.990640
2026-08-31T18:55:44.059375,14.792332,0.019032,-0.004636,0.990640
2026-08-31T18:55:44.088914,14.821871,0.019154,-0.004880,0.990640
2026-08-31T18:55:44.118665,14.851622,0.018178,-0.003904,0.989908
2026-08-31T18:55:44.149659,14.882616,0.020374,-0.004880,0.991128
2026-08-31T18:55:44.149818,14.882775,0.019520,-0.005246,0.990640
2026-08-31T18:55:44.178624,14.911581,0.018910,-0.004758,0.990518
2026-08-31T18:55:44.209290,14.942247,0.019276,-0.005368,0.990396
2026-08-31T18:55:44.209356,14.942313,0.019520,-0.005002,0.991372
2026-08-31T18:55:44.238579,14.971536,0.019032,-0.005002,0.990762
2026-08-31T18:55:44.270062,15.003019,0.020252,-0.004636,0.991128
2026-08-31T18:55:44.270135,15.003092,0.019886,-0.005124,0.990152
2026-08-31T18:55:44.298729,15.031686,0.019520,-0.004636,0.990518
2026-08-31T18:55:44.329679,15.062636,0.018422,-0.004880,0.991738
2026-08-31T18:55:44.329763,15.062720,0.019032,-0.005002,0.990518
2026-08-31T18:55:44.358838,15.091795,0.019520,-0.005734,0.990884
2026-08-31T18:55:44.389756,15.122713,0.019520,-0.004758,0.990396
2026-08-31T18:55:44.389833,15.122790,0.019764,-0.004758,0.990640
2026-08-31T18:55:44.419050,15.152007,0.019398,-0.004636,0.990640
2026-08-31T18:55:44.447576,15.180533,0.019642,-0.005002,0.990274
2026-08-31T18:55:44.447645,15.180602,0.019520,-0.005246,0.991006
2026-08-31T18:55:44.476196,15.209153,0.019642,-0.004758,0.990884
2026-08-31T18:55:44.508152,15.241109,0.019520,-0.004514,0.991128
2026-08-31T18:55:44.508231,15.241188,0.018300,-0.004514,0.990274
2026-08-31T18:55:44.536149,15.269106,0.019764,-0.004758,0.991128
2026-08-31T18:55:44.569464,15.302421,0.018910,-0.004514,0.991006
2026-08-31T18:55:44.569542,15.302499,0.019520,-0.005246,0.991006
2026-08-31T18:55:44.598075,15.331032,0.018788,-0.005368,0.990762
2026-08-31T18:55:44.626065,15.359022,0.019520,-0.004636,0.990762
2026-08-31T18:55:44.657504,15.390461,0.019398,-0.004880,0.991128
2026-08-31T18:55:44.657567,15.390524,0.019154,-0.004514,0.991006
2026-08-31T18:55:44.687259,15.420216,0.019764,-0.005368,0.990884
2026-08-31T18:55:44.687321,15.420278,0.019398,-0.004636,0.990640
2026-08-31T18:55:44.716957,15.449914,0.018910,-0.005612,0.990762
2026-08-31T18:55:44.748121,15.481078,0.019154,-0.005124,0.990396
2026-08-31T18:55:44.748214,15.481171,0.019520,-0.005002,0.990640
2026-08-31T18:55:44.775989,15.508946,0.020008,-0.004880,0.990884
2026-08-31T18:55:44.806715,15.539672,0.019764,-0.004880,0.990884
2026-08-31T18:55:44.837948,15.570905,0.019642,-0.005124,0.991250
2026-08-31T18:55:44.839955,15.572912,0.019032,-0.004758,0.990762
2026-08-31T18:55:44.871736,15.604693,0.018666,-0.004636,0.991006
2026-08-31T18:55:44.899751,15.632708,0.018788,-0.004392,0.991372
2026-08-31T18:55:44.899834,15.632791,0.020008,-0.004758,0.990152
2026-08-31T18:55:44.928645,15.661602,0.020740,-0.004148,0.991372
2026-08-31T18:55:44.959802,15.692759,0.019276,-0.004880,0.990518
2026-08-31T18:55:44.959885,15.692842,0.019276,-0.005002,0.990640
2026-08-31T18:55:44.988852,15.721809,0.019764,-0.005124,0.991616
2026-08-31T18:55:45.019724,15.752681,0.019276,-0.005002,0.990396
2026-08-31T18:55:45.019805,15.752762,0.019276,-0.005368,0.990640
2026-08-31T18:55:45.048765,15.781722,0.019764,-0.005002,0.991372
2026-08-31T18:55:45.077649,15.810606,0.019642,-0.005002,0.990518
2026-08-31T18:55:45.107407,15.840364,0.018544,-0.004514,0.989664
2026-08-31T18:55:45.107490,15.840447,0.019154,-0.004514,0.990396
2026-08-31T18:55:45.138319,15.871276,0.019276,-0.004880,0.990762
2026-08-31T18:55:45.167701,15.900658,0.019398,-0.005002,0.991128
2026-08-31T18:55:45.167776,15.900733,0.019398,-0.005124,0.991860
2026-08-31T18:55:45.196932,15.929889,0.018910,-0.004880,0.990274
2026-08-31T18:55:45.227589,15.960546,0.020008,-0.004758,0.990396
2026-08-31T18:55:45.227692,15.960649,0.020252,-0.005002,0.991006
2026-08-31T18:55:45.258445,15.991402,0.019398,-0.005368,0.989786
2026-08-31T18:55:45.289781,16.022738,0.019276,-0.005002,0.990030
2026-08-31T18:55:45.289854,16.022811,0.019642,-0.005002,0.990518
2026-08-31T18:55:45.319811,16.052768,0.019764,-0.005490,0.990762
2026-08-31T18:55:45.319893,16.052850,0.019642,-0.004880,0.991006
2026-08-31T18:55:45.348785,16.081742,0.018910,-0.004636,0.990762
2026-08-31T18:55:45.378973,16.111930,0.019520,-0.004392,0.990640
2026-08-31T18:55:45.409424,16.142381,0.019764,-0.005002,0.990884
2026-08-31T18:55:45.409487,16.142444,0.019886,-0.005246,0.990518
2026-08-31T18:55:45.438462,16.171419,0.019154,-0.005124,0.990274
2026-08-31T18:55:45.469858,16.202815,0.019154,-0.004514,0.990518
2026-08-31T18:55:45.469917,16.202874,0.019032,-0.004880,0.990762
2026-08-31T18:55:45.498826,16.231783,0.019032,-0.004758,0.990518
2026-08-31T18:55:45.529779,16.262736,0.019154,-0.004636,0.990884
2026-08-31T18:55:45.529856,16.262813,0.019520,-0.004758,0.990274
2026-08-31T18:55:45.558556,16.291513,0.020252,-0.005246,0.990396
2026-08-31T18:55:45.588201,16.321158,0.019642,-0.004880,0.990884
2026-08-31T18:55:45.588284,16.321241,0.018422,-0.005002,0.990396
2026-08-31T18:55:45.615975,16.348932,0.019642,-0.005002,0.990884
2026-08-31T18:55:45.647674,16.380631,0.019398,-0.005002,0.991128
2026-08-31T18:55:45.647749,16.380706,0.019276,-0.004880,0.991006
2026-08-31T18:55:45.676280,16.409237,0.019154,-0.004758,0.991006
2026-08-31T18:55:45.708194,16.441151,0.019764,-0.005124,0.991128
2026-08-31T18:55:45.708362,16.441319,0.020496,-0.004758,0.990152
2026-08-31T18:55:45.736209,16.469166,0.020130,-0.005124,0.990396
2026-08-31T18:55:45.770343,16.503300,0.019398,-0.004880,0.990152
2026-08-31T18:55:45.770425,16.503382,0.019398,-0.005124,0.991128
2026-08-31T18:55:45.798839,16.531796,0.019154,-0.004636,0.990884
2026-08-31T18:55:45.828853,16.561810,0.017812,-0.004148,0.990518
2026-08-31T18:55:45.859826,16.592783,0.019764,-0.005124,0.990274
2026-08-31T18:55:45.859914,16.592871,0.020496,-0.005002,0.990274
2026-08-31T18:55:45.888343,16.621300,0.020008,-0.005246,0.991006
2026-08-31T18:55:45.917982,16.650939,0.019642,-0.005612,0.990640
2026-08-31T18:55:45.918051,16.651008,0.020374,-0.005124,0.990030
2026-08-31T18:55:45.946481,16.679438,0.020374,-0.005002,0.990396
2026-08-31T18:55:45.978001,16.710958,0.019276,-0.005124,0.990884
2026-08-31T18:55:45.978086,16.711043,0.018910,-0.005124,0.991006
2026-08-31T18:55:46.006280,16.739237,0.019886,-0.004880,0.990884
2026-08-31T18:55:46.039215,16.772172,0.019764,-0.004880,0.991006
2026-08-31T18:55:46.039305,16.772262,0.020618,-0.005246,0.991006
2026-08-31T18:55:46.066446,16.799403,0.019764,-0.004880,0.990396
2026-08-31T18:55:46.097712,16.830669,0.019154,-0.004148,0.990640
2026-08-31T18:55:46.097775,16.830732,0.019032,-0.004880,0.990274
2026-08-31T18:55:46.126177,16.859134,0.019398,-0.005124,0.990640
2026-08-31T18:55:46.157973,16.890930,0.019398,-0.005246,0.990762
2026-08-31T18:55:46.158149,16.891106,0.018788,-0.004270,0.990762
2026-08-31T18:55:46.186503,16.919460,0.019520,-0.005124,0.990640
2026-08-31T18:55:46.217432,16.950389,0.019764,-0.004758,0.990152
2026-08-31T18:55:46.220483,16.953440,0.019886,-0.005002,0.990640
2026-08-31T18:55:46.248954,16.981911,0.019276,-0.004880,0.990640
2026-08-31T18:55:46.278908,17.011865,0.019398,-0.004514,0.991006
2026-08-31T18:55:46.309472,17.042429,0.019520,-0.005124,0.991250
2026-08-31T18:55:46.309558,17.042515,0.020496,-0.004880,0.991250
2026-08-31T18:55:46.339249,17.072206,0.019886,-0.005002,0.991006
2026-08-31T18:55:46.369970,17.102927,0.019520,-0.005368,0.990518
2026-08-31T18:55:46.370030,17.102987,0.019642,-0.005124,0.990518
2026-08-31T18:55:46.398905,17.131862,0.019398,-0.005124,0.990152
2026-08-31T18:55:46.429796,17.162753,0.019398,-0.004758,0.990396
2026-08-31T18:55:46.429884,17.162841,0.020374,-0.004880,0.990884
2026-08-31T18:55:46.458758,17.191715,0.020252,-0.005368,0.991372
2026-08-31T18:55:46.487235,17.220192,0.020252,-0.005490,0.991372
2026-08-31T18:55:46.518024,17.250981,0.019764,-0.005368,0.990030
2026-08-31T18:55:46.518112,17.251069,0.020374,-0.004514,0.990640
2026-08-31T18:55:46.546238,17.279195,0.019276,-0.004758,0.990762
2026-08-31T18:55:46.578088,17.311045,0.019276,-0.004880,0.989664
2026-08-31T18:55:46.578168,17.311125,0.020130,-0.005002,0.991006
2026-08-31T18:55:46.607069,17.340026,0.019764,-0.004880,0.990884
2026-08-31T18:55:46.637818,17.370775,0.019764,-0.005002,0.990884
2026-08-31T18:55:46.637896,17.370853,0.019642,-0.004758,0.991250
2026-08-31T18:55:46.670036,17.402993,0.019764,-0.005490,0.991128
2026-08-31T18:55:46.670154,17.403111,0.019764,-0.004758,0.990762
2026-08-31T18:55:46.699009,17.431966,0.019642,-0.004514,0.990396
2026-08-31T18:55:46.729730,17.462687,0.019520,-0.005002,0.990640
2026-08-31T18:55:46.729813,17.462770,0.019520,-0.004880,0.990762
2026-08-31T18:55:46.758960,17.491917,0.019764,-0.005002,0.991250
2026-08-31T18:55:46.789871,17.522828,0.019642,-0.005124,0.990762
2026-08-31T18:55:46.818011,17.550968,0.019764,-0.005002,0.990762
2026-08-31T18:55:46.818077,17.551034,0.020130,-0.004880,0.990640
2026-08-31T18:55:46.846332,17.579289,0.019398,-0.005124,0.990396
2026-08-31T18:55:46.878001,17.610958,0.020130,-0.005368,0.990274
2026-08-31T18:55:46.878079,17.611036,0.019886,-0.004758,0.990762
2026-08-31T18:55:46.906540,17.639497,0.019764,-0.004636,0.990762
2026-08-31T18:55:46.938233,17.671190,0.019154,-0.005002,0.990762
2026-08-31T18:55:46.938315,17.671272,0.019032,-0.004758,0.990640
2026-08-31T18:55:46.969871,17.702828,0.019642,-0.005246,0.990640
2026-08-31T18:55:46.998682,17.731639,0.019764,-0.004758,0.990274
2026-08-31T18:55:47.029731,17.762688,0.019886,-0.004880,0.990518
2026-08-31T18:55:47.029811,17.762768,0.019642,-0.005612,0.990884
2026-08-31T18:55:47.058481,17.791438,0.019520,-0.005124,0.990396
2026-08-31T18:55:47.088064,17.821021,0.019276,-0.004758,0.990762
2026-08-31T18:55:47.089013,17.821970,0.020008,-0.004758,0.991006
2026-08-31T18:55:47.116464,17.849421,0.019886,-0.005368,0.990518
2026-08-31T18:55:47.148047,17.881004,0.019886,-0.005612,0.990396
2026-08-31T18:55:47.148137,17.881094,0.019764,-0.005124,0.990518
2026-08-31T18:55:47.176323,17.909280,0.019642,-0.004636,0.990762
2026-08-31T18:55:47.207040,17.939997,0.020008,-0.005124,0.990152
2026-08-31T18:55:47.237530,17.970487,0.019520,-0.004636,0.990640
2026-08-31T18:55:47.238486,17.971443,0.020008,-0.004758,0.990762
2026-08-31T18:55:47.267578,18.000535,0.019398,-0.004880,0.991738
2026-08-31T18:55:47.296959,18.029916,0.019886,-0.005124,0.990762
2026-08-31T18:55:47.298791,18.031748,0.019276,-0.004758,0.991006
2026-08-31T18:55:47.329063,18.062020,0.019764,-0.004514,0.990762
2026-08-31T18:55:47.329106,18.062063,0.019886,-0.005246,0.990396
2026-08-31T18:55:47.359046,18.092003,0.019764,-0.005124,0.991250
2026-08-31T18:55:47.388427,18.121384,0.020008,-0.004758,0.991250
2026-08-31T18:55:47.417988,18.150945,0.019154,-0.005124,0.990396
2026-08-31T18:55:47.420728,18.153685,0.019642,-0.005124,0.990396
2026-08-31T18:55:47.449774,18.182731,0.018788,-0.004758,0.990640
2026-08-31T18:55:47.449850,18.182807,0.019642,-0.004880,0.990884
2026-08-31T18:55:47.478818,18.211775,0.019886,-0.004758,0.991128
2026-08-31T18:55:47.509818,18.242775,0.019886,-0.004880,0.990640
2026-08-31T18:55:47.509898,18.242855,0.019520,-0.004636,0.990152
2026-08-31T18:55:47.538313,18.271270,0.020008,-0.005246,0.990518
2026-08-31T18:55:47.569639,18.302596,0.019154,-0.005002,0.990396
2026-08-31T18:55:47.599011,18.331968,0.019398,-0.005002,0.990762
2026-08-31T18:55:47.599144,18.332101,0.020130,-0.005246,0.990640
2026-08-31T18:55:47.628695,18.361652,0.019520,-0.005246,0.991250
2026-08-31T18:55:47.657629,18.390586,0.019520,-0.005490,0.991006
2026-08-31T18:55:47.658557,18.391514,0.019886,-0.005002,0.990396
2026-08-31T18:55:47.688380,18.421337,0.020130,-0.004880,0.990762
2026-08-31T18:55:47.717689,18.450646,0.019520,-0.005002,0.990518
2026-08-31T18:55:47.717775,18.450732,0.019520,-0.005246,0.990396
2026-08-31T18:55:47.746518,18.479475,0.019154,-0.005002,0.990152
2026-08-31T18:55:47.777114,18.510071,0.019642,-0.004636,0.991006
2026-08-31T18:55:47.778107,18.511064,0.019642,-0.005002,0.991006
2026-08-31T18:55:47.808383,18.541340,0.019520,-0.005124,0.990640
2026-08-31T18:55:47.838205,18.571162,0.020252,-0.005978,0.991616
2026-08-31T18:55:47.870501,18.603458,0.019764,-0.004880,0.990884
2026-08-31T18:55:47.870587,18.603544,0.019886,-0.004636,0.990518
2026-08-31T18:55:47.927317,18.660274,0.019398,-0.004880,0.990762
2026-08-31T18:55:47.930041,18.662998,0.019398,-0.005368,0.990396
2026-08-31T18:55:47.930103,18.663060,0.019398,-0.005490,0.990884
2026-08-31T18:55:47.958842,18.691799,0.020130,-0.005002,0.991128
2026-08-31T18:55:47.987208,18.720165,0.019886,-0.004880,0.990274
2026-08-31T18:55:47.988405,18.721362,0.020008,-0.004636,0.990030
2026-08-31T18:55:48.016246,18.749203,0.019642,-0.004148,0.990762
2026-08-31T18:55:48.048022,18.780979,0.019886,-0.004758,0.990884
2026-08-31T18:55:48.048106,18.781063,0.019764,-0.005368,0.991006
2026-08-31T18:55:48.076187,18.809144,0.020130,-0.005002,0.991372
2026-08-31T18:55:48.108037,18.840994,0.020008,-0.004758,0.990762
2026-08-31T18:55:48.108121,18.841078,0.020008,-0.004514,0.990030
2026-08-31T18:55:48.136742,18.869699,0.019520,-0.004758,0.990762
2026-08-31T18:55:48.168034,18.900991,0.019032,-0.004880,0.990152
2026-08-31T18:55:48.168109,18.901066,0.020008,-0.005002,0.991860
2026-08-31T18:55:48.196335,18.929292,0.019764,-0.005002,0.991006
2026-08-31T18:55:48.226269,18.959226,0.019886,-0.005002,0.990518
2026-08-31T18:55:48.257127,18.990084,0.019764,-0.005002,0.990152
2026-08-31T18:55:48.257171,18.990128,0.019886,-0.005246,0.990884
2026-08-31T18:55:48.286663,19.019620,0.020008,-0.005246,0.990518
2026-08-31T18:55:48.317949,19.050906,0.019642,-0.004880,0.990152
2026-08-31T18:55:48.318036,19.050993,0.019642,-0.004880,0.990884
2026-08-31T18:55:48.346305,19.079262,0.019764,-0.005124,0.990762
2026-08-31T18:55:48.377852,19.110809,0.020008,-0.005002,0.991128
2026-08-31T18:55:48.377933,19.110890,0.019764,-0.005490,0.990884
2026-08-31T18:55:48.406141,19.139098,0.020008,-0.004392,0.990884
2026-08-31T18:55:48.437417,19.170374,0.019642,-0.004758,0.990030
2026-08-31T18:55:48.467919,19.200876,0.019276,-0.004392,0.990640
2026-08-31T18:55:48.467999,19.200956,0.018910,-0.005124,0.990152
2026-08-31T18:55:48.497677,19.230634,0.019764,-0.005124,0.991128
2026-08-31T18:55:48.497760,19.230717,0.020740,-0.004636,0.989908
2026-08-31T18:55:48.526227,19.259184,0.020130,-0.005002,0.990884
2026-08-31T18:55:48.556922,19.289879,0.019642,-0.005124,0.990396
2026-08-31T18:55:48.588102,19.321059,0.019886,-0.005490,0.990762
2026-08-31T18:55:48.588184,19.321141,0.019276,-0.004758,0.990640
2026-08-31T18:55:48.617510,19.350467,0.020130,-0.004392,0.990518
2026-08-31T18:55:48.617600,19.350557,0.019398,-0.005002,0.990762
2026-08-31T18:55:48.646126,19.379083,0.019886,-0.005002,0.990518
2026-08-31T18:55:48.678360,19.411317,0.019398,-0.005490,0.990518
2026-08-31T18:55:48.708390,19.441347,0.019642,-0.005490,0.991372
2026-08-31T18:55:48.708444,19.441401,0.019642,-0.004758,0.990884
2026-08-31T18:55:48.738108,19.471065,0.019886,-0.004758,0.990762
2026-08-31T18:55:48.770154,19.503111,0.019886,-0.004514,0.990274
2026-08-31T18:55:48.799745,19.532702,0.020252,-0.004026,0.991494
2026-08-31T18:55:48.799827,19.532784,0.019154,-0.004636,0.991128
2026-08-31T18:55:48.829737,19.562694,0.019886,-0.005124,0.991128
2026-08-31T18:55:48.829826,19.562783,0.019764,-0.005490,0.990152
2026-08-31T18:55:48.858807,19.591764,0.019764,-0.005490,0.991006
2026-08-31T18:55:48.889801,19.622758,0.019886,-0.005490,0.990640
2026-08-31T18:55:48.889880,19.622837,0.019764,-0.005002,0.990884
2026-08-31T18:55:48.918972,19.651929,0.019520,-0.004880,0.990274
2026-08-31T18:55:48.949411,19.682368,0.019764,-0.005246,0.990884
2026-08-31T18:55:48.949477,19.682434,0.019886,-0.004880,0.990640
2026-08-31T18:55:48.978902,19.711859,0.020130,-0.005368,0.990762
2026-08-31T18:55:49.008880,19.741837,0.019642,-0.005368,0.991006
2026-08-31T18:55:49.039999,19.772956,0.019886,-0.005490,0.991128
2026-08-31T18:55:49.040079,19.773036,0.019398,-0.005246,0.990518
2026-08-31T18:55:49.070946,19.803903,0.020130,-0.005246,0.990396
2026-08-31T18:55:49.071018,19.803975,0.019764,-0.005002,0.990884
2026-08-31T18:55:49.098663,19.831620,0.019520,-0.005246,0.990884
2026-08-31T18:55:49.127342,19.860299,0.020618,-0.005612,0.990762
2026-08-31T18:55:49.157712,19.890669,0.019520,-0.004636,0.990030
2026-08-31T18:55:49.157784,19.890741,0.019886,-0.005368,0.990518
2026-08-31T18:55:49.187088,19.920045,0.020130,-0.005612,0.990274
2026-08-31T18:55:49.217917,19.950874,0.020374,-0.004880,0.991128
2026-08-31T18:55:49.217999,19.950956,0.020252,-0.005734,0.990030
2026-08-31T18:55:49.246516,19.979473,0.020496,-0.005368,0.990884
2026-08-31T18:55:49.278028,20.010985,0.020496,-0.005246,0.990762
2026-08-31T18:55:49.278107,20.011064,0.019764,-0.004514,0.991372
2026-08-31T18:55:49.308766,20.041723,0.020008,-0.005612,0.990640
2026-08-31T18:55:49.338915,20.071872,0.019886,-0.004758,0.990884
2026-08-31T18:55:49.371237,20.104194,0.018910,-0.005002,0.990884
2026-08-31T18:55:49.371319,20.104276,0.019642,-0.005246,0.990030
2026-08-31T18:55:49.399804,20.132761,0.019642,-0.005612,0.990396
2026-08-31T18:55:49.399880,20.132837,0.020374,-0.005734,0.990518
2026-08-31T18:55:49.428420,20.161377,0.019032,-0.004880,0.990518
2026-08-31T18:55:49.457712,20.190669,0.019886,-0.005246,0.990518
2026-08-31T18:55:49.457782,20.190739,0.020008,-0.005368,0.990762
2026-08-31T18:55:49.489226,20.222183,0.020618,-0.005246,0.990640
2026-08-31T18:55:49.516970,20.249927,0.019764,-0.005124,0.990396
2026-08-31T18:55:49.548174,20.281131,0.019886,-0.004880,0.990640
2026-08-31T18:55:49.548257,20.281214,0.021350,-0.005856,0.991006
2026-08-31T18:55:49.576304,20.309261,0.017934,-0.004514,0.991372
2026-08-31T18:55:49.605992,20.338949,0.019642,-0.005002,0.991494
2026-08-31T18:55:49.637525,20.370482,0.020618,-0.005124,0.991128
2026-08-31T18:55:49.638862,20.371819,0.018666,-0.004758,0.990518
2026-08-31T18:55:49.667713,20.400670,0.020374,-0.005368,0.991006
2026-08-31T18:55:49.697580,20.430537,0.020740,-0.005490,0.991006
2026-08-31T18:55:49.697661,20.430618,0.018666,-0.005002,0.989908
2026-08-31T18:55:49.727437,20.460394,0.017934,-0.004514,0.990396
2026-08-31T18:55:49.727527,20.460484,0.018544,-0.005246,0.989786
2026-08-31T18:55:49.756334,20.489291,0.019886,-0.005490,0.991250
2026-08-31T18:55:49.787460,20.520417,0.020008,-0.004758,0.991616
2026-08-31T18:55:49.817972,20.550929,0.019520,-0.005002,0.991128
2026-08-31T18:55:49.818054,20.551011,0.019520,-0.005368,0.991250
2026-08-31T18:55:49.846314,20.579271,0.020374,-0.005856,0.990396
2026-08-31T18:55:49.877414,20.610371,0.019520,-0.005002,0.990762
2026-08-31T18:55:49.879145,20.612102,0.019520,-0.005368,0.990762
2026-08-31T18:55:49.908857,20.641814,0.019398,-0.005246,0.990640
2026-08-31T18:55:49.937661,20.670618,0.019642,-0.005612,0.990518
2026-08-31T18:55:49.937728,20.670685,0.020130,-0.005368,0.990274
2026-08-31T18:55:49.968103,20.701060,0.020984,-0.005734,0.990640
2026-08-31T18:55:49.997103,20.730060,0.021106,-0.005490,0.990762
2026-08-31T18:55:49.998940,20.731897,0.019520,-0.004758,0.990884
2026-08-31T18:55:50.028845,20.761802,0.019520,-0.005002,0.990396
2026-08-31T18:55:50.057962,20.790919,0.019032,-0.005368,0.991128
2026-08-31T18:55:50.058037,20.790994,0.019276,-0.004758,0.990152
2026-08-31T18:55:50.087280,20.820237,0.019642,-0.004880,0.990762
2026-08-31T18:55:50.117307,20.850264,0.019398,-0.005490,0.991006
2026-08-31T18:55:50.147152,20.880109,0.020252,-0.005612,0.991006
2026-08-31T18:55:50.147222,20.880179,0.020740,-0.005856,0.991006
2026-08-31T18:55:50.175576,20.908533,0.019520,-0.004880,0.990640
2026-08-31T18:55:50.207544,20.940501,0.019276,-0.005368,0.990518
2026-08-31T18:55:50.207609,20.940566,0.019398,-0.004514,0.990030
2026-08-31T18:55:50.237161,20.970118,0.018788,-0.004392,0.990884
2026-08-31T18:55:50.267993,21.000950,0.019886,-0.005124,0.990518
2026-08-31T18:55:50.268076,21.001033,0.020618,-0.006222,0.991250
2026-08-31T18:55:50.296313,21.029270,0.020496,-0.005124,0.990152
2026-08-31T18:55:50.327499,21.060456,0.020008,-0.004636,0.989908
2026-08-31T18:55:50.327550,21.060507,0.018666,-0.004514,0.990640
2026-08-31T18:55:50.356667,21.089624,0.020008,-0.005978,0.990640
2026-08-31T18:55:50.388232,21.121189,0.020374,-0.005612,0.991250
2026-08-31T18:55:50.388310,21.121267,0.019642,-0.004880,0.991250
2026-08-31T18:55:50.415785,21.148742,0.020252,-0.004880,0.991128
2026-08-31T18:55:50.447547,21.180504,0.019642,-0.005124,0.990518
2026-08-31T18:55:50.447613,21.180570,0.019642,-0.005124,0.991616
2026-08-31T18:55:50.475758,21.208715,0.019886,-0.005734,0.990884
2026-08-31T18:55:50.508217,21.241174,0.020618,-0.005490,0.990884
2026-08-31T18:55:50.508299,21.241256,0.019764,-0.005368,0.990884
2026-08-31T18:55:50.536279,21.269236,0.020130,-0.005124,0.990274
2026-08-31T18:55:50.568974,21.301931,0.020008,-0.005368,0.991372
2026-08-31T18:55:50.569059,21.302016,0.020374,-0.005612,0.990030
2026-08-31T18:55:50.597769,21.330726,0.020130,-0.005368,0.990030
2026-08-31T18:55:50.626598,21.359555,0.019154,-0.005612,0.990762
2026-08-31T18:55:50.627664,21.360621,0.019886,-0.004880,0.990640
2026-08-31T18:55:50.656461,21.389418,0.020252,-0.005856,0.990274
2026-08-31T18:55:50.687627,21.420584,0.020374,-0.004880,0.990640
2026-08-31T18:55:50.688836,21.421793,0.019032,-0.005612,0.990396
2026-08-31T18:55:50.719087,21.452044,0.019642,-0.004758,0.990396
2026-08-31T18:55:50.748860,21.481817,0.019764,-0.005002,0.990396
2026-08-31T18:55:50.778069,21.511026,0.020008,-0.005734,0.990884
2026-08-31T18:55:50.778144,21.511101,0.020374,-0.005368,0.990884
2026-08-31T18:55:50.806276,21.539233,0.020130,-0.005002,0.991006
2026-08-31T18:55:50.838793,21.571750,0.022082,-0.005734,0.990518
2026-08-31T18:55:50.838872,21.571829,0.019764,-0.005734,0.990396
2026-08-31T18:55:50.867863,21.600820,0.016958,-0.005002,0.990152
2026-08-31T18:55:50.867939,21.600896,0.019154,-0.005612,0.990884
2026-08-31T18:55:50.895850,21.628807,0.019886,-0.005246,0.990518
2026-08-31T18:55:50.926595,21.659552,0.020374,-0.005002,0.990640
2026-08-31T18:55:50.958136,21.691093,0.020008,-0.004636,0.990884
2026-08-31T18:55:50.958216,21.691173,0.020130,-0.005002,0.990518
2026-08-31T18:55:50.986332,21.719289,0.019520,-0.005246,0.989908
2026-08-31T18:55:51.017973,21.750930,0.020252,-0.005246,0.990884
2026-08-31T18:55:51.018060,21.751017,0.020496,-0.005612,0.990518
2026-08-31T18:55:51.046343,21.779300,0.019032,-0.005124,0.990640
2026-08-31T18:55:51.077654,21.810611,0.019520,-0.005124,0.990152
2026-08-31T18:55:51.077710,21.810667,0.020008,-0.004880,0.990396
2026-08-31T18:55:51.105828,21.838785,0.020618,-0.005002,0.990274
2026-08-31T18:55:51.137980,21.870937,0.020496,-0.005856,0.990884
2026-08-31T18:55:51.138044,21.871001,0.019398,-0.005002,0.990762
2026-08-31T18:55:51.166509,21.899466,0.019642,-0.005002,0.990518
2026-08-31T18:55:51.198142,21.931099,0.019520,-0.004758,0.990274
2026-08-31T18:55:51.198231,21.931188,0.019886,-0.004880,0.990152
2026-08-31T18:55:51.226214,21.959171,0.019398,-0.005246,0.990518
2026-08-31T18:55:51.258191,21.991148,0.019520,-0.005002,0.990640
2026-08-31T18:55:51.258259,21.991216,0.020862,-0.005246,0.990274
2026-08-31T18:55:51.286491,22.019448,0.020130,-0.005246,0.990640
2026-08-31T18:55:51.319318,22.052275,0.019886,-0.005246,0.990762
2026-08-31T18:55:51.347231,22.080188,0.019520,-0.005490,0.990518
2026-08-31T18:55:51.348291,22.081248,0.019764,-0.005246,0.991006
2026-08-31T18:55:51.378622,22.111579,0.020130,-0.005490,0.990396
2026-08-31T18:55:51.408312,22.141269,0.019276,-0.004636,0.989908
2026-08-31T18:55:51.408393,22.141350,0.019398,-0.005246,0.990762
2026-08-31T18:55:51.436512,22.169469,0.020008,-0.005002,0.990518
2026-08-31T18:55:51.467535,22.200492,0.019520,-0.005368,0.991250
2026-08-31T18:55:51.468470,22.201427,0.020740,-0.004880,0.990762
2026-08-31T18:55:51.499862,22.232819,0.020130,-0.004636,0.990518
2026-08-31T18:55:51.499948,22.232905,0.020496,-0.005734,0.990030
2026-08-31T18:55:51.528468,22.261425,0.020130,-0.005124,0.990518
2026-08-31T18:55:51.558524,22.291481,0.019276,-0.005002,0.990152
2026-08-31T18:55:51.587810,22.320767,0.020252,-0.005124,0.991006
2026-08-31T18:55:51.588790,22.321747,0.019764,-0.005612,0.990640
2026-08-31T18:55:51.619678,22.352635,0.020496,-0.005734,0.991006
2026-08-31T18:55:51.649797,22.382754,0.020008,-0.005124,0.990762
2026-08-31T18:55:51.649884,22.382841,0.019886,-0.005612,0.990152
2026-08-31T18:55:51.678780,22.411737,0.019886,-0.004880,0.989908
2026-08-31T18:55:51.707470,22.440427,0.019642,-0.005002,0.990640
2026-08-31T18:55:51.708811,22.441768,0.020496,-0.005368,0.990396
2026-08-31T18:55:51.738974,22.471931,0.020008,-0.005368,0.991372
2026-08-31T18:55:51.769482,22.502439,0.019520,-0.004636,0.990518
2026-08-31T18:55:51.799587,22.532544,0.019398,-0.005246,0.989786
2026-08-31T18:55:51.799654,22.532611,0.019886,-0.005612,0.990274
2026-08-31T18:55:51.828612,22.561569,0.020374,-0.005612,0.991128
2026-08-31T18:55:51.857729,22.590686,0.019886,-0.004880,0.990274
2026-08-31T18:55:51.857798,22.590755,0.020618,-0.005490,0.990274
2026-08-31T18:55:51.888301,22.621258,0.019764,-0.005246,0.991250
2026-08-31T18:55:51.888386,22.621343,0.020252,-0.005246,0.990396
2026-08-31T18:55:51.916295,22.649252,0.020252,-0.005002,0.990152
2026-08-31T18:55:51.947418,22.680375,0.020130,-0.005124,0.990274
2026-08-31T18:55:51.977425,22.710382,0.020008,-0.005124,0.990518
2026-08-31T18:55:51.977506,22.710463,0.020008,-0.005612,0.991006
2026-08-31T18:55:52.009254,22.742211,0.022814,-0.005978,0.990518
2026-08-31T18:55:52.009320,22.742277,0.014396,-0.005368,0.989542
2026-08-31T18:55:52.036472,22.769429,0.019886,-0.005124,0.989664
2026-08-31T18:55:52.067663,22.800620,0.021716,-0.005368,0.992470
2026-08-31T18:55:52.097601,22.830558,0.020496,-0.005612,0.989664
2026-08-31T18:55:52.097699,22.830656,0.019642,-0.004514,0.990274
2026-08-31T18:55:52.126259,22.859216,0.019886,-0.004270,0.990518
2026-08-31T18:55:52.157672,22.890629,0.020252,-0.005246,0.990396
2026-08-31T18:55:52.157753,22.890710,0.019764,-0.006344,0.991738
2026-08-31T18:55:52.188796,22.921753,0.020130,-0.005612,0.990518
2026-08-31T18:55:52.188875,22.921832,0.019520,-0.005368,0.991006
2026-08-31T18:55:52.216845,22.949802,0.020252,-0.005124,0.989420
2026-08-31T18:55:52.247183,22.980140,0.019764,-0.005490,0.990640
2026-08-31T18:55:52.277982,23.010939,0.019642,-0.005490,0.990762
2026-08-31T18:55:52.278060,23.011017,0.019642,-0.004880,0.989908
2026-08-31T18:55:52.306612,23.039569,0.020252,-0.005490,0.990640
2026-08-31T18:55:52.336395,23.069352,0.020374,-0.005612,0.990152
2026-08-31T18:55:52.336429,23.069386,0.020008,-0.005368,0.990396
2026-08-31T18:55:52.366122,23.099079,0.020252,-0.005612,0.990762
2026-08-31T18:55:52.397107,23.130064,0.020374,-0.005490,0.990640
2026-08-31T18:55:52.397186,23.130143,0.020130,-0.004758,0.991128
2026-08-31T18:55:52.426214,23.159171,0.019764,-0.004636,0.989908
2026-08-31T18:55:52.456058,23.189015,0.020008,-0.005368,0.990518
2026-08-31T18:55:52.488797,23.221754,0.020130,-0.005368,0.990518
2026-08-31T18:55:52.488874,23.221831,0.019398,-0.005734,0.990396
2026-08-31T18:55:52.516348,23.249305,0.019886,-0.005246,0.990640
2026-08-31T18:55:52.548045,23.281002,0.020130,-0.005734,0.990762
2026-08-31T18:55:52.548130,23.281087,0.020252,-0.005002,0.990274
2026-08-31T18:55:52.576095,23.309052,0.020252,-0.005124,0.989908
2026-08-31T18:55:52.607452,23.340409,0.020374,-0.004880,0.990396
2026-08-31T18:55:52.607514,23.340471,0.020008,-0.005490,0.990640
2026-08-31T18:55:52.636629,23.369586,0.020130,-0.005002,0.990762
2026-08-31T18:55:52.668187,23.401144,0.020374,-0.005368,0.990518
2026-08-31T18:55:52.668274,23.401231,0.019886,-0.005124,0.990762
2026-08-31T18:55:52.698085,23.431042,0.020130,-0.005368,0.990396
2026-08-31T18:55:52.726579,23.459536,0.020740,-0.005490,0.990152
2026-08-31T18:55:52.726635,23.459592,0.020252,-0.005490,0.990762
2026-08-31T18:55:52.756087,23.489044,0.020130,-0.005246,0.990884
2026-08-31T18:55:52.788873,23.521830,0.020008,-0.005368,0.990884
2026-08-31T18:55:52.788952,23.521909,0.021472,-0.005490,0.990762
2026-08-31T18:55:52.815954,23.548911,0.019764,-0.005490,0.990030
2026-08-31T18:55:52.847070,23.580027,0.020252,-0.005490,0.990518
2026-08-31T18:55:52.878049,23.611006,0.019764,-0.005490,0.990030
2026-08-31T18:55:52.878129,23.611086,0.018788,-0.005246,0.990396
2026-08-31T18:55:52.906307,23.639264,0.019764,-0.005490,0.990396
2026-08-31T18:55:52.939290,23.672247,0.020252,-0.005368,0.990396
2026-08-31T18:55:52.939375,23.672332,0.020130,-0.005612,0.990274
2026-08-31T18:55:52.969175,23.702132,0.019764,-0.005368,0.990274
2026-08-31T18:55:52.998934,23.731891,0.019032,-0.005124,0.990396
2026-08-31T18:55:53.027873,23.760830,0.019642,-0.005246,0.990274
2026-08-31T18:55:53.027940,23.760897,0.020130,-0.005124,0.990884
2026-08-31T18:55:53.056389,23.789346,0.019642,-0.005734,0.991006
2026-08-31T18:55:53.088775,23.821732,0.020130,-0.005002,0.991006
2026-08-31T18:55:53.088853,23.821810,0.019886,-0.004880,0.990396
2026-08-31T18:55:53.116306,23.849263,0.020252,-0.005246,0.990396
2026-08-31T18:55:53.148138,23.881095,0.020008,-0.005002,0.991250
2026-08-31T18:55:53.148219,23.881176,0.019886,-0.005490,0.990762
2026-08-31T18:55:53.176656,23.909613,0.020374,-0.005246,0.990518
2026-08-31T18:55:53.207969,23.940926,0.020374,-0.005124,0.990640
2026-08-31T18:55:53.208059,23.941016,0.019764,-0.005246,0.991250
2026-08-31T18:55:53.236564,23.969521,0.020008,-0.005734,0.990396
2026-08-31T18:55:53.267693,24.000650,0.020130,-0.005246,0.991494
2026-08-31T18:55:53.267762,24.000719,0.019154,-0.005124,0.990640
2026-08-31T18:55:53.296502,24.029459,0.019642,-0.005124,0.990396
2026-08-31T18:55:53.329623,24.062580,0.019642,-0.005734,0.990152
2026-08-31T18:55:53.329709,24.062666,0.019398,-0.004880,0.990274
2026-08-31T18:55:53.358859,24.091816,0.020496,-0.005368,0.990396
2026-08-31T18:55:53.389969,24.122926,0.020618,-0.005612,0.990274
2026-08-31T18:55:53.390046,24.123003,0.019642,-0.005734,0.989908
2026-08-31T18:55:53.419669,24.152626,0.019398,-0.005490,0.990274
2026-08-31T18:55:53.419756,24.152713,0.019764,-0.004758,0.990640
2026-08-31T18:55:53.448262,24.181219,0.020008,-0.005368,0.990396
2026-08-31T18:55:53.477449,24.210406,0.020130,-0.005368,0.990518
2026-08-31T18:55:53.508785,24.241742,0.019642,-0.005124,0.990396
2026-08-31T18:55:53.508947,24.241904,0.019886,-0.005734,0.990762
2026-08-31T18:55:53.536524,24.269481,0.019520,-0.005246,0.990884
2026-08-31T18:55:53.568450,24.301407,0.019398,-0.005124,0.990762
2026-08-31T18:55:53.568534,24.301491,0.020374,-0.005124,0.990274
2026-08-31T18:55:53.596218,24.329175,0.019764,-0.004758,0.990518
2026-08-31T18:55:53.629563,24.362520,0.019886,-0.005490,0.990030
2026-08-31T18:55:53.629640,24.362597,0.019886,-0.005612,0.991128
2026-08-31T18:55:53.658916,24.391873,0.020496,-0.005734,0.990884
2026-08-31T18:55:53.690144,24.423101,0.020374,-0.005734,0.990640
2026-08-31T18:55:53.690232,24.423189,0.020008,-0.005612,0.990518
2026-08-31T18:55:53.718884,24.451841,0.019886,-0.005612,0.991006
2026-08-31T18:55:53.749400,24.482357,0.019886,-0.005246,0.990518
2026-08-31T18:55:53.749509,24.482466,0.019398,-0.005734,0.990396
2026-08-31T18:55:53.778655,24.511612,0.019398,-0.005612,0.990640
2026-08-31T18:55:53.808011,24.540968,0.020496,-0.005368,0.990884
2026-08-31T18:55:53.808086,24.541043,0.019398,-0.005002,0.990030
2026-08-31T18:55:53.836759,24.569716,0.020130,-0.005490,0.990396
2026-08-31T18:55:53.867391,24.600348,0.020008,-0.005002,0.990396
2026-08-31T18:55:53.897672,24.630629,0.019764,-0.004880,0.990396
2026-08-31T18:55:53.897752,24.630709,0.018910,-0.005368,0.990518
2026-08-31T18:55:53.926413,24.659370,0.020618,-0.005490,0.990152
2026-08-31T18:55:53.958066,24.691023,0.020008,-0.005490,0.990274
2026-08-31T18:55:53.958151,24.691108,0.020618,-0.005246,0.989908
2026-08-31T18:55:53.986091,24.719048,0.020496,-0.005368,0.990762
2026-08-31T18:55:54.018080,24.751037,0.019886,-0.005368,0.990396
2026-08-31T18:55:54.018166,24.751123,0.020008,-0.005246,0.990030
2026-08-31T18:55:54.046280,24.779237,0.019520,-0.005612,0.990884
2026-08-31T18:55:54.078087,24.811044,0.019642,-0.005490,0.990152
2026-08-31T18:55:54.078170,24.811127,0.020252,-0.005002,0.990274
2026-08-31T18:55:54.106308,24.839265,0.019886,-0.005246,0.990030
2026-08-31T18:55:54.137280,24.870237,0.020008,-0.005124,0.990274
2026-08-31T18:55:54.167255,24.900212,0.020252,-0.005856,0.990518
2026-08-31T18:55:54.169028,24.901985,0.020618,-0.004880,0.990396
2026-08-31T18:55:54.199449,24.932406,0.020008,-0.004880,0.990518
2026-08-31T18:55:54.199523,24.932480,0.019642,-0.005002,0.990396
2026-08-31T18:55:54.228378,24.961335,0.020374,-0.005368,0.990640
2026-08-31T18:55:54.257705,24.990662,0.020130,-0.005368,0.990274
2026-08-31T18:55:54.257770,24.990727,0.020008,-0.005734,0.990640
2026-08-31T18:55:54.286805,25.019762,0.019764,-0.005246,0.990152
2026-08-31T18:55:54.317145,25.050102,0.019398,-0.005612,0.990762
2026-08-31T18:55:54.348097,25.081054,0.020374,-0.005978,0.990274
2026-08-31T18:55:54.348188,25.081145,0.020618,-0.005002,0.990396
2026-08-31T18:55:54.376455,25.109412,0.019764,-0.005002,0.990518
2026-08-31T18:55:54.407528,25.140485,0.019642,-0.005124,0.990274
2026-08-31T18:55:54.408547,25.141504,0.019520,-0.005490,0.990640
2026-08-31T18:55:54.439119,25.172076,0.019764,-0.005490,0.990762
2026-08-31T18:55:54.469113,25.202070,0.020618,-0.005856,0.990518
2026-08-31T18:55:54.469173,25.202130,0.019520,-0.005490,0.990762
2026-08-31T18:55:54.498831,25.231788,0.019642,-0.004880,0.990396
2026-08-31T18:55:54.527691,25.260648,0.020252,-0.005124,0.990640
2026-08-31T18:55:54.528773,25.261730,0.020130,-0.005368,0.990640
2026-08-31T18:55:54.558653,25.291610,0.019764,-0.005246,0.990152
2026-08-31T18:55:54.589542,25.322499,0.019764,-0.005490,0.991006
2026-08-31T18:55:54.589624,25.322581,0.020252,-0.005612,0.990762
2026-08-31T18:55:54.616440,25.349397,0.019764,-0.005368,0.990640
2026-08-31T18:55:54.647554,25.380511,0.019520,-0.004880,0.990396
2026-08-31T18:55:54.648552,25.381509,0.020374,-0.005368,0.990518
2026-08-31T18:55:54.678796,25.411753,0.019886,-0.005368,0.989542
2026-08-31T18:55:54.708522,25.441479,0.019642,-0.005246,0.989908
2026-08-31T18:55:54.708647,25.441604,0.019886,-0.005124,0.990518
2026-08-31T18:55:54.735901,25.468858,0.019886,-0.004880,0.990762
2026-08-31T18:55:54.767601,25.500558,0.020252,-0.005246,0.990640
2026-08-31T18:55:54.797742,25.530699,0.020374,-0.005368,0.990884
2026-08-31T18:55:54.797854,25.530811,0.019886,-0.005002,0.990762
2026-08-31T18:55:54.826483,25.559440,0.020496,-0.005246,0.990274
2026-08-31T18:55:54.858148,25.591105,0.019886,-0.005612,0.989908
2026-08-31T18:55:54.858233,25.591190,0.019764,-0.005368,0.990396
2026-08-31T18:55:54.886180,25.619137,0.019520,-0.005856,0.990152
2026-08-31T18:55:54.918250,25.651207,0.019886,-0.005368,0.990518
2026-08-31T18:55:54.918339,25.651296,0.020130,-0.005124,0.990152
2026-08-31T18:55:54.946232,25.679189,0.020252,-0.005368,0.990640
2026-08-31T18:55:54.977924,25.710881,0.019520,-0.005368,0.990762
2026-08-31T18:55:54.978014,25.710971,0.019764,-0.005246,0.990884
2026-08-31T18:55:55.005919,25.738876,0.020618,-0.005612,0.990396
2026-08-31T18:55:55.037662,25.770619,0.020740,-0.005002,0.990518
2026-08-31T18:55:55.037729,25.770686,0.020496,-0.005368,0.990152
2026-08-31T18:55:55.069758,25.802715,0.020862,-0.005124,0.990030
2026-08-31T18:55:55.097913,25.830870,0.020008,-0.005734,0.990640
2026-08-31T18:55:55.097998,25.830955,0.020496,-0.005124,0.990152
2026-08-31T18:55:55.128810,25.861767,0.019276,-0.005490,0.990274
2026-08-31T18:55:55.158170,25.891127,0.020862,-0.005368,0.990762
2026-08-31T18:55:55.158246,25.891203,0.019398,-0.005246,0.990640
2026-08-31T18:55:55.186327,25.919284,0.020008,-0.005246,0.990152
2026-08-31T18:55:55.216825,25.949782,0.019520,-0.004758,0.990396
2026-08-31T18:55:55.248075,25.981032,0.019398,-0.005246,0.990762
2026-08-31T18:55:55.248167,25.981124,0.020008,-0.005612,0.990640
2026-08-31T18:55:55.276369,26.009326,0.020130,-0.004636,0.991006
2026-08-31T18:55:55.308139,26.041096,0.020496,-0.005490,0.990518
2026-08-31T18:55:55.308214,26.041171,0.020008,-0.005734,0.990396
2026-08-31T18:55:55.338944,26.071901,0.020252,-0.005246,0.990396
2026-08-31T18:55:55.370010,26.102967,0.020008,-0.005612,0.990518
2026-08-31T18:55:55.370100,26.103057,0.020740,-0.005612,0.990396
2026-08-31T18:55:55.398979,26.131936,0.020130,-0.005246,0.990518
2026-08-31T18:55:55.429953,26.162910,0.019642,-0.005734,0.990274
2026-08-31T18:55:55.430031,26.162988,0.020252,-0.005490,0.990518
2026-08-31T18:55:55.459008,26.191965,0.019642,-0.005124,0.989664
2026-08-31T18:55:55.489091,26.222048,0.019520,-0.005368,0.990274
2026-08-31T18:55:55.489132,26.222089,0.020008,-0.005124,0.990396
2026-08-31T18:55:55.518876,26.251833,0.020374,-0.005124,0.990762
2026-08-31T18:55:55.548139,26.281096,0.020008,-0.005490,0.990640
2026-08-31T18:55:55.579703,26.312660,0.019764,-0.004758,0.990030
2026-08-31T18:55:55.579783,26.312740,0.019886,-0.005490,0.990640
2026-08-31T18:55:55.608481,26.341438,0.020130,-0.005734,0.990152
2026-08-31T18:55:55.636560,26.369517,0.020130,-0.004758,0.990762
2026-08-31T18:55:55.669395,26.402352,0.020008,-0.005124,0.990518
2026-08-31T18:55:55.669462,26.402419,0.019764,-0.005124,0.990518
2026-08-31T18:55:55.698847,26.431804,0.019886,-0.005856,0.990640
2026-08-31T18:55:55.727536,26.460493,0.020252,-0.005124,0.990518
2026-08-31T18:55:55.727659,26.460616,0.020130,-0.005246,0.991250
2026-08-31T18:55:55.756517,26.489474,0.020618,-0.006100,0.991006
2026-08-31T18:55:55.788228,26.521185,0.020496,-0.005734,0.990274
2026-08-31T18:55:55.788312,26.521269,0.020130,-0.005124,0.990518
2026-08-31T18:55:55.816369,26.549326,0.020252,-0.005490,0.991128
2026-08-31T18:55:55.847121,26.580078,0.020374,-0.004636,0.990030
2026-08-31T18:55:55.878103,26.611060,0.020740,-0.005368,0.990884
2026-08-31T18:55:55.878231,26.611188,0.019886,-0.005246,0.990640
2026-08-31T18:55:55.907942,26.640899,0.020252,-0.005246,0.990396
2026-08-31T18:55:55.908021,26.640978,0.019886,-0.005734,0.991250
2026-08-31T18:55:55.935892,26.668849,0.020008,-0.005246,0.990884
2026-08-31T18:55:55.967293,26.700250,0.020740,-0.005734,0.990030
2026-08-31T18:55:55.967354,26.700311,0.020008,-0.005368,0.990640
2026-08-31T18:55:55.996725,26.729682,0.020130,-0.005002,0.990152
2026-08-31T18:55:56.028054,26.761011,0.019764,-0.005490,0.990518
2026-08-31T18:55:56.028166,26.761123,0.020740,-0.005246,0.990762
2026-08-31T18:55:56.056591,26.789548,0.020374,-0.005856,0.990274
2026-08-31T18:55:56.088309,26.821266,0.019886,-0.005002,0.991006
2026-08-31T18:55:56.088395,26.821352,0.020252,-0.005490,0.990518
2026-08-31T18:55:56.116341,26.849298,0.019642,-0.005368,0.990762
2026-08-31T18:55:56.146902,26.879859,0.020740,-0.005612,0.991372
2026-08-31T18:55:56.177380,26.910337,0.019520,-0.005368,0.990396
2026-08-31T18:55:56.177450,26.910407,0.019764,-0.005124,0.990030
2026-08-31T18:55:56.206574,26.939531,0.020374,-0.005368,0.990884
2026-08-31T18:55:56.238391,26.971348,0.020618,-0.005368,0.990762
2026-08-31T18:55:56.238472,26.971429,0.020496,-0.005490,0.990274
2026-08-31T18:55:56.266506,26.999463,0.019398,-0.006222,0.990762
2026-08-31T18:55:56.298197,27.031154,0.019520,-0.005246,0.990152
2026-08-31T18:55:56.298283,27.031240,0.020618,-0.005490,0.990152
2026-08-31T18:55:56.326247,27.059204,0.020252,-0.005612,0.990762
2026-08-31T18:55:56.357052,27.090009,0.020374,-0.005978,0.990152
2026-08-31T18:55:56.387785,27.120742,0.019886,-0.005246,0.990762
2026-08-31T18:55:56.390379,27.123336,0.020496,-0.005612,0.990396
2026-08-31T18:55:56.419823,27.152780,0.020374,-0.005246,0.990884
2026-08-31T18:55:56.419915,27.152872,0.020008,-0.005368,0.990396
2026-08-31T18:55:56.448913,27.181870,0.020740,-0.004758,0.990762
2026-08-31T18:55:56.477440,27.210397,0.019886,-0.005490,0.991128
2026-08-31T18:55:56.506985,27.239942,0.020496,-0.005368,0.990640
2026-08-31T18:55:56.508172,27.241129,0.020618,-0.005490,0.990518
2026-08-31T18:55:56.536809,27.269766,0.020374,-0.005612,0.990518
2026-08-31T18:55:56.568100,27.301057,0.020374,-0.005612,0.990152
2026-08-31T18:55:56.568173,27.301130,0.019520,-0.005246,0.990152
2026-08-31T18:55:56.596884,27.329841,0.020008,-0.005002,0.990640
2026-08-31T18:55:56.626662,27.359619,0.020252,-0.005490,0.990884
2026-08-31T18:55:56.627790,27.360747,0.020984,-0.005002,0.990274
2026-08-31T18:55:56.658917,27.391874,0.019764,-0.005368,0.990518
2026-08-31T18:55:56.690063,27.423020,0.020130,-0.005490,0.990152
2026-08-31T18:55:56.690203,27.423160,0.020740,-0.005612,0.990640
2026-08-31T18:55:56.719198,27.452155,0.020130,-0.005368,0.990396
2026-08-31T18:55:56.749901,27.482858,0.019886,-0.004880,0.990518
2026-08-31T18:55:56.749992,27.482949,0.020252,-0.004758,0.990884
2026-08-31T18:55:56.778917,27.511874,0.020008,-0.005856,0.990396
2026-08-31T18:55:56.807337,27.540294,0.020374,-0.005368,0.990030
2026-08-31T18:55:56.868887,27.601844,0.019764,-0.005368,0.990762
2026-08-31T18:55:56.869102,27.602059,0.020008,-0.005246,0.990274
2026-08-31T18:55:56.869172,27.602129,0.020374,-0.005490,0.991006
2026-08-31T18:55:56.897806,27.630763,0.020618,-0.005124,0.990640
2026-08-31T18:55:56.897888,27.630845,0.020008,-0.005368,0.990518
2026-08-31T18:55:56.926200,27.659157,0.020008,-0.005124,0.990640
2026-08-31T18:55:56.958194,27.691151,0.019642,-0.005368,0.990396
2026-08-31T18:55:56.958275,27.691232,0.020496,-0.004758,0.990396
2026-08-31T18:55:56.986568,27.719525,0.020618,-0.005124,0.990152
2026-08-31T18:55:57.018146,27.751103,0.020740,-0.005612,0.990396
2026-08-31T18:55:57.018235,27.751192,0.020130,-0.005002,0.990274
2026-08-31T18:55:57.046300,27.779257,0.020130,-0.005612,0.990152
2026-08-31T18:55:57.077656,27.810613,0.019154,-0.005368,0.989664
2026-08-31T18:55:57.077715,27.810672,0.020984,-0.005612,0.990518
2026-08-31T18:55:57.106728,27.839685,0.020740,-0.005124,0.990274
2026-08-31T18:55:57.137424,27.870381,0.019764,-0.005368,0.989786
2026-08-31T18:55:57.168158,27.901115,0.020252,-0.005368,0.990640
2026-08-31T18:55:57.168236,27.901193,0.019886,-0.005124,0.990030
2026-08-31T18:55:57.196284,27.929241,0.020130,-0.005978,0.990518
2026-08-31T18:55:57.228348,27.961305,0.019764,-0.005246,0.990518
2026-08-31T18:55:57.228430,27.961387,0.020740,-0.004880,0.990640
2026-08-31T18:55:57.256845,27.989802,0.020740,-0.005856,0.991006
2026-08-31T18:55:57.287501,28.020458,0.020252,-0.005002,0.990274
2026-08-31T18:55:57.290219,28.023176,0.019764,-0.005124,0.990396
2026-08-31T18:55:57.319005,28.051962,0.019886,-0.005734,0.990884
2026-08-31T18:55:57.349384,28.082341,0.020130,-0.005246,0.990030
2026-08-31T18:55:57.349453,28.082410,0.020130,-0.005978,0.991006
2026-08-31T18:55:57.378174,28.111131,0.020740,-0.005490,0.991250
2026-08-31T18:55:57.409130,28.142087,0.020740,-0.005002,0.991128
2026-08-31T18:55:57.409169,28.142126,0.020008,-0.005368,0.991006
2026-08-31T18:55:57.438769,28.171726,0.019642,-0.004880,0.990640
2026-08-31T18:55:57.469269,28.202226,0.020618,-0.005368,0.991128
2026-08-31T18:55:57.499866,28.232823,0.020130,-0.005368,0.990274
2026-08-31T18:55:57.499954,28.232911,0.020984,-0.005246,0.990396
2026-08-31T18:55:57.528882,28.261839,0.020496,-0.005124,0.990030
2026-08-31T18:55:57.557645,28.290602,0.020374,-0.005124,0.990152
2026-08-31T18:55:57.558448,28.291405,0.020496,-0.005124,0.990274
2026-08-31T18:55:57.586411,28.319368,0.020618,-0.005490,0.990030
2026-08-31T18:55:57.617505,28.350462,0.020252,-0.005124,0.990518
2026-08-31T18:55:57.619591,28.352548,0.020374,-0.005002,0.990518
2026-08-31T18:55:57.648716,28.381673,0.020252,-0.005368,0.990518
2026-08-31T18:55:57.679619,28.412576,0.020252,-0.005612,0.990274
2026-08-31T18:55:57.679704,28.412661,0.020496,-0.005612,0.990884
2026-08-31T18:55:57.709325,28.442282,0.020374,-0.005124,0.990762
2026-08-31T18:55:57.740345,28.473302,0.020008,-0.005124,0.990884
2026-08-31T18:55:57.740423,28.473380,0.020008,-0.005002,0.989542
2026-08-31T18:55:57.769316,28.502273,0.020008,-0.005124,0.990152
2026-08-31T18:55:57.800070,28.533027,0.019886,-0.004880,0.990640
2026-08-31T18:55:57.800157,28.533114,0.020740,-0.005612,0.990274
2026-08-31T18:55:57.828979,28.561936,0.020618,-0.005734,0.990396
2026-08-31T18:55:57.858687,28.591644,0.020984,-0.005246,0.990274
2026-08-31T18:55:57.858789,28.591746,0.019764,-0.005612,0.989786
2026-08-31T18:55:57.888894,28.621851,0.020374,-0.005612,0.990152
2026-08-31T18:55:57.917363,28.650320,0.019764,-0.005734,0.990396
2026-08-31T18:55:57.947529,28.680486,0.020252,-0.005246,0.989786
2026-08-31T18:55:57.947616,28.680573,0.020374,-0.005490,0.990030
2026-08-31T18:55:57.977164,28.710121,0.020862,-0.005490,0.991128
2026-08-31T18:55:57.978933,28.711890,0.019764,-0.005368,0.990274
2026-08-31T18:55:58.008863,28.741820,0.019520,-0.005368,0.990640
2026-08-31T18:55:58.039582,28.772539,0.020496,-0.005246,0.990640
2026-08-31T18:55:58.070059,28.803016,0.020252,-0.005856,0.990396
2026-08-31T18:55:58.070146,28.803103,0.020984,-0.005490,0.990152
2026-08-31T18:55:58.098734,28.831691,0.020618,-0.005124,0.990518
2026-08-31T18:55:58.127866,28.860823,0.020618,-0.005490,0.990396
2026-08-31T18:55:58.127932,28.860889,0.020008,-0.005612,0.990640
2026-08-31T18:55:58.156522,28.889479,0.020130,-0.005002,0.989908
2026-08-31T18:55:58.188498,28.921455,0.020374,-0.005368,0.990762
2026-08-31T18:55:58.188593,28.921550,0.020496,-0.005368,0.991128
2026-08-31T18:55:58.216805,28.949762,0.020862,-0.006222,0.990884
2026-08-31T18:55:58.247991,28.980948,0.020130,-0.005978,0.990518
2026-08-31T18:55:58.248121,28.981078,0.019764,-0.005490,0.990030
2026-08-31T18:55:58.276346,29.009303,0.020618,-0.005612,0.990396
2026-08-31T18:55:58.309322,29.042279,0.020252,-0.005368,0.989786
2026-08-31T18:55:58.309385,29.042342,0.020008,-0.005734,0.990762
2026-08-31T18:55:58.336348,29.069305,0.020130,-0.005612,0.990518
2026-08-31T18:55:58.368173,29.101130,0.020252,-0.005856,0.990274
2026-08-31T18:55:58.368274,29.101231,0.020008,-0.005490,0.991006
2026-08-31T18:55:58.396978,29.129935,0.020130,-0.005612,0.990396
2026-08-31T18:55:58.428194,29.161151,0.020008,-0.005612,0.990884
2026-08-31T18:55:58.428278,29.161235,0.020496,-0.005368,0.990518
2026-08-31T18:55:58.457013,29.189970,0.020496,-0.005368,0.990030
2026-08-31T18:55:58.488519,29.221476,0.020130,-0.005490,0.990640
2026-08-31T18:55:58.488613,29.221570,0.020618,-0.005490,0.990274
2026-08-31T18:55:58.516478,29.249435,0.020618,-0.005490,0.990152
2026-08-31T18:55:58.546793,29.279750,0.020008,-0.005734,0.990640
2026-08-31T18:55:58.577816,29.310773,0.021106,-0.005368,0.991128
2026-08-31T18:55:58.577936,29.310893,0.020374,-0.005734,0.990518
2026-08-31T18:55:58.607977,29.340934,0.020130,-0.005124,0.990396
2026-08-31T18:55:58.608058,29.341015,0.019886,-0.005490,0.990152
2026-08-31T18:55:58.636312,29.369269,0.020252,-0.005490,0.990152
2026-08-31T18:55:58.668217,29.401174,0.020496,-0.005490,0.990884
2026-08-31T18:55:58.668303,29.401260,0.020252,-0.005124,0.990518
2026-08-31T18:55:58.696633,29.429590,0.020130,-0.005490,0.990518
2026-08-31T18:55:58.727688,29.460645,0.020008,-0.005246,0.989542
2026-08-31T18:55:58.727752,29.460709,0.020252,-0.005124,0.990030
2026-08-31T18:55:58.756622,29.489579,0.020252,-0.005368,0.990640
2026-08-31T18:55:58.786871,29.519828,0.019764,-0.005002,0.990762
2026-08-31T18:55:58.817186,29.550143,0.020374,-0.005612,0.990640
2026-08-31T18:55:58.847418,29.580375,0.021106,-0.005734,0.991250
2026-08-31T18:55:58.848681,29.581638,0.020130,-0.005734,0.990640
2026-08-31T18:55:58.879788,29.612745,0.021228,-0.005124,0.990274
2026-08-31T18:55:58.879885,29.612842,0.019642,-0.005124,0.990640
2026-08-31T18:55:58.908902,29.641859,0.020008,-0.004880,0.990396
2026-08-31T18:55:58.938677,29.671634,0.020618,-0.004270,0.990274
2026-08-31T18:55:58.938761,29.671718,0.020130,-0.005612,0.990762
2026-08-31T18:55:58.967023,29.699980,0.020740,-0.005978,0.990762
2026-08-31T18:55:58.997044,29.730001,0.019886,-0.004514,0.990518
2026-08-31T18:55:59.027794,29.760751,0.018544,-0.004514,0.989176
2026-08-31T18:55:59.027856,29.760813,0.018544,-0.005002,0.989664
2026-08-31T18:55:59.057172,29.790129,0.016714,-0.005490,0.985394
2026-08-31T18:55:59.057228,29.790185,0.023912,-0.004514,0.997594
2026-08-31T18:55:59.086363,29.819320,0.020862,-0.005978,0.987468
2026-08-31T18:55:59.117257,29.850214,0.022570,-0.007320,0.991128
2026-08-31T18:55:59.148042,29.880999,0.018788,-0.005856,0.990640
2026-08-31T18:55:59.148129,29.881086,0.017934,-0.005734,0.989298
2026-08-31T18:55:59.176388,29.909345,0.020008,-0.003538,0.990762
2026-08-31T18:55:59.207625,29.940582,0.022448,-0.003660,0.992592
2026-08-31T18:55:59.208763,29.941720,0.022570,-0.004514,0.992470
2026-08-31T18:55:59.240505,29.973462,0.020374,-0.007198,0.989664
2026-08-31T18:55:59.268962,30.001919,0.017324,-0.007930,0.988444
2026-08-31T18:55:59.299883,30.032840,0.018788,-0.005246,0.990274
2026-08-31T18:55:59.299951,30.032908,0.020984,-0.005124,0.990396
2026-08-31T18:55:59.329276,30.062233,0.020984,-0.005734,0.991006
2026-08-31T18:55:59.359838,30.092795,0.020862,-0.006222,0.991860
2026-08-31T18:55:59.359921,30.092878,0.021106,-0.006588,0.990274
2026-08-31T18:55:59.388960,30.121917,0.021350,-0.006344,0.991128
2026-08-31T18:55:59.420022,30.152979,0.019398,-0.005978,0.989298
2026-08-31T18:55:59.420108,30.153065,0.018910,-0.006100,0.989786
2026-08-31T18:55:59.449060,30.182017,0.020740,-0.006710,0.990518
2026-08-31T18:55:59.478054,30.211011,0.020984,-0.006466,0.990884
2026-08-31T18:55:59.478154,30.211111,0.020252,-0.005978,0.992348
2026-08-31T18:55:59.506914,30.239871,0.021472,-0.006344,0.991738
2026-08-31T18:55:59.538272,30.271229,0.020862,-0.007076,0.989786
2026-08-31T18:55:59.538345,30.271302,0.019276,-0.006222,0.989908
2026-08-31T18:55:59.566658,30.299615,0.019642,-0.005124,0.990640
2026-08-31T18:55:59.597183,30.330140,0.019764,-0.005734,0.991128
2026-08-31T18:55:59.627761,30.360718,0.020496,-0.006710,0.991738
2026-08-31T18:55:59.627852,30.360809,0.022082,-0.006100,0.991250
2026-08-31T18:55:59.659057,30.392014,0.020740,-0.006710,0.992226
2026-08-31T18:55:59.688372,30.421329,0.019398,-0.006344,0.988200
2026-08-31T18:55:59.688447,30.421404,0.019276,-0.005368,0.989664
2026-08-31T18:55:59.716669,30.449626,0.019764,-0.006954,0.990030
2026-08-31T18:55:59.748016,30.480973,0.021228,-0.007076,0.992348
2026-08-31T18:55:59.748096,30.481053,0.019520,-0.007320,0.988932
2026-08-31T18:55:59.777376,30.510333,0.020984,-0.006588,0.991616
2026-08-31T18:55:59.807764,30.540721,0.021350,-0.005734,0.991738
2026-08-31T18:55:59.807836,30.540793,0.021716,-0.005368,0.987590
2026-08-31T18:55:59.836350,30.569307,0.012078,-0.002806,0.977098
2026-08-31T18:55:59.867338,30.600295,-0.035868,-0.010004,0.951844
2026-08-31T18:55:59.868628,30.601585,-0.182390,-0.014152,0.924394
2026-08-31T18:55:59.899053,30.632010,-0.288774,0.016592,1.092022
2026-08-31T18:55:59.928978,30.661935,0.356118,-0.007930,1.048224
2026-08-31T18:55:59.958742,30.691699,0.305488,-0.025010,1.033096
2026-08-31T18:55:59.958787,30.691744,0.060512,-0.002928,1.038952
2026-08-31T18:55:59.988949,30.721906,0.004758,-0.012444,1.219512
2026-08-31T18:56:00.018325,30.751282,-0.029158,-0.005490,0.930006
2026-08-31T18:56:00.018407,30.751364,0.082106,0.015494,1.026630
2026-08-31T18:56:00.047785,30.780742,0.019154,-0.009028,1.224270
2026-08-31T18:56:00.047874,30.780831,0.019032,-0.009516,0.997960
2026-08-31T18:56:00.077070,30.810027,0.012322,-0.008906,1.001498
2026-08-31T18:56:00.106775,30.839732,0.017324,-0.010370,0.983808
2026-08-31T18:56:00.138253,30.871210,0.024278,-0.008174,0.992226
2026-08-31T18:56:00.138331,30.871288,0.071126,-0.079056,0.979904
2026-08-31T18:56:00.166658,30.899615,0.379542,-0.196542,0.908290
2026-08-31T18:56:00.197428,30.930385,0.263764,0.219966,1.067622
2026-08-31T18:56:00.227812,30.960769,-0.630496,-0.150792,0.748348
2026-08-31T18:56:00.227898,30.960855,0.212402,-0.026352,1.137040
2026-08-31T18:56:00.257916,30.990873,-0.024278,-0.049288,0.959530
2026-08-31T18:56:00.287664,31.020621,0.042944,0.020252,1.007110
2026-08-31T18:56:00.287733,31.020690,0.016592,-0.002196,0.983808
2026-08-31T18:56:00.316947,31.049904,0.018666,-0.007442,0.992714
2026-08-31T18:56:00.317847,31.050804,0.021716,-0.006710,0.991128
2026-08-31T18:56:00.346790,31.079747,0.022692,-0.007320,0.990640
2026-08-31T18:56:00.377088,31.110045,0.020740,-0.005978,0.990274
2026-08-31T18:56:00.408528,31.141485,0.020740,-0.005734,0.990640
2026-08-31T18:56:00.408606,31.141563,0.020984,-0.006100,0.991250
2026-08-31T18:56:00.437052,31.170009,0.020740,-0.006344,0.991128
2026-08-31T18:56:00.438143,31.171100,0.021106,-0.005368,0.990640
2026-08-31T18:56:00.467095,31.200052,0.021106,-0.005612,0.990152
2026-08-31T18:56:00.498173,31.231130,0.020496,-0.005612,0.990030
2026-08-31T18:56:00.498254,31.231211,0.020374,-0.005612,0.990884
2026-08-31T18:56:00.526414,31.259371,0.021716,-0.006100,0.990640
2026-08-31T18:56:00.557530,31.290487,0.021228,-0.005368,0.991128
2026-08-31T18:56:00.587626,31.320583,0.021228,-0.006100,0.990762
2026-08-31T18:56:00.587708,31.320665,0.021228,-0.005734,0.990518
2026-08-31T18:56:00.616467,31.349424,0.021960,-0.005856,0.990030
2026-08-31T18:56:00.648115,31.381072,0.021350,-0.005490,0.989908
2026-08-31T18:56:00.648200,31.381157,0.021594,-0.005612,0.990884
2026-08-31T18:56:00.676699,31.409656,0.020862,-0.005368,0.990274
2026-08-31T18:56:00.708590,31.441547,0.020984,-0.005734,0.991128
2026-08-31T18:56:00.708660,31.441617,0.020740,-0.006100,0.990396
2026-08-31T18:56:00.736094,31.469051,0.021350,-0.005856,0.990640
2026-08-31T18:56:00.767865,31.500822,0.021472,-0.005734,0.990152
2026-08-31T18:56:00.767925,31.500882,0.021106,-0.005734,0.990274
2026-08-31T18:56:00.796997,31.529954,0.020984,-0.005612,0.990762
2026-08-31T18:56:00.828240,31.561197,0.020740,-0.005612,0.990274
2026-08-31T18:56:00.828320,31.561277,0.021716,-0.005246,0.990274
2026-08-31T18:56:00.857177,31.590134,0.020984,-0.005734,0.990518
2026-08-31T18:56:00.887154,31.620111,0.021472,-0.005734,0.990762
2026-08-31T18:56:00.918282,31.651239,0.021350,-0.005856,0.990274
2026-08-31T18:56:00.918370,31.651327,0.020984,-0.005490,0.990030
2026-08-31T18:56:00.947762,31.680719,0.021106,-0.005490,0.990518
2026-08-31T18:56:00.947848,31.680805,0.020618,-0.005856,0.990762
2026-08-31T18:56:00.976379,31.709336,0.021716,-0.005978,0.990274
2026-08-31T18:56:01.008053,31.741010,0.020862,-0.005612,0.989908
2026-08-31T18:56:01.038077,31.771034,0.021106,-0.005002,0.990030
2026-08-31T18:56:01.038163,31.771120,0.021472,-0.005734,0.990274
2026-08-31T18:56:01.068067,31.801024,0.021350,-0.005734,0.990030
2026-08-31T18:56:01.068146,31.801103,0.021228,-0.005490,0.990884
2026-08-31T18:56:01.098991,31.831948,0.021106,-0.006100,0.990762
2026-08-31T18:56:01.127400,31.860357,0.020984,-0.006222,0.990640
2026-08-31T18:56:01.157480,31.890437,0.021228,-0.005612,0.990030
2026-08-31T18:56:01.187059,31.920016,0.021350,-0.005246,0.990396
2026-08-31T18:56:01.188247,31.921204,0.021838,-0.005612,0.990640
2026-08-31T18:56:01.216831,31.949788,0.020374,-0.005490,0.990152
2026-08-31T18:56:01.247759,31.980716,0.021106,-0.005368,0.990396
2026-08-31T18:56:01.247821,31.980778,0.021228,-0.005368,0.991250
2026-08-31T18:56:01.278783,32.011740,0.021106,-0.005856,0.990518
2026-08-31T18:56:01.307932,32.040889,0.021228,-0.005124,0.990030
2026-08-31T18:56:01.309813,32.042770,0.021838,-0.005734,0.990518
2026-08-31T18:56:01.339375,32.072332,0.021350,-0.005734,0.990030
2026-08-31T18:56:01.367744,32.100701,0.020862,-0.005490,0.990518
2026-08-31T18:56:01.400068,32.133025,0.021350,-0.005490,0.990030
2026-08-31T18:56:01.400148,32.133105,0.021594,-0.005734,0.990396
2026-08-31T18:56:01.429025,32.161982,0.021594,-0.005612,0.990274
2026-08-31T18:56:01.457575,32.190532,0.021350,-0.005978,0.990152
2026-08-31T18:56:01.487454,32.220411,0.020862,-0.005612,0.989786
2026-08-31T18:56:01.487516,32.220473,0.021350,-0.005612,0.990152
2026-08-31T18:56:01.517669,32.250626,0.020984,-0.005734,0.990152
2026-08-31T18:56:01.517755,32.250712,0.020984,-0.005490,0.991250
2026-08-31T18:56:01.546762,32.279719,0.021594,-0.005124,0.990884
2026-08-31T18:56:01.578439,32.311396,0.021228,-0.005490,0.990884
2026-08-31T18:56:01.578520,32.311477,0.020984,-0.005978,0.990030
2026-08-31T18:56:01.607770,32.340727,0.021106,-0.005612,0.990518
2026-08-31T18:56:01.637352,32.370309,0.021472,-0.005612,0.990640
2026-08-31T18:56:01.668210,32.401167,0.021838,-0.005124,0.989786
2026-08-31T18:56:01.668299,32.401256,0.021472,-0.005734,0.990640
2026-08-31T18:56:01.698537,32.431494,0.021594,-0.005856,0.990396
2026-08-31T18:56:01.728304,32.461261,0.021594,-0.005490,0.990274
2026-08-31T18:56:01.728411,32.461368,0.020862,-0.005612,0.990518
2026-08-31T18:56:01.757576,32.490533,0.021228,-0.006100,0.990274
2026-08-31T18:56:01.788102,32.521059,0.021472,-0.005978,0.990274
2026-08-31T18:56:01.788178,32.521135,0.020984,-0.005856,0.990274
2026-08-31T18:56:01.816492,32.549449,0.020984,-0.005734,0.990396
2026-08-31T18:56:01.848489,32.581446,0.020984,-0.005368,0.990274
2026-08-31T18:56:01.848556,32.581513,0.021228,-0.005978,0.991128
2026-08-31T18:56:01.876539,32.609496,0.021472,-0.005612,0.990274
2026-08-31T18:56:01.908340,32.641297,0.021106,-0.005734,0.990396
2026-08-31T18:56:01.908477,32.641434,0.021594,-0.005368,0.990884
2026-08-31T18:56:01.936427,32.669384,0.021838,-0.005124,0.990030
2026-08-31T18:56:01.967810,32.700767,0.021838,-0.006100,0.990640
2026-08-31T18:56:01.967881,32.700838,0.021350,-0.005490,0.990518
2026-08-31T18:56:01.999118,32.732075,0.021228,-0.005856,0.990884
2026-08-31T18:56:02.027451,32.760408,0.021106,-0.005490,0.990030
2026-08-31T18:56:02.057831,32.790788,0.021594,-0.005612,0.990640
2026-08-31T18:56:02.058732,32.791689,0.020740,-0.005856,0.989908
2026-08-31T18:56:02.087196,32.820153,0.021472,-0.005856,0.990030
2026-08-31T18:56:02.117341,32.850298,0.021960,-0.005856,0.990396
2026-08-31T18:56:02.147646,32.880603,0.020984,-0.005734,0.990396
2026-08-31T18:56:02.147720,32.880677,0.021106,-0.005490,0.990152
2026-08-31T18:56:02.176859,32.909816,0.021472,-0.005612,0.990396
2026-08-31T18:56:02.177999,32.910956,0.021716,-0.005978,0.990518
2026-08-31T18:56:02.208083,32.941040,0.020862,-0.005734,0.990152
2026-08-31T18:56:02.237281,32.970238,0.021838,-0.005856,0.990518
2026-08-31T18:56:02.268162,33.001119,0.021594,-0.005368,0.990152
2026-08-31T18:56:02.268247,33.001204,0.020984,-0.005734,0.991006
2026-08-31T18:56:02.296793,33.029750,0.020862,-0.005978,0.990518
2026-08-31T18:56:02.328303,33.061260,0.020984,-0.005856,0.990274
2026-08-31T18:56:02.328362,33.061319,0.021716,-0.005978,0.990518
2026-08-31T18:56:02.356567,33.089524,0.021716,-0.005490,0.990518
2026-08-31T18:56:02.387381,33.120338,0.021228,-0.005612,0.990884
2026-08-31T18:56:02.416995,33.149952,0.021716,-0.005978,0.990762
2026-08-31T18:56:02.417050,33.150007,0.021716,-0.005612,0.990274
2026-08-31T18:56:02.445626,33.178583,0.021350,-0.005734,0.990396
2026-08-31T18:56:02.477302,33.210259,0.021228,-0.004880,0.990274
2026-08-31T18:56:02.477347,33.210304,0.021350,-0.005612,0.990274
2026-08-31T18:56:02.506589,33.239546,0.021594,-0.005856,0.990518
2026-08-31T18:56:02.538277,33.271234,0.021350,-0.005978,0.990396
2026-08-31T18:56:02.538357,33.271314,0.021228,-0.005246,0.990274
2026-08-31T18:56:02.566828,33.299785,0.021228,-0.005734,0.990518
2026-08-31T18:56:02.597261,33.330218,0.021106,-0.005734,0.990030
2026-08-31T18:56:02.629380,33.362337,0.021472,-0.005490,0.990640
2026-08-31T18:56:02.629466,33.362423,0.021472,-0.005612,0.990762
2026-08-31T18:56:02.658797,33.391754,0.021472,-0.005734,0.990152
2026-08-31T18:56:02.687431,33.420388,0.021472,-0.005246,0.990518
2026-08-31T18:56:02.688423,33.421380,0.021594,-0.005612,0.989908
2026-08-31T18:56:02.719142,33.452099,0.021716,-0.005368,0.991006
2026-08-31T18:56:02.750202,33.483159,0.021716,-0.005612,0.989542
2026-08-31T18:56:02.750289,33.483246,0.021594,-0.005612,0.990396
2026-08-31T18:56:02.779203,33.512160,0.020984,-0.005368,0.989664
2026-08-31T18:56:02.809393,33.542350,0.022082,-0.005246,0.990518
2026-08-31T18:56:02.810172,33.543129,0.021106,-0.005490,0.990030
2026-08-31T18:56:02.839194,33.572151,0.021472,-0.005978,0.990518
2026-08-31T18:56:02.869519,33.602476,0.021472,-0.005368,0.991006
2026-08-31T18:56:02.899494,33.632451,0.020862,-0.005856,0.990152
2026-08-31T18:56:02.899570,33.632527,0.020984,-0.005490,0.990396
2026-08-31T18:56:02.928790,33.661747,0.021594,-0.005612,0.990518
2026-08-31T18:56:02.960022,33.692979,0.021106,-0.005490,0.990030
2026-08-31T18:56:02.960087,33.693044,0.021594,-0.005612,0.990518
2026-08-31T18:56:02.989980,33.722937,0.021838,-0.005368,0.990152
2026-08-31T18:56:02.990067,33.723024,0.022326,-0.005856,0.990640
2026-08-31T18:56:03.019206,33.752163,0.021228,-0.005612,0.989664
2026-08-31T18:56:03.049188,33.782145,0.021350,-0.005856,0.990274
2026-08-31T18:56:03.078518,33.811475,0.021350,-0.005490,0.990518
2026-08-31T18:56:03.078592,33.811549,0.021472,-0.005734,0.990396
2026-08-31T18:56:03.108122,33.841079,0.021960,-0.005856,0.991006
2026-08-31T18:56:03.137798,33.870755,0.021716,-0.005734,0.990762
2026-08-31T18:56:03.137869,33.870826,0.021716,-0.005612,0.990762
2026-08-31T18:56:03.166950,33.899907,0.020862,-0.005246,0.990030
2026-08-31T18:56:03.198262,33.931219,0.020862,-0.005490,0.990518
2026-08-31T18:56:03.198350,33.931307,0.021350,-0.006344,0.990518
2026-08-31T18:56:03.226481,33.959438,0.022326,-0.005978,0.990640
2026-08-31T18:56:03.259030,33.991987,0.021350,-0.005856,0.990640
2026-08-31T18:56:03.288370,34.021327,0.021106,-0.005612,0.990152
2026-08-31T18:56:03.288452,34.021409,0.020862,-0.005368,0.990640
2026-08-31T18:56:03.317817,34.050774,0.021594,-0.005978,0.990396
2026-08-31T18:56:03.317895,34.050852,0.020740,-0.005124,0.990396
2026-08-31T18:56:03.347219,34.080176,0.020862,-0.006100,0.990396
2026-08-31T18:56:03.376926,34.109883,0.022204,-0.005856,0.990518
2026-08-31T18:56:03.409714,34.142671,0.021472,-0.005368,0.990030
2026-08-31T18:56:03.409775,34.142732,0.021472,-0.005246,0.990640
2026-08-31T18:56:03.438986,34.171943,0.022082,-0.006100,0.990274
2026-08-31T18:56:03.468530,34.201487,0.021472,-0.005612,0.990884
2026-08-31T18:56:03.468610,34.201567,0.021594,-0.005612,0.990518
2026-08-31T18:56:03.528467,34.261424,0.021228,-0.005978,0.990640
2026-08-31T18:56:03.528574,34.261531,0.020740,-0.005612,0.990274
2026-08-31T18:56:03.558722,34.291679,0.021716,-0.005612,0.990518
2026-08-31T18:56:03.558795,34.291752,0.021960,-0.005490,0.990030
2026-08-31T18:56:03.587040,34.319997,0.022326,-0.005368,0.990762
2026-08-31T18:56:03.617487,34.350444,0.020984,-0.005490,0.990518
2026-08-31T18:56:03.617557,34.350514,0.021350,-0.005246,0.990640
2026-08-31T18:56:03.646473,34.379430,0.021594,-0.005734,0.990274
2026-08-31T18:56:03.677623,34.410580,0.021350,-0.005856,0.990274
2026-08-31T18:56:03.708890,34.441847,0.021594,-0.005490,0.991372
2026-08-31T18:56:03.708969,34.441926,0.022082,-0.005124,0.991372
2026-08-31T18:56:03.736609,34.469566,0.020740,-0.005612,0.990518
2026-08-31T18:56:03.768932,34.501889,0.021716,-0.006100,0.990396
2026-08-31T18:56:03.769010,34.501967,0.021716,-0.005368,0.990884
2026-08-31T18:56:03.797464,34.530421,0.021838,-0.005612,0.990884
2026-08-31T18:56:03.828131,34.561088,0.021472,-0.005490,0.990274
2026-08-31T18:56:03.828234,34.561191,0.021350,-0.005612,0.990396
2026-08-31T18:56:03.856909,34.589866,0.020984,-0.005368,0.990640
2026-08-31T18:56:03.888430,34.621387,0.020984,-0.005368,0.989908
2026-08-31T18:56:03.888520,34.621477,0.021594,-0.005856,0.990274
2026-08-31T18:56:03.917308,34.650265,0.021960,-0.005246,0.990396
2026-08-31T18:56:03.918931,34.651888,0.021960,-0.005490,0.990396
2026-08-31T18:56:03.949009,34.681966,0.020862,-0.005734,0.990640
2026-08-31T18:56:03.977509,34.710466,0.021350,-0.006100,0.990030
2026-08-31T18:56:04.009089,34.742046,0.020984,-0.005368,0.990274
2026-08-31T18:56:04.009169,34.742126,0.021472,-0.006222,0.990640
2026-08-31T18:56:04.036845,34.769802,0.021350,-0.005734,0.990030
2026-08-31T18:56:04.068370,34.801327,0.021350,-0.005734,0.991006
2026-08-31T18:56:04.068441,34.801398,0.021594,-0.005246,0.990152
2026-08-31T18:56:04.098879,34.831836,0.021838,-0.005978,0.990152
2026-08-31T18:56:04.128321,34.861278,0.021106,-0.005734,0.990152
2026-08-31T18:56:04.128402,34.861359,0.021472,-0.005612,0.989786
2026-08-31T18:56:04.157093,34.890050,0.021472,-0.005490,0.991128
2026-08-31T18:56:04.188528,34.921485,0.020496,-0.005002,0.990030
2026-08-31T18:56:04.188621,34.921578,0.021106,-0.005734,0.990030
2026-08-31T18:56:04.216643,34.949600,0.021960,-0.005856,0.990640
2026-08-31T18:56:04.248396,34.981353,0.021716,-0.005734,0.989908
2026-08-31T18:56:04.248462,34.981419,0.021106,-0.005490,0.989786
2026-08-31T18:56:04.276828,35.009785,0.022082,-0.005612,0.990518
2026-08-31T18:56:04.309341,35.042298,0.021350,-0.005612,0.990396
2026-08-31T18:56:04.309411,35.042368,0.021716,-0.005734,0.990274
2026-08-31T18:56:04.336543,35.069500,0.021594,-0.005612,0.990762
2026-08-31T18:56:04.367590,35.100547,0.021594,-0.005490,0.990518
2026-08-31T18:56:04.429699,35.162656,0.020862,-0.006100,0.990030
2026-08-31T18:56:04.429938,35.162895,0.021350,-0.005612,0.990274
2026-08-31T18:56:04.430135,35.163092,0.021594,-0.005490,0.990762
2026-08-31T18:56:04.430187,35.163144,0.020740,-0.005734,0.990030
2026-08-31T18:56:04.456888,35.189845,0.021106,-0.005490,0.990030
2026-08-31T18:56:04.487441,35.220398,0.021960,-0.005124,0.990274
2026-08-31T18:56:04.518415,35.251372,0.021106,-0.005246,0.990152
2026-08-31T18:56:04.518503,35.251460,0.021472,-0.005734,0.990762
2026-08-31T18:56:04.546521,35.279478,0.021594,-0.005978,0.990396
2026-08-31T18:56:04.577140,35.310097,0.021350,-0.005490,0.990884
2026-08-31T18:56:04.607157,35.340114,0.021838,-0.005978,0.990030
2026-08-31T18:56:04.609841,35.342798,0.021716,-0.005856,0.990396
2026-08-31T18:56:04.637256,35.370213,0.021350,-0.005856,0.990762
2026-08-31T18:56:04.667460,35.400417,0.021716,-0.005490,0.990030
2026-08-31T18:56:04.669145,35.402102,0.021106,-0.005246,0.989786
2026-08-31T18:56:04.700124,35.433081,0.021838,-0.005490,0.990518
2026-08-31T18:56:04.700212,35.433169,0.021594,-0.005856,0.990884
2026-08-31T18:56:04.729077,35.462034,0.021594,-0.005368,0.990030
2026-08-31T18:56:04.758710,35.491667,0.021716,-0.005368,0.990274
2026-08-31T18:56:04.787532,35.520489,0.021350,-0.005124,0.990396
2026-08-31T18:56:04.788594,35.521551,0.022204,-0.005856,0.990152
2026-08-31T18:56:04.818899,35.551856,0.021594,-0.005978,0.990274
2026-08-31T18:56:04.850118,35.583075,0.021472,-0.005490,0.990396
2026-08-31T18:56:04.850191,35.583148,0.021350,-0.006100,0.990640
2026-08-31T18:56:04.879199,35.612156,0.021228,-0.005856,0.990396
2026-08-31T18:56:04.908678,35.641635,0.021594,-0.005368,0.990518
2026-08-31T18:56:04.937818,35.670775,0.021594,-0.005368,0.990762
2026-08-31T18:56:04.937900,35.670857,0.021716,-0.006466,0.990518
2026-08-31T18:56:04.966890,35.699847,0.021838,-0.005612,0.990518
2026-08-31T18:56:04.998383,35.731340,0.021472,-0.005856,0.990030
2026-08-31T18:56:04.998466,35.731423,0.021472,-0.005612,0.990518
2026-08-31T18:56:05.027006,35.759963,0.021350,-0.005734,0.990152
2026-08-31T18:56:05.028290,35.761247,0.021594,-0.005612,0.990274
2026-08-31T18:56:05.057178,35.790135,0.021960,-0.005246,0.990640
2026-08-31T18:56:05.087145,35.820102,0.021472,-0.005490,0.990030
2026-08-31T18:56:05.118297,35.851254,0.021960,-0.005856,0.990030
2026-08-31T18:56:05.118376,35.851333,0.021350,-0.005368,0.990396
2026-08-31T18:56:05.146898,35.879855,0.020862,-0.006588,0.990152
2026-08-31T18:56:05.178110,35.911067,0.020740,-0.005612,0.990518
2026-08-31T18:56:05.178187,35.911144,0.021350,-0.005734,0.990152
2026-08-31T18:56:05.206954,35.939911,0.021472,-0.005978,0.990274
2026-08-31T18:56:05.237418,35.970375,0.021960,-0.005124,0.989908
2026-08-31T18:56:05.268112,36.001069,0.021716,-0.005734,0.990030
2026-08-31T18:56:05.268191,36.001148,0.021960,-0.005490,0.990762
2026-08-31T18:56:05.298991,36.031948,0.021472,-0.005490,0.990640
2026-08-31T18:56:05.299057,36.032014,0.021106,-0.005124,0.989908
2026-08-31T18:56:05.326868,36.059825,0.021838,-0.005612,0.990030
2026-08-31T18:56:05.357501,36.090458,0.021594,-0.005490,0.990152
2026-08-31T18:56:05.388029,36.120986,0.021594,-0.005368,0.990396
2026-08-31T18:56:05.388121,36.121078,0.021838,-0.005734,0.990274
2026-08-31T18:56:05.419277,36.152234,0.021228,-0.005490,0.989786
2026-08-31T18:56:05.447634,36.180591,0.021838,-0.005734,0.989786
2026-08-31T18:56:05.477754,36.210711,0.021838,-0.006100,0.989908
2026-08-31T18:56:05.477832,36.210789,0.021106,-0.005368,0.990396
2026-08-31T18:56:05.506920,36.239877,0.021350,-0.005612,0.990762
2026-08-31T18:56:05.537801,36.270758,0.020496,-0.005856,0.991006
2026-08-31T18:56:05.538874,36.271831,0.021350,-0.005734,0.990152
2026-08-31T18:56:05.569178,36.302135,0.021838,-0.005490,0.990274
2026-08-31T18:56:05.599816,36.332773,0.021960,-0.005978,0.989908
2026-08-31T18:56:05.599884,36.332841,0.021838,-0.005856,0.990518
2026-08-31T18:56:05.628510,36.361467,0.021960,-0.005368,0.990518
2026-08-31T18:56:05.657596,36.390553,0.021350,-0.005734,0.991006
2026-08-31T18:56:05.660123,36.393080,0.021594,-0.005490,0.990762
2026-08-31T18:56:05.687274,36.420231,0.021960,-0.005612,0.990030
2026-08-31T18:56:05.718444,36.451401,0.021594,-0.005490,0.990884
2026-08-31T18:56:05.718534,36.451491,0.021472,-0.005368,0.990030
2026-08-31T18:56:05.746642,36.479599,0.021594,-0.005368,0.991006
2026-08-31T18:56:05.777224,36.510181,0.021838,-0.005856,0.990396
2026-08-31T18:56:05.808071,36.541028,0.020862,-0.005856,0.990884
2026-08-31T18:56:05.808146,36.541103,0.021960,-0.005368,0.991006
2026-08-31T18:56:05.836643,36.569600,0.022082,-0.005734,0.990274
2026-08-31T18:56:05.868991,36.601948,0.021106,-0.005490,0.990518
2026-08-31T18:56:05.869084,36.602041,0.021350,-0.005612,0.990762
2026-08-31T18:56:05.897421,36.630378,0.021594,-0.005124,0.990640
2026-08-31T18:56:05.927896,36.660853,0.021960,-0.005368,0.990396
2026-08-31T18:56:05.927979,36.660936,0.020862,-0.005490,0.990152
2026-08-31T18:56:05.956646,36.689603,0.021472,-0.004880,0.990274
2026-08-31T18:56:05.987523,36.720480,0.021228,-0.005490,0.990518
2026-08-31T18:56:06.017711,36.750668,0.021716,-0.005246,0.990274
2026-08-31T18:56:06.017770,36.750727,0.021960,-0.006222,0.990640
2026-08-31T18:56:06.047196,36.780153,0.021960,-0.005002,0.990640
2026-08-31T18:56:06.047254,36.780211,0.021472,-0.005856,0.990884
2026-08-31T18:56:06.076657,36.809614,0.021228,-0.005612,0.989664
2026-08-31T18:56:06.107746,36.840703,0.021838,-0.005734,0.989054
2026-08-31T18:56:06.138430,36.871387,0.021472,-0.005246,0.990396
2026-08-31T18:56:06.138517,36.871474,0.021350,-0.005856,0.990152
2026-08-31T18:56:06.168255,36.901212,0.021472,-0.005612,0.990152
2026-08-31T18:56:06.168332,36.901289,0.022570,-0.005734,0.990030
2026-08-31T18:56:06.196687,36.929644,0.021228,-0.005612,0.990152
2026-08-31T18:56:06.227616,36.960573,0.021228,-0.005246,0.990152
2026-08-31T18:56:06.227658,36.960615,0.021838,-0.005856,0.990762
2026-08-31T18:56:06.257183,36.990140,0.021838,-0.005734,0.990152
2026-08-31T18:56:06.287419,37.020376,0.021838,-0.005978,0.990274
2026-08-31T18:56:06.318477,37.051434,0.021350,-0.005612,0.989786
2026-08-31T18:56:06.318554,37.051511,0.021472,-0.005978,0.990152
2026-08-31T18:56:06.346876,37.079833,0.021838,-0.005978,0.990762
2026-08-31T18:56:06.378436,37.111393,0.021350,-0.005978,0.990640
2026-08-31T18:56:06.378513,37.111470,0.021838,-0.005490,0.990152
2026-08-31T18:56:06.406602,37.139559,0.022326,-0.005490,0.991006
2026-08-31T18:56:06.438427,37.171384,0.022204,-0.005246,0.990640
2026-08-31T18:56:06.438517,37.171474,0.021594,-0.005124,0.990518
2026-08-31T18:56:06.466780,37.199737,0.021838,-0.005856,0.990396
2026-08-31T18:56:06.497148,37.230105,0.021594,-0.005490,0.990396
2026-08-31T18:56:06.527391,37.260348,0.023058,-0.005734,0.990396
2026-08-31T18:56:06.528550,37.261507,0.021594,-0.005124,0.991006
2026-08-31T18:56:06.560059,37.293016,0.021472,-0.005978,0.989664
2026-08-31T18:56:06.560140,37.293097,0.021594,-0.006100,0.990884
2026-08-31T18:56:06.589222,37.322179,0.021716,-0.005612,0.990396
2026-08-31T18:56:06.617731,37.350688,0.021716,-0.005246,0.989786
2026-08-31T18:56:06.649717,37.382674,0.021594,-0.005612,0.989908
2026-08-31T18:56:06.649801,37.382758,0.021594,-0.005978,0.990396
2026-08-31T18:56:06.677980,37.410937,0.021838,-0.005978,0.990030
2026-08-31T18:56:06.707427,37.440384,0.021228,-0.005978,0.989664
2026-08-31T18:56:06.738502,37.471459,0.021594,-0.005734,0.989908
2026-08-31T18:56:06.738589,37.471546,0.021472,-0.005978,0.990762
2026-08-31T18:56:06.767261,37.500218,0.021228,-0.005246,0.990274
2026-08-31T18:56:06.800034,37.532991,0.021350,-0.005856,0.989908
2026-08-31T18:56:06.800126,37.533083,0.021106,-0.005368,0.990518
2026-08-31T18:56:06.829104,37.562061,0.021472,-0.006100,0.990396
2026-08-31T18:56:06.860155,37.593112,0.022082,-0.005612,0.990152
2026-08-31T18:56:06.860236,37.593193,0.021350,-0.005856,0.990152
2026-08-31T18:56:06.887629,37.620586,0.020740,-0.005124,0.990152
2026-08-31T18:56:06.917748,37.650705,0.021472,-0.005612,0.991128
2026-08-31T18:56:06.917835,37.650792,0.022204,-0.005490,0.990762
2026-08-31T18:56:06.947399,37.680356,0.021594,-0.005612,0.990030
2026-08-31T18:56:06.977662,37.710619,0.021960,-0.005490,0.990274
2026-08-31T18:56:06.977758,37.710715,0.021716,-0.005856,0.990274
2026-08-31T18:56:07.006801,37.739758,0.021594,-0.005612,0.990274
2026-08-31T18:56:07.037452,37.770409,0.021960,-0.005368,0.990030
2026-08-31T18:56:07.068901,37.801858,0.021838,-0.006100,0.990518
2026-08-31T18:56:07.068990,37.801947,0.021838,-0.005490,0.990884
2026-08-31T18:56:07.098599,37.831556,0.022082,-0.005612,0.990152
2026-08-31T18:56:07.098668,37.831625,0.021472,-0.006100,0.990274
2026-08-31T18:56:07.127085,37.860042,0.020984,-0.005368,0.990030
2026-08-31T18:56:07.157467,37.890424,0.021716,-0.005612,0.990152
2026-08-31T18:56:07.157511,37.890468,0.022082,-0.005612,0.990884
2026-08-31T18:56:07.185882,37.918839,0.021716,-0.005856,0.990152
2026-08-31T18:56:07.217447,37.950404,0.020740,-0.005490,0.990518
2026-08-31T18:56:07.248547,37.981504,0.021472,-0.005612,0.990640
2026-08-31T18:56:07.248651,37.981608,0.021594,-0.005612,0.990518
2026-08-31T18:56:07.276712,38.009669,0.022082,-0.005612,0.990152
2026-08-31T18:56:07.308213,38.041170,0.021716,-0.005612,0.990640
2026-08-31T18:56:07.308284,38.041241,0.021838,-0.005490,0.991616
2026-08-31T18:56:07.336675,38.069632,0.021472,-0.005490,0.991250
2026-08-31T18:56:07.368846,38.101803,0.021106,-0.005368,0.990152
2026-08-31T18:56:07.368947,38.101904,0.021716,-0.005856,0.990884
2026-08-31T18:56:07.397523,38.130480,0.021228,-0.005978,0.990884
2026-08-31T18:56:07.428489,38.161446,0.021838,-0.005002,0.990274
2026-08-31T18:56:07.429155,38.162112,0.022082,-0.005734,0.990884
2026-08-31T18:56:07.456337,38.189294,0.022448,-0.006100,0.991250
2026-08-31T18:56:07.487750,38.220707,0.021960,-0.005368,0.991006
2026-08-31T18:56:07.487798,38.220755,0.021594,-0.005734,0.990396
2026-08-31T18:56:07.516303,38.249260,0.021594,-0.005734,0.990762
2026-08-31T18:56:07.547992,38.280949,0.021716,-0.006222,0.990640
2026-08-31T18:56:07.548064,38.281021,0.021472,-0.005368,0.990518
2026-08-31T18:56:07.576659,38.309616,0.021838,-0.005612,0.991006
2026-08-31T18:56:07.608730,38.341687,0.021838,-0.005612,0.990396
2026-08-31T18:56:07.608810,38.341767,0.021594,-0.005490,0.990640
2026-08-31T18:56:07.637532,38.370489,0.022326,-0.006344,0.990518
2026-08-31T18:56:07.669500,38.402457,0.020984,-0.005734,0.990030
2026-08-31T18:56:07.669592,38.402549,0.021594,-0.005734,0.990640
2026-08-31T18:56:07.698190,38.431147,0.021838,-0.005734,0.990518
2026-08-31T18:56:07.728333,38.461290,0.021228,-0.005612,0.989786
2026-08-31T18:56:07.728398,38.461355,0.021472,-0.005856,0.989908
2026-08-31T18:56:07.756686,38.489643,0.022204,-0.005490,0.990518
2026-08-31T18:56:07.788588,38.521545,0.022204,-0.005856,0.989420
2026-08-31T18:56:07.788680,38.521637,0.022204,-0.005856,0.990152
2026-08-31T18:56:07.816504,38.549461,0.022082,-0.005856,0.990396
2026-08-31T18:56:07.848420,38.581377,0.021228,-0.005978,0.990884
2026-08-31T18:56:07.848485,38.581442,0.022326,-0.005612,0.990274
2026-08-31T18:56:07.876840,38.609797,0.021472,-0.005612,0.990396
2026-08-31T18:56:07.908675,38.641632,0.021960,-0.005856,0.990396
2026-08-31T18:56:07.908752,38.641709,0.021960,-0.006100,0.990396
2026-08-31T18:56:07.936483,38.669440,0.021838,-0.006100,0.990274
2026-08-31T18:56:07.967457,38.700414,0.021716,-0.005368,0.990396
2026-08-31T18:56:07.997489,38.730446,0.021106,-0.006222,0.989908
2026-08-31T18:56:07.998414,38.731371,0.021350,-0.005856,0.990274
2026-08-31T18:56:08.028893,38.761850,0.020984,-0.005856,0.990396
2026-08-31T18:56:08.058751,38.791708,0.021838,-0.005978,0.989786
2026-08-31T18:56:08.058836,38.791793,0.021594,-0.005734,0.989420
2026-08-31T18:56:08.086780,38.819737,0.021960,-0.006222,0.990518
2026-08-31T18:56:08.117929,38.850886,0.021838,-0.005856,0.990396
2026-08-31T18:56:08.119623,38.852580,0.021960,-0.005368,0.990518
2026-08-31T18:56:08.149270,38.882227,0.021228,-0.005734,0.990274
2026-08-31T18:56:08.177392,38.910349,0.021716,-0.005612,0.990762
2026-08-31T18:56:08.208828,38.941785,0.021472,-0.005978,0.990518
2026-08-31T18:56:08.208903,38.941860,0.021594,-0.005612,0.990152
2026-08-31T18:56:08.237281,38.970238,0.021838,-0.005856,0.989786
2026-08-31T18:56:08.268363,39.001320,0.021960,-0.005734,0.990030
2026-08-31T18:56:08.268441,39.001398,0.022204,-0.005490,0.990518
2026-08-31T18:56:08.299269,39.032226,0.021716,-0.005612,0.990274
2026-08-31T18:56:08.327679,39.060636,0.022082,-0.005368,0.990640
2026-08-31T18:56:08.358395,39.091352,0.021228,-0.005124,0.990640
2026-08-31T18:56:08.358480,39.091437,0.020740,-0.006100,0.990640
2026-08-31T18:56:08.388099,39.121056,0.021350,-0.005856,0.990518
2026-08-31T18:56:08.388185,39.121142,0.022326,-0.005978,0.990640
2026-08-31T18:56:08.416356,39.149313,0.022082,-0.005490,0.990396
2026-08-31T18:56:08.447792,39.180749,0.021960,-0.005246,0.990396
2026-08-31T18:56:08.447859,39.180816,0.021716,-0.005490,0.990274
2026-08-31T18:56:08.476964,39.209921,0.021228,-0.005490,0.991006
2026-08-31T18:56:08.508307,39.241264,0.021472,-0.005734,0.990640
2026-08-31T18:56:08.537971,39.270928,0.021716,-0.005612,0.990640
2026-08-31T18:56:08.538058,39.271015,0.021838,-0.005368,0.991128
2026-08-31T18:56:08.568120,39.301077,0.021716,-0.005856,0.990518
2026-08-31T18:56:08.568197,39.301154,0.021472,-0.005734,0.990396
2026-08-31T18:56:08.597580,39.330537,0.021228,-0.005368,0.990274
2026-08-31T18:56:08.629315,39.362272,0.021838,-0.005734,0.990274
2026-08-31T18:56:08.658073,39.391030,0.022326,-0.005124,0.990274
2026-08-31T18:56:08.658132,39.391089,0.021594,-0.005490,0.989664
2026-08-31T18:56:08.686733,39.419690,0.021594,-0.005246,0.990640
2026-08-31T18:56:08.718522,39.451479,0.021716,-0.006588,0.990518
2026-08-31T18:56:08.718636,39.451593,0.021594,-0.006100,0.990884
2026-08-31T18:56:08.746683,39.479640,0.021594,-0.005490,0.990518
2026-08-31T18:56:08.778448,39.511405,0.021716,-0.005490,0.989908
2026-08-31T18:56:08.778523,39.511480,0.021960,-0.005246,0.990640
2026-08-31T18:56:08.806853,39.539810,0.021472,-0.005368,0.990762
2026-08-31T18:56:08.838524,39.571481,0.021472,-0.006100,0.990518
2026-08-31T18:56:08.838611,39.571568,0.021594,-0.005856,0.990274
2026-08-31T18:56:08.867021,39.599978,0.022082,-0.006466,0.990274
2026-08-31T18:56:08.897619,39.630576,0.021594,-0.005368,0.990030
2026-08-31T18:56:08.897668,39.630625,0.022082,-0.005368,0.990518
2026-08-31T18:56:08.926211,39.659168,0.021228,-0.006222,0.990152
2026-08-31T18:56:08.958901,39.691858,0.021716,-0.005734,0.990152
2026-08-31T18:56:08.958975,39.691932,0.022448,-0.005490,0.990762
2026-08-31T18:56:08.986845,39.719802,0.021838,-0.005246,0.991006
2026-08-31T18:56:09.017411,39.750368,0.021838,-0.005490,0.990152
2026-08-31T18:56:09.048020,39.780977,0.022204,-0.005734,0.990152
2026-08-31T18:56:09.048129,39.781086,0.022082,-0.005490,0.990396
2026-08-31T18:56:09.076690,39.809647,0.021838,-0.005734,0.990396
2026-08-31T18:56:09.107889,39.840846,0.021838,-0.005490,0.990274
2026-08-31T18:56:09.110504,39.843461,0.022082,-0.005978,0.990518
2026-08-31T18:56:09.139083,39.872040,0.021960,-0.005856,0.990640
2026-08-31T18:56:09.168711,39.901668,0.022082,-0.005978,0.990518
2026-08-31T18:56:09.168793,39.901750,0.021228,-0.005734,0.990884
2026-08-31T18:56:09.196826,39.929783,0.021838,-0.005856,0.990518
2026-08-31T18:56:09.227827,39.960784,0.021716,-0.005368,0.990518
2026-08-31T18:56:09.256596,39.989553,0.021960,-0.005490,0.990030
2026-08-31T18:56:09.289143,40.022100,0.022082,-0.005002,0.990152
2026-08-31T18:56:09.289234,40.022191,0.022082,-0.005856,0.990762
2026-08-31T18:56:09.317970,40.050927,0.021594,-0.005002,0.991128
2026-08-31T18:56:09.318057,40.051014,0.022082,-0.005490,0.990152
2026-08-31T18:56:09.346700,40.079657,0.022082,-0.005368,0.990274
2026-08-31T18:56:09.377162,40.110119,0.022326,-0.005856,0.990762
2026-08-31T18:56:09.408795,40.141752,0.021594,-0.006222,0.990274
2026-08-31T18:56:09.408867,40.141824,0.022082,-0.005734,0.990396
2026-08-31T18:56:09.437999,40.170956,0.021960,-0.005856,0.990640
2026-08-31T18:56:09.438090,40.171047,0.021472,-0.005246,0.989908
2026-08-31T18:56:09.469688,40.202645,0.022448,-0.005612,0.990884
2026-08-31T18:56:09.499286,40.232243,0.021838,-0.005368,0.990274
2026-08-31T18:56:09.530106,40.263063,0.021472,-0.006100,0.990640
2026-08-31T18:56:09.530201,40.263158,0.021594,-0.005490,0.990884
2026-08-31T18:56:09.560104,40.293061,0.021838,-0.005612,0.991128
2026-08-31T18:56:09.590406,40.323363,0.021716,-0.005734,0.991250
2026-08-31T18:56:09.590484,40.323441,0.021716,-0.005612,0.990152
2026-08-31T18:56:09.618926,40.351883,0.021716,-0.005856,0.991494
2026-08-31T18:56:09.646959,40.379916,0.021472,-0.005734,0.989908
2026-08-31T18:56:09.647851,40.380808,0.021472,-0.005856,0.991006
2026-08-31T18:56:09.678851,40.411808,0.021716,-0.005368,0.991006
2026-08-31T18:56:09.678909,40.411866,0.022204,-0.005856,0.990640
2026-08-31T18:56:09.708859,40.441816,0.021472,-0.005856,0.990518
2026-08-31T18:56:09.738578,40.471535,0.021960,-0.005612,0.990396
2026-08-31T18:56:09.771059,40.504016,0.021838,-0.005978,0.990396
2026-08-31T18:56:09.771137,40.504094,0.022448,-0.005612,0.989786
2026-08-31T18:56:09.800395,40.533352,0.021106,-0.005002,0.990640
2026-08-31T18:56:09.800486,40.533443,0.021960,-0.005612,0.990518
2026-08-31T18:56:09.829525,40.562482,0.022082,-0.006222,0.990884
2026-08-31T18:56:09.857314,40.590271,0.021472,-0.005490,0.990884
2026-08-31T18:56:09.886785,40.619742,0.022204,-0.005246,0.991372
2026-08-31T18:56:09.918565,40.651522,0.022570,-0.005246,0.990274
2026-08-31T18:56:09.918653,40.651610,0.021106,-0.005734,0.990152
2026-08-31T18:56:09.948223,40.681180,0.021594,-0.005734,0.990274
2026-08-31T18:56:09.948307,40.681264,0.021960,-0.005246,0.990152
2026-08-31T18:56:09.976952,40.709909,0.021594,-0.006344,0.991006
2026-08-31T18:56:10.008919,40.741876,0.022082,-0.005734,0.990030
2026-08-31T18:56:10.008998,40.741955,0.021594,-0.005856,0.990030
2026-08-31T18:56:10.036862,40.769819,0.021594,-0.005490,0.990152
2026-08-31T18:56:10.067562,40.800519,0.021594,-0.005612,0.990396
2026-08-31T18:56:10.100105,40.833062,0.021716,-0.005246,0.991128
2026-08-31T18:56:10.100187,40.833144,0.021472,-0.005734,0.990274
2026-08-31T18:56:10.129168,40.862125,0.022204,-0.005490,0.990518
2026-08-31T18:56:10.158416,40.891373,0.021594,-0.005368,0.990640
2026-08-31T18:56:10.158472,40.891429,0.022082,-0.005612,0.990884
2026-08-31T18:56:10.186929,40.919886,0.022204,-0.006222,0.990518
2026-08-31T18:56:10.217922,40.950879,0.021716,-0.005612,0.990152
2026-08-31T18:56:10.218944,40.951901,0.021228,-0.006100,0.990518
2026-08-31T18:56:10.250202,40.983159,0.021716,-0.005856,0.990152
2026-08-31T18:56:10.250282,40.983239,0.022326,-0.005246,0.990762
2026-08-31T18:56:10.279363,41.012320,0.022082,-0.005368,0.990518
2026-08-31T18:56:10.310328,41.043285,0.022570,-0.005734,0.990640
2026-08-31T18:56:10.337679,41.070636,0.021594,-0.005368,0.990884
2026-08-31T18:56:10.339102,41.072059,0.021838,-0.005368,0.990396
2026-08-31T18:56:10.369431,41.102388,0.021594,-0.005612,0.990518
2026-08-31T18:56:10.400412,41.133369,0.021960,-0.005978,0.990030
2026-08-31T18:56:10.400508,41.133465,0.021960,-0.005246,0.990274
2026-08-31T18:56:10.429225,41.162182,0.022326,-0.005490,0.990518
2026-08-31T18:56:10.460948,41.193905,0.021716,-0.005490,0.990152
2026-08-31T18:56:10.461036,41.193993,0.021838,-0.005490,0.990396
2026-08-31T18:56:10.489352,41.222309,0.021960,-0.005734,0.990762
2026-08-31T18:56:10.520365,41.253322,0.021716,-0.005368,0.990884
2026-08-31T18:56:10.520462,41.253419,0.022204,-0.005734,0.990274
2026-08-31T18:56:10.549327,41.282284,0.022326,-0.005490,0.990518
2026-08-31T18:56:10.578198,41.311155,0.022204,-0.005612,0.990640
2026-08-31T18:56:10.607781,41.340738,0.022082,-0.005612,0.990396
2026-08-31T18:56:10.607854,41.340811,0.022082,-0.005490,0.990396
2026-08-31T18:56:10.636459,41.369416,0.022448,-0.005612,0.990274
2026-08-31T18:56:10.668111,41.401068,0.021960,-0.005490,0.990152
2026-08-31T18:56:10.668186,41.401143,0.021716,-0.005734,0.990884
2026-08-31T18:56:10.697644,41.430601,0.022326,-0.005978,0.990396
2026-08-31T18:56:10.727631,41.460588,0.022448,-0.005368,0.990640
2026-08-31T18:56:10.760568,41.493525,0.022570,-0.005490,0.991006
2026-08-31T18:56:10.790767,41.523724,0.021594,-0.005978,0.990274
2026-08-31T18:56:10.790854,41.523811,0.021716,-0.005856,0.990762
2026-08-31T18:56:10.820118,41.553075,0.021594,-0.005368,0.991250
2026-08-31T18:56:10.820181,41.553138,0.021716,-0.005734,0.990396
2026-08-31T18:56:10.849226,41.582183,0.021838,-0.006100,0.990396
2026-08-31T18:56:10.879366,41.612323,0.022326,-0.005490,0.990152
2026-08-31T18:56:10.911111,41.644068,0.021960,-0.005856,0.990152
2026-08-31T18:56:10.911198,41.644155,0.021838,-0.005612,0.990518
2026-08-31T18:56:10.939364,41.672321,0.022448,-0.005856,0.990030
2026-08-31T18:56:10.970810,41.703767,0.022570,-0.005734,0.991006
2026-08-31T18:56:10.970889,41.703846,0.022692,-0.005978,0.989420
2026-08-31T18:56:10.999409,41.732366,0.021716,-0.005734,0.990640
2026-08-31T18:56:11.027872,41.760829,0.021960,-0.005734,0.990152
2026-08-31T18:56:11.058245,41.791202,0.022082,-0.005490,0.990396
2026-08-31T18:56:11.058322,41.791279,0.021594,-0.005856,0.991006
2026-08-31T18:56:11.086819,41.819776,0.022326,-0.005856,0.990884
2026-08-31T18:56:11.118641,41.851598,0.022082,-0.005978,0.990396
2026-08-31T18:56:11.118728,41.851685,0.022082,-0.005246,0.990518
2026-08-31T18:56:11.148002,41.880959,0.021838,-0.005856,0.990884
2026-08-31T18:56:11.148087,41.881044,0.021472,-0.005978,0.990030
2026-08-31T18:56:11.177412,41.910369,0.022082,-0.005246,0.990518
2026-08-31T18:56:11.207906,41.940863,0.022204,-0.005490,0.990274
2026-08-31T18:56:11.238045,41.971002,0.021838,-0.005734,0.990396
2026-08-31T18:56:11.238130,41.971087,0.021960,-0.005246,0.990396
2026-08-31T18:56:11.266305,41.999262,0.021716,-0.005612,0.990030
2026-08-31T18:56:11.299910,42.032867,0.021960,-0.005734,0.990884
2026-08-31T18:56:11.299975,42.032932,0.021716,-0.005734,0.990396
2026-08-31T18:56:11.329391,42.062348,0.022692,-0.005734,0.990396
2026-08-31T18:56:11.359289,42.092246,0.021716,-0.005978,0.990030
2026-08-31T18:56:11.389187,42.122144,0.022448,-0.005612,0.990518
2026-08-31T18:56:11.389276,42.122233,0.022326,-0.005368,0.990884
2026-08-31T18:56:11.417,42.149957,0.021960,-0.005612,0.990640
2026-08-31T18:56:11.448585,42.181542,0.022082,-0.005856,0.990030
2026-08-31T18:56:11.448670,42.181627,0.022692,-0.005734,0.990640
2026-08-31T18:56:11.479361,42.212318,0.021960,-0.005734,0.991006
2026-08-31T18:56:11.507709,42.240666,0.021838,-0.005612,0.990518
2026-08-31T18:56:11.538496,42.271453,0.021350,-0.005856,0.990030
2026-08-31T18:56:11.538581,42.271538,0.022204,-0.006222,0.989908
2026-08-31T18:56:11.566807,42.299764,0.022326,-0.005612,0.990640
2026-08-31T18:56:11.599341,42.332298,0.021472,-0.005612,0.990274
2026-08-31T18:56:11.599422,42.332379,0.021960,-0.005246,0.990640
2026-08-31T18:56:11.627571,42.360528,0.021228,-0.005368,0.990030
2026-08-31T18:56:11.629129,42.362086,0.022204,-0.005490,0.990274
2026-08-31T18:56:11.657374,42.390331,0.021472,-0.005368,0.989908
2026-08-31T18:56:11.687592,42.420549,0.022204,-0.005978,0.990030
2026-08-31T18:56:11.718017,42.450974,0.021472,-0.005368,0.989908
2026-08-31T18:56:11.719841,42.452798,0.022692,-0.005856,0.990396
2026-08-31T18:56:11.748918,42.481875,0.022326,-0.005856,0.990518
2026-08-31T18:56:11.778977,42.511934,0.022326,-0.005246,0.990762
2026-08-31T18:56:11.779057,42.512014,0.021960,-0.005490,0.990274
2026-08-31T18:56:11.806786,42.539743,0.021594,-0.005856,0.989908
2026-08-31T18:56:11.837894,42.570851,0.021838,-0.005246,0.990030
2026-08-31T18:56:11.839643,42.572600,0.021838,-0.005856,0.990762
2026-08-31T18:56:11.870584,42.603541,0.021838,-0.005978,0.990762
2026-08-31T18:56:11.870670,42.603627,0.021960,-0.005490,0.991006
2026-08-31T18:56:11.899355,42.632312,0.022448,-0.005246,0.989786
2026-08-31T18:56:11.929254,42.662211,0.022082,-0.004758,0.990396
2026-08-31T18:56:11.961552,42.694509,0.022204,-0.005612,0.990396
2026-08-31T18:56:11.961622,42.694579,0.022448,-0.006100,0.990518
2026-08-31T18:56:11.989181,42.722138,0.021350,-0.005978,0.989908
2026-08-31T18:56:12.017289,42.750246,0.022448,-0.005734,0.990274
2026-08-31T18:56:12.018851,42.751808,0.022082,-0.005856,0.990274
2026-08-31T18:56:12.049051,42.782008,0.022204,-0.005124,0.989908
2026-08-31T18:56:12.078496,42.811453,0.022326,-0.005612,0.990274
2026-08-31T18:56:12.080132,42.813089,0.022082,-0.005490,0.990518
2026-08-31T18:56:12.109737,42.842694,0.022692,-0.005246,0.990274
2026-08-31T18:56:12.139471,42.872428,0.021716,-0.005368,0.990884
2026-08-31T18:56:12.170608,42.903565,0.022204,-0.005246,0.989542
2026-08-31T18:56:12.170683,42.903640,0.022448,-0.005978,0.990396
2026-08-31T18:56:12.200314,42.933271,0.021838,-0.005734,0.989908
2026-08-31T18:56:12.200379,42.933336,0.022326,-0.005490,0.989908
2026-08-31T18:56:12.228968,42.961925,0.022692,-0.005368,0.990274
2026-08-31T18:56:12.258450,42.991407,0.022692,-0.005856,0.990030
2026-08-31T18:56:12.258524,42.991481,0.022204,-0.005612,0.989542
2026-08-31T18:56:12.287040,43.019997,0.021350,-0.005490,0.990518
2026-08-31T18:56:12.317724,43.050681,0.021960,-0.006100,0.990396
2026-08-31T18:56:12.348166,43.081123,0.021472,-0.005734,0.990030
2026-08-31T18:56:12.348237,43.081194,0.022082,-0.005734,0.990152
2026-08-31T18:56:12.377769,43.110726,0.021960,-0.005734,0.989908
2026-08-31T18:56:12.408616,43.141573,0.022570,-0.005612,0.990884
2026-08-31T18:56:12.408700,43.141657,0.021716,-0.005368,0.990762
2026-08-31T18:56:12.437117,43.170074,0.021838,-0.005246,0.990884
2026-08-31T18:56:12.468551,43.201508,0.021594,-0.005490,0.990152
2026-08-31T18:56:12.468637,43.201594,0.022448,-0.005612,0.990274
2026-08-31T18:56:12.497044,43.230001,0.022082,-0.005734,0.989908
2026-08-31T18:56:12.527479,43.260436,0.021838,-0.005490,0.991006
2026-08-31T18:56:12.527517,43.260474,0.021716,-0.006100,0.991250
2026-08-31T18:56:12.556562,43.289519,0.021960,-0.005612,0.990518
2026-08-31T18:56:12.587432,43.320389,0.021716,-0.006100,0.990762
2026-08-31T18:56:12.618086,43.351043,0.022082,-0.005612,0.990884
2026-08-31T18:56:12.618163,43.351120,0.022204,-0.005490,0.990152
2026-08-31T18:56:12.646934,43.379891,0.021960,-0.005368,0.989786
2026-08-31T18:56:12.678851,43.411808,0.021838,-0.005490,0.990152
2026-08-31T18:56:12.678927,43.411884,0.022326,-0.005246,0.990762
2026-08-31T18:56:12.708107,43.441064,0.022204,-0.005368,0.990518
2026-08-31T18:56:12.708181,43.441138,0.021960,-0.005246,0.990518
2026-08-31T18:56:12.736896,43.469853,0.022692,-0.005856,0.990274
2026-08-31T18:56:12.767279,43.500236,0.021960,-0.005856,0.990396
2026-08-31T18:56:12.797486,43.530443,0.022204,-0.005368,0.989786
2026-08-31T18:56:12.797552,43.530509,0.021960,-0.005002,0.990152
2026-08-31T18:56:12.829539,43.562496,0.022204,-0.005612,0.990030
2026-08-31T18:56:12.858649,43.591606,0.021960,-0.005734,0.990396
2026-08-31T18:56:12.858727,43.591684,0.022570,-0.005124,0.990884
2026-08-31T18:56:12.887017,43.619974,0.021838,-0.006588,0.990762
2026-08-31T18:56:12.918735,43.651692,0.021716,-0.005124,0.990518
2026-08-31T18:56:12.918814,43.651771,0.022204,-0.005612,0.990030
2026-08-31T18:56:12.946827,43.679784,0.021716,-0.005124,0.990518
2026-08-31T18:56:12.978584,43.711541,0.022082,-0.005368,0.990640
2026-08-31T18:56:12.978657,43.711614,0.021716,-0.005490,0.990152
2026-08-31T18:56:13.006690,43.739647,0.022326,-0.006222,0.990030
2026-08-31T18:56:13.038201,43.771158,0.021960,-0.005490,0.989664
2026-08-31T18:56:13.038272,43.771229,0.022204,-0.005612,0.990274
2026-08-31T18:56:13.067053,43.800010,0.022448,-0.005124,0.990152
2026-08-31T18:56:13.098616,43.831573,0.021594,-0.005368,0.990640
2026-08-31T18:56:13.098696,43.831653,0.022326,-0.005490,0.990884
2026-08-31T18:56:13.130554,43.863511,0.022204,-0.005612,0.989908
2026-08-31T18:56:13.156970,43.889927,0.022082,-0.005612,0.990396
2026-08-31T18:56:13.189045,43.922002,0.022448,-0.005612,0.990884
2026-08-31T18:56:13.189835,43.922792,0.022326,-0.005368,0.990518
2026-08-31T18:56:13.219464,43.952421,0.022204,-0.005612,0.990274
2026-08-31T18:56:13.250427,43.983384,0.022692,-0.005246,0.990274
2026-08-31T18:56:13.250553,43.983510,0.022204,-0.006100,0.990152
2026-08-31T18:56:13.281743,44.014700,0.021472,-0.005368,0.989908
2026-08-31T18:56:13.310133,44.043090,0.021716,-0.005978,0.991006
2026-08-31T18:56:13.310196,44.043153,0.022692,-0.005612,0.991006
2026-08-31T18:56:13.339488,44.072445,0.022082,-0.005612,0.989542
2026-08-31T18:56:13.369737,44.102694,0.022204,-0.005368,0.990518
2026-08-31T18:56:13.400486,44.133443,0.022326,-0.005612,0.990274
2026-08-31T18:56:13.400593,44.133550,0.022936,-0.005734,0.990396
2026-08-31T18:56:13.429445,44.162402,0.022204,-0.005246,0.990518
2026-08-31T18:56:13.460606,44.193563,0.021594,-0.006344,0.990396
2026-08-31T18:56:13.460689,44.193646,0.021838,-0.006466,0.990762
2026-08-31T18:56:13.489459,44.222416,0.022204,-0.005368,0.990518
2026-08-31T18:56:13.518247,44.251204,0.022326,-0.005734,0.990640
2026-08-31T18:56:13.518315,44.251272,0.022204,-0.005368,0.990396
2026-08-31T18:56:13.546944,44.279901,0.022326,-0.005612,0.990884
2026-08-31T18:56:13.578795,44.311752,0.021716,-0.005734,0.990640
2026-08-31T18:56:13.578874,44.311831,0.021838,-0.005612,0.990640
2026-08-31T18:56:13.606857,44.339814,0.022082,-0.005612,0.990640
2026-08-31T18:56:13.638707,44.371664,0.021716,-0.006100,0.990518
2026-08-31T18:56:13.638787,44.371744,0.022448,-0.005856,0.990518
2026-08-31T18:56:13.667396,44.400353,0.022082,-0.005978,0.990518
2026-08-31T18:56:13.700353,44.433310,0.022570,-0.005978,0.989786
2026-08-31T18:56:13.700467,44.433424,0.022204,-0.005368,0.991006
2026-08-31T18:56:13.729552,44.462509,0.022814,-0.005612,0.990274
2026-08-31T18:56:13.760748,44.493705,0.022204,-0.005368,0.990518
2026-08-31T18:56:13.760832,44.493789,0.021960,-0.005368,0.990152
2026-08-31T18:56:13.789534,44.522491,0.021716,-0.005368,0.990274
2026-08-31T18:56:13.819229,44.552186,0.021594,-0.005002,0.990152
2026-08-31T18:56:13.848751,44.581708,0.020984,-0.005002,0.989786
2026-08-31T18:56:13.848815,44.581772,0.022570,-0.005856,0.989298
2026-08-31T18:56:13.876920,44.609877,0.022204,-0.005734,0.990396
2026-08-31T18:56:13.908669,44.641626,0.022326,-0.005978,0.990518
2026-08-31T18:56:13.908748,44.641705,0.022448,-0.006466,0.990396
2026-08-31T18:56:13.936952,44.669909,0.022326,-0.005002,0.990396
2026-08-31T18:56:13.968519,44.701476,0.022448,-0.005612,0.990396
2026-08-31T18:56:13.968599,44.701556,0.022570,-0.005856,0.990396
2026-08-31T18:56:13.996800,44.729757,0.022448,-0.005368,0.990640
2026-08-31T18:56:14.030504,44.763461,0.022326,-0.005246,0.990518
2026-08-31T18:56:14.030544,44.763501,0.022326,-0.005612,0.989908
2026-08-31T18:56:14.059007,44.791964,0.022448,-0.005246,0.990030
2026-08-31T18:56:14.090371,44.823328,0.022448,-0.005734,0.990274
2026-08-31T18:56:14.090461,44.823418,0.021838,-0.005612,0.990396
2026-08-31T18:56:14.119490,44.852447,0.022448,-0.005978,0.989908
2026-08-31T18:56:14.148760,44.881717,0.021838,-0.005856,0.989908
2026-08-31T18:56:14.148843,44.881800,0.022448,-0.006100,0.989786
2026-08-31T18:56:14.177079,44.910036,0.022326,-0.005978,0.990518
2026-08-31T18:56:14.208685,44.941642,0.021960,-0.005490,0.990518
2026-08-31T18:56:14.208773,44.941730,0.022570,-0.005368,0.990274
2026-08-31T18:56:14.236914,44.969871,0.021838,-0.005490,0.991494
2026-08-31T18:56:14.268592,45.001549,0.021838,-0.005734,0.990518
2026-08-31T18:56:14.268666,45.001623,0.022570,-0.005612,0.990030
2026-08-31T18:56:14.299178,45.032135,0.022082,-0.005368,0.989908
2026-08-31T18:56:14.330484,45.063441,0.022082,-0.005612,0.990396
2026-08-31T18:56:14.330560,45.063517,0.022204,-0.005734,0.990518
2026-08-31T18:56:14.359255,45.092212,0.021594,-0.005368,0.990762
2026-08-31T18:56:14.387999,45.120956,0.022570,-0.005856,0.991128
2026-08-31T18:56:14.417651,45.150608,0.022448,-0.005734,0.990640
2026-08-31T18:56:14.419269,45.152226,0.021838,-0.005856,0.990762
2026-08-31T18:56:14.450438,45.183395,0.021594,-0.005856,0.990518
2026-08-31T18:56:14.450525,45.183482,0.021838,-0.005612,0.990274
2026-08-31T18:56:14.478928,45.211885,0.022082,-0.005490,0.990274
2026-08-31T18:56:14.507670,45.240627,0.022082,-0.005734,0.990518
2026-08-31T18:56:14.536944,45.269901,0.021716,-0.005734,0.990030
2026-08-31T18:56:14.538221,45.271178,0.022448,-0.005734,0.990274
2026-08-31T18:56:14.567694,45.300651,0.021838,-0.005978,0.990640
2026-08-31T18:56:14.600521,45.333478,0.021960,-0.006344,0.990518
2026-08-31T18:56:14.600622,45.333579,0.022082,-0.005734,0.990152
2026-08-31T18:56:14.629887,45.362844,0.022082,-0.005246,0.990884
2026-08-31T18:56:14.660966,45.393923,0.022082,-0.005246,0.990640
2026-08-31T18:56:14.661045,45.394002,0.021960,-0.006100,0.991006
2026-08-31T18:56:14.689561,45.422518,0.021838,-0.005490,0.990396
2026-08-31T18:56:14.719012,45.451969,0.022692,-0.005490,0.990884
2026-08-31T18:56:14.719101,45.452058,0.022204,-0.005734,0.990640
2026-08-31T18:56:14.747535,45.480492,0.022204,-0.005490,0.990396
2026-08-31T18:56:14.778556,45.511513,0.022082,-0.005124,0.989786
2026-08-31T18:56:14.779596,45.512553,0.021838,-0.005612,0.990396
2026-08-31T18:56:14.809424,45.542381,0.022082,-0.005856,0.989908
2026-08-31T18:56:14.840421,45.573378,0.022448,-0.006222,0.990030
2026-08-31T18:56:14.840510,45.573467,0.022326,-0.005612,0.989664
2026-08-31T18:56:14.869935,45.602892,0.022448,-0.005734,0.990152
2026-08-31T18:56:14.899548,45.632505,0.022082,-0.005978,0.990152
2026-08-31T18:56:14.929475,45.662432,0.021838,-0.005368,0.989786
2026-08-31T18:56:14.929548,45.662505,0.021106,-0.006222,0.991128
2026-08-31T18:56:14.958106,45.691063,0.022570,-0.005856,0.990396
2026-08-31T18:56:14.958168,45.691125,0.022936,-0.005978,0.990274
2026-08-31T18:56:14.986728,45.719685,0.022936,-0.005734,0.990762
2026-08-31T18:56:15.017862,45.750819,0.022204,-0.005490,0.990762
2026-08-31T18:56:15.047918,45.780875,0.022082,-0.005734,0.990274
2026-08-31T18:56:15.047981,45.780938,0.022204,-0.005856,0.989908
2026-08-31T18:56:15.077180,45.810137,0.022326,-0.005978,0.990152
2026-08-31T18:56:15.108710,45.841667,0.022326,-0.005246,0.990030
2026-08-31T18:56:15.108790,45.841747,0.022082,-0.005734,0.990762
2026-08-31T18:56:15.136839,45.869796,0.021716,-0.006466,0.990030
2026-08-31T18:56:15.168736,45.901693,0.022448,-0.005124,0.990884
2026-08-31T18:56:15.168809,45.901766,0.022448,-0.005734,0.991006
2026-08-31T18:56:15.196837,45.929794,0.022082,-0.005856,0.990396
2026-08-31T18:56:15.228398,45.961355,0.022204,-0.005124,0.990396
2026-08-31T18:56:15.258730,45.991687,0.022204,-0.005978,0.990640
2026-08-31T18:56:15.258807,45.991764,0.022692,-0.005002,0.990518
2026-08-31T18:56:15.286904,46.019861,0.022204,-0.005124,0.990884
2026-08-31T18:56:15.318267,46.051224,0.022204,-0.005856,0.990274
2026-08-31T18:56:15.318331,46.051288,0.022082,-0.005124,0.990884
2026-08-31T18:56:15.346987,46.079944,0.022570,-0.005246,0.990884
2026-08-31T18:56:15.379670,46.112627,0.022082,-0.006100,0.990884
2026-08-31T18:56:15.379829,46.112786,0.021838,-0.005368,0.990152
2026-08-31T18:56:15.409568,46.142525,0.022692,-0.005856,0.990640
2026-08-31T18:56:15.439993,46.172950,0.022570,-0.005490,0.990518
2026-08-31T18:56:15.440056,46.173013,0.022814,-0.005368,0.990762
2026-08-31T18:56:15.469925,46.202882,0.022326,-0.005490,0.990274
2026-08-31T18:56:15.500518,46.233475,0.021960,-0.005856,0.990274
2026-08-31T18:56:15.500601,46.233558,0.022204,-0.005856,0.990396
2026-08-31T18:56:15.529638,46.262595,0.022326,-0.005734,0.990152
2026-08-31T18:56:15.560479,46.293436,0.022692,-0.005734,0.990274
2026-08-31T18:56:15.560569,46.293526,0.022326,-0.005856,0.991128
2026-08-31T18:56:15.589578,46.322535,0.022082,-0.006100,0.990396
2026-08-31T18:56:15.618319,46.351276,0.022448,-0.006100,0.990884
2026-08-31T18:56:15.618397,46.351354,0.022448,-0.006100,0.990152
2026-08-31T18:56:15.646834,46.379791,0.022326,-0.005490,0.990274
2026-08-31T18:56:15.680068,46.413025,0.022692,-0.005734,0.989786
2026-08-31T18:56:15.680126,46.413083,0.022692,-0.005246,0.990274
2026-08-31T18:56:15.706646,46.439603,0.022326,-0.006100,0.990762
2026-08-31T18:56:15.737733,46.470690,0.022814,-0.005490,0.989054
2026-08-31T18:56:15.767953,46.500910,0.021960,-0.005368,0.990152
2026-08-31T18:56:15.770191,46.503148,0.022692,-0.005368,0.990030
2026-08-31T18:56:15.799532,46.532489,0.021960,-0.005856,0.990030
2026-08-31T18:56:15.829946,46.562903,0.022204,-0.005734,0.990274
2026-08-31T18:56:15.830069,46.563026,0.021960,-0.005612,0.990030
2026-08-31T18:56:15.858227,46.591184,0.021838,-0.005856,0.990030
2026-08-31T18:56:15.858308,46.591265,0.021838,-0.005612,0.990518
2026-08-31T18:56:15.886433,46.619390,0.022204,-0.005612,0.990030
2026-08-31T18:56:15.917649,46.650606,0.022936,-0.005368,0.990396
2026-08-31T18:56:15.947934,46.680891,0.022692,-0.005734,0.990640
2026-08-31T18:56:15.947999,46.680956,0.022570,-0.005124,0.990274
2026-08-31T18:56:15.977129,46.710086,0.022326,-0.005856,0.990640
2026-08-31T18:56:16.008179,46.741136,0.021960,-0.005612,0.990030
2026-08-31T18:56:16.008974,46.741931,0.022204,-0.005978,0.990152
2026-08-31T18:56:16.039586,46.772543,0.022082,-0.005246,0.990030
2026-08-31T18:56:16.068633,46.801590,0.021960,-0.005490,0.990030
2026-08-31T18:56:16.068689,46.801646,0.022082,-0.006100,0.989786
2026-08-31T18:56:16.097130,46.830087,0.021960,-0.005368,0.990518
2026-08-31T18:56:16.130809,46.863766,0.022204,-0.005978,0.990274
2026-08-31T18:56:16.130959,46.863916,0.021716,-0.005978,0.990152
2026-08-31T18:56:16.158833,46.891790,0.022448,-0.005612,0.990640
2026-08-31T18:56:16.189344,46.922301,0.022326,-0.005124,0.990274
2026-08-31T18:56:16.220371,46.953328,0.022326,-0.005246,0.990152
2026-08-31T18:56:16.220459,46.953416,0.022204,-0.005368,0.989664
2026-08-31T18:56:16.250577,46.983534,0.021472,-0.005368,0.989420
2026-08-31T18:56:16.250659,46.983616,0.022448,-0.005612,0.990518
2026-08-31T18:56:16.279852,47.012809,0.022692,-0.005734,0.990274
2026-08-31T18:56:16.309512,47.042469,0.022448,-0.005490,0.990518
2026-08-31T18:56:16.340472,47.073429,0.022082,-0.005490,0.990640
2026-08-31T18:56:16.340549,47.073506,0.021960,-0.006100,0.990030
2026-08-31T18:56:16.369269,47.102226,0.021838,-0.005734,0.990640
2026-08-31T18:56:16.400013,47.132970,0.022082,-0.006100,0.990396
2026-08-31T18:56:16.400076,47.133033,0.021838,-0.005368,0.990030
2026-08-31T18:56:16.429782,47.162739,0.022204,-0.006100,0.990518
2026-08-31T18:56:16.460603,47.193560,0.022082,-0.005978,0.990518
2026-08-31T18:56:16.460692,47.193649,0.021838,-0.005734,0.990640
2026-08-31T18:56:16.489949,47.222906,0.022448,-0.005490,0.990396
2026-08-31T18:56:16.520403,47.253360,0.022204,-0.005612,0.989908
2026-08-31T18:56:16.520486,47.253443,0.022204,-0.006100,0.990030
2026-08-31T18:56:16.549434,47.282391,0.022570,-0.005490,0.990152
2026-08-31T18:56:16.579991,47.312948,0.021960,-0.005734,0.989664
2026-08-31T18:56:16.580156,47.313113,0.022448,-0.005856,0.990274
2026-08-31T18:56:16.606905,47.339862,0.022692,-0.006222,0.990152
2026-08-31T18:56:16.638221,47.371178,0.022692,-0.005856,0.990152
2026-08-31T18:56:16.638286,47.371243,0.022204,-0.005978,0.989908
2026-08-31T18:56:16.669704,47.402661,0.022448,-0.005856,0.990396
2026-08-31T18:56:16.699423,47.432380,0.022448,-0.005978,0.990274
2026-08-31T18:56:16.729933,47.462890,0.022326,-0.005246,0.989786
2026-08-31T18:56:16.730014,47.462971,0.022326,-0.005734,0.990396
2026-08-31T18:56:16.757002,47.489959,0.022204,-0.005490,0.989908
2026-08-31T18:56:16.787779,47.520736,0.022326,-0.005368,0.990152
2026-08-31T18:56:16.818263,47.551220,0.021716,-0.005490,0.990396
2026-08-31T18:56:16.818325,47.551282,0.021716,-0.005734,0.990274
2026-08-31T18:56:16.847761,47.580718,0.022326,-0.005124,0.990518
2026-08-31T18:56:16.847826,47.580783,0.022448,-0.005612,0.989908
2026-08-31T18:56:16.876743,47.609700,0.022692,-0.005734,0.990762
2026-08-31T18:56:16.908754,47.641711,0.022204,-0.005490,0.991128
2026-08-31T18:56:16.908839,47.641796,0.022570,-0.005490,0.990762
2026-08-31T18:56:16.936873,47.669830,0.022448,-0.005978,0.990274
2026-08-31T18:56:16.967998,47.700955,0.022204,-0.004880,0.990518
2026-08-31T18:56:16.998,47.730957,0.022326,-0.005734,0.989420
2026-08-31T18:56:16.999003,47.731960,0.022082,-0.005490,0.990152
2026-08-31T18:56:17.027994,47.760951,0.022204,-0.005246,0.989664
2026-08-31T18:56:17.058337,47.791294,0.022570,-0.005612,0.990640
2026-08-31T18:56:17.058428,47.791385,0.022814,-0.006222,0.991128
2026-08-31T18:56:17.086687,47.819644,0.022326,-0.005856,0.989908
2026-08-31T18:56:17.117728,47.850685,0.022814,-0.005612,0.990030
2026-08-31T18:56:17.118794,47.851751,0.022692,-0.005856,0.989908
2026-08-31T18:56:17.149443,47.882400,0.022692,-0.005978,0.990396
2026-08-31T18:56:17.178676,47.911633,0.021960,-0.005612,0.990030
2026-08-31T18:56:17.178753,47.911710,0.022082,-0.005368,0.990152
2026-08-31T18:56:17.207169,47.940126,0.021960,-0.005734,0.990518
2026-08-31T18:56:17.239318,47.972275,0.022570,-0.006344,0.990762
2026-08-31T18:56:17.239394,47.972351,0.022692,-0.005612,0.990274
2026-08-31T18:56:17.269685,48.002642,0.022082,-0.005612,0.990274
2026-08-31T18:56:17.300104,48.033061,0.022448,-0.005734,0.990640
2026-08-31T18:56:17.300170,48.033127,0.022570,-0.005734,0.990152
2026-08-31T18:56:17.329501,48.062458,0.022570,-0.005368,0.990274
2026-08-31T18:56:17.360401,48.093358,0.022082,-0.005368,0.990152
2026-08-31T18:56:17.360485,48.093442,0.022082,-0.005734,0.990152
2026-08-31T18:56:17.389602,48.122559,0.022082,-0.005124,0.989542
2026-08-31T18:56:17.418064,48.151021,0.022326,-0.005856,0.990396
2026-08-31T18:56:17.448531,48.181488,0.022692,-0.005856,0.990396
2026-08-31T18:56:17.448616,48.181573,0.022936,-0.006100,0.990518
2026-08-31T18:56:17.477914,48.210871,0.022204,-0.006100,0.989664
2026-08-31T18:56:17.480736,48.213693,0.022448,-0.005978,0.990396
2026-08-31T18:56:17.507622,48.240579,0.022570,-0.005978,0.990396
2026-08-31T18:56:17.536443,48.269400,0.022204,-0.005856,0.991006
2026-08-31T18:56:17.567535,48.300492,0.021960,-0.006100,0.991006
2026-08-31T18:56:17.567578,48.300535,0.022204,-0.005856,0.990518
2026-08-31T18:56:17.598848,48.331805,0.022326,-0.005978,0.990274
2026-08-31T18:56:17.627799,48.360756,0.022814,-0.005734,0.990152
2026-08-31T18:56:17.658770,48.391727,0.022448,-0.005856,0.990640
2026-08-31T18:56:17.658860,48.391817,0.022326,-0.005124,0.989786
2026-08-31T18:56:17.688132,48.421089,0.022448,-0.005490,0.990518
2026-08-31T18:56:17.688221,48.421178,0.022326,-0.005734,0.990152
2026-08-31T18:56:17.717380,48.450337,0.022326,-0.005978,0.990640
2026-08-31T18:56:17.748757,48.481714,0.022204,-0.005612,0.990640
2026-08-31T18:56:17.748838,48.481795,0.022204,-0.005734,0.990396
2026-08-31T18:56:17.776904,48.509861,0.022326,-0.005978,0.990640
2026-08-31T18:56:17.807476,48.540433,0.022326,-0.006100,0.990396
2026-08-31T18:56:17.838988,48.571945,0.022082,-0.005734,0.990152
2026-08-31T18:56:17.839056,48.572013,0.022448,-0.005368,0.990518
2026-08-31T18:56:17.868908,48.601865,0.021960,-0.005978,0.990518
2026-08-31T18:56:17.868993,48.601950,0.022692,-0.005734,0.990152
2026-08-31T18:56:17.899516,48.632473,0.021960,-0.005734,0.990640
2026-08-31T18:56:17.928832,48.661789,0.022814,-0.005978,0.990274
2026-08-31T18:56:17.928917,48.661874,0.022204,-0.005368,0.989908
2026-08-31T18:56:17.957519,48.690476,0.022204,-0.005368,0.989786
2026-08-31T18:56:17.987840,48.720797,0.022570,-0.005856,0.990640
2026-08-31T18:56:18.018890,48.751847,0.022448,-0.005368,0.990518
2026-08-31T18:56:18.018979,48.751936,0.021960,-0.005734,0.990030
2026-08-31T18:56:18.047115,48.780072,0.022570,-0.005978,0.990518
2026-08-31T18:56:18.047607,48.780564,0.022082,-0.005612,0.990396
2026-08-31T18:56:18.077224,48.810181,0.021838,-0.005612,0.990396
2026-08-31T18:56:18.107732,48.840689,0.022814,-0.005856,0.990274
2026-08-31T18:56:18.139117,48.872074,0.021838,-0.005978,0.990640
2026-08-31T18:56:18.139204,48.872161,0.022204,-0.005978,0.990518
2026-08-31T18:56:18.168648,48.901605,0.021716,-0.005978,0.990640
2026-08-31T18:56:18.168726,48.901683,0.022448,-0.005856,0.990518
2026-08-31T18:56:18.197533,48.930490,0.022326,-0.005734,0.990396
2026-08-31T18:56:18.228963,48.961920,0.022326,-0.005978,0.989786
2026-08-31T18:56:18.229046,48.962003,0.021960,-0.005978,0.990152
2026-08-31T18:56:18.256773,48.989730,0.022448,-0.006100,0.990152
2026-08-31T18:56:18.287521,49.020478,0.021960,-0.006222,0.990396
2026-08-31T18:56:18.318837,49.051794,0.022082,-0.005490,0.989664
2026-08-31T18:56:18.318897,49.051854,0.022570,-0.005124,0.990274
2026-08-31T18:56:18.347062,49.080019,0.022448,-0.005612,0.990640
2026-08-31T18:56:18.378979,49.111936,0.022692,-0.005978,0.990274
2026-08-31T18:56:18.379053,49.112010,0.022326,-0.005612,0.990884
2026-08-31T18:56:18.407079,49.140036,0.022936,-0.005368,0.990396
2026-08-31T18:56:18.439142,49.172099,0.022936,-0.005856,0.990762
2026-08-31T18:56:18.439223,49.172180,0.022936,-0.005490,0.990274
2026-08-31T18:56:18.467421,49.200378,0.022692,-0.005490,0.990030
2026-08-31T18:56:18.498889,49.231846,0.021472,-0.005490,0.990396
2026-08-31T18:56:18.498935,49.231892,0.021960,-0.005612,0.990152
2026-08-31T18:56:18.526878,49.259835,0.022448,-0.005856,0.989786
2026-08-31T18:56:18.558437,49.291394,0.022692,-0.005734,0.989664
2026-08-31T18:56:18.558505,49.291462,0.022692,-0.005734,0.990152
2026-08-31T18:56:18.587047,49.320004,0.021960,-0.005734,0.990518
2026-08-31T18:56:18.618818,49.351775,0.022692,-0.005002,0.990152
2026-08-31T18:56:18.618906,49.351863,0.022326,-0.005368,0.990884
2026-08-31T18:56:18.647268,49.380225,0.023180,-0.005978,0.990518
2026-08-31T18:56:18.678222,49.411179,0.022204,-0.005978,0.989664
2026-08-31T18:56:18.708144,49.441101,0.022204,-0.005856,0.990762
2026-08-31T18:56:18.737847,49.470804,0.022326,-0.005002,0.990640
2026-08-31T18:56:18.737915,49.470872,0.021960,-0.006100,0.990030
2026-08-31T18:56:18.768080,49.501037,0.022448,-0.005612,0.990396
2026-08-31T18:56:18.768159,49.501116,0.022570,-0.005368,0.990152
2026-08-31T18:56:18.797238,49.530195,0.021838,-0.005734,0.990518
2026-08-31T18:56:18.828449,49.561406,0.022448,-0.005856,0.990640
2026-08-31T18:56:18.858319,49.591276,0.022082,-0.005734,0.990152
2026-08-31T18:56:18.858397,49.591354,0.022082,-0.005490,0.990640
2026-08-31T18:56:18.888135,49.621092,0.023302,-0.005978,0.990152
2026-08-31T18:56:18.888225,49.621182,0.022570,-0.006222,0.989908
2026-08-31T18:56:18.917099,49.650056,0.021594,-0.005734,0.990030
2026-08-31T18:56:18.948370,49.681327,0.022570,-0.005856,0.990518
2026-08-31T18:56:18.950073,49.683030,0.022570,-0.006100,0.990274
2026-08-31T18:56:18.979611,49.712568,0.022448,-0.005734,0.989908
2026-08-31T18:56:19.010499,49.743456,0.022448,-0.005368,0.991006
2026-08-31T18:56:19.010577,49.743534,0.022082,-0.006100,0.989786
2026-08-31T18:56:19.039645,49.772602,0.022570,-0.005612,0.990030
2026-08-31T18:56:19.068501,49.801458,0.022692,-0.005978,0.990518
2026-08-31T18:56:19.069648,49.802605,0.022326,-0.005246,0.990274
2026-08-31T18:56:19.099639,49.832596,0.022204,-0.005612,0.990030
2026-08-31T18:56:19.128254,49.861211,0.022326,-0.005856,0.990640
2026-08-31T18:56:19.158308,49.891265,0.023058,-0.005734,0.990152
2026-08-31T18:56:19.158397,49.891354,0.022326,-0.005978,0.990396
2026-08-31T18:56:19.187315,49.920272,0.022570,-0.005490,0.990518
2026-08-31T18:56:19.218306,49.951263,0.022448,-0.005368,0.990762
2026-08-31T18:56:19.218366,49.951323,0.022692,-0.005368,0.990396
2026-08-31T18:56:19.246647,49.979604,0.023180,-0.006100,0.990884
2026-08-31T18:56:19.277806,50.010763,0.022814,-0.005246,0.989664
2026-08-31T18:56:19.308835,50.041792,0.022814,-0.005734,0.990396
2026-08-31T18:56:19.308915,50.041872,0.023180,-0.005612,0.989908
2026-08-31T18:56:19.336997,50.069954,0.022692,-0.005246,0.990274
2026-08-31T18:56:19.368922,50.101879,0.023058,-0.005978,0.990518
2026-08-31T18:56:19.369009,50.101966,0.021960,-0.006100,0.990396
2026-08-31T18:56:19.398587,50.131544,0.022204,-0.006100,0.989664
2026-08-31T18:56:19.398670,50.131627,0.022326,-0.005612,0.990396
2026-08-31T18:56:19.427209,50.160166,0.022204,-0.005490,0.989908
2026-08-31T18:56:19.457531,50.190488,0.022570,-0.005856,0.989908
2026-08-31T18:56:19.489014,50.221971,0.022570,-0.005612,0.990396
2026-08-31T18:56:19.489081,50.222038,0.022448,-0.006100,0.990396
2026-08-31T18:56:19.517108,50.250065,0.022570,-0.005978,0.989786
2026-08-31T18:56:19.550371,50.283328,0.022570,-0.005612,0.990762
2026-08-31T18:56:19.550452,50.283409,0.022326,-0.005734,0.990274
2026-08-31T18:56:19.580500,50.313457,0.021838,-0.005734,0.990274
2026-08-31T18:56:19.609064,50.342021,0.022936,-0.005490,0.990640
2026-08-31T18:56:19.609145,50.342102,0.022936,-0.005368,0.990152
2026-08-31T18:56:19.638262,50.371219,0.022570,-0.006100,0.990152
2026-08-31T18:56:19.638343,50.371300,0.022082,-0.005856,0.989664
2026-08-31T18:56:19.668903,50.401860,0.022936,-0.006222,0.990030
2026-08-31T18:56:19.696884,50.429841,0.022204,-0.005612,0.989908
2026-08-31T18:56:19.729789,50.462746,0.021960,-0.005856,0.990396
2026-08-31T18:56:19.758946,50.491903,0.022326,-0.005734,0.990762
2026-08-31T18:56:19.759030,50.491987,0.022814,-0.005978,0.990518
2026-08-31T18:56:19.787459,50.520416,0.022204,-0.005612,0.990518
2026-08-31T18:56:19.818323,50.551280,0.022692,-0.005612,0.990396
2026-08-31T18:56:19.819314,50.552271,0.022448,-0.006344,0.990030
2026-08-31T18:56:19.848196,50.581153,0.022326,-0.005612,0.990518
2026-08-31T18:56:19.878282,50.611239,0.022936,-0.005612,0.990396
2026-08-31T18:56:19.878367,50.611324,0.022448,-0.005978,0.990152
2026-08-31T18:56:19.907140,50.640097,0.022204,-0.005978,0.990274
2026-08-31T18:56:19.937714,50.670671,0.022692,-0.005978,0.990030
2026-08-31T18:56:19.938930,50.671887,0.022204,-0.005490,0.990518
2026-08-31T18:56:19.969819,50.702776,0.022570,-0.005978,0.990396
2026-08-31T18:56:19.999951,50.732908,0.022326,-0.005124,0.990152
2026-08-31T18:56:20.000017,50.732974,0.021594,-0.005368,0.989786
2026-08-31T18:56:20.030437,50.763394,0.022570,-0.005612,0.989908
2026-08-31T18:56:20.057707,50.790664,0.022814,-0.005856,0.990274
2026-08-31T18:56:20.058828,50.791785,0.022204,-0.005978,0.990762
2026-08-31T18:56:20.087635,50.820592,0.022204,-0.005490,0.990274
2026-08-31T18:56:20.118,50.850957,0.022448,-0.006344,0.990152
2026-08-31T18:56:20.149029,50.881986,0.022204,-0.005734,0.989664
2026-08-31T18:56:20.149111,50.882068,0.022570,-0.005490,0.990274
2026-08-31T18:56:20.177223,50.910180,0.022936,-0.005490,0.990884
2026-08-31T18:56:20.208253,50.941210,0.021716,-0.005368,0.990030
2026-08-31T18:56:20.208307,50.941264,0.022692,-0.005490,0.990030
2026-08-31T18:56:20.236578,50.969535,0.022570,-0.005978,0.990640
2026-08-31T18:56:20.268351,51.001308,0.022326,-0.006466,0.990396
2026-08-31T18:56:20.268414,51.001371,0.022570,-0.005734,0.989908
2026-08-31T18:56:20.299323,51.032280,0.022204,-0.005612,0.989786
2026-08-31T18:56:20.328372,51.061329,0.022204,-0.005368,0.990396
2026-08-31T18:56:20.328455,51.061412,0.022204,-0.005856,0.990396
2026-08-31T18:56:20.357067,51.090024,0.022448,-0.005856,0.990640
2026-08-31T18:56:20.389167,51.122124,0.022326,-0.005734,0.990396
2026-08-31T18:56:20.389256,51.122213,0.022448,-0.005368,0.990884
2026-08-31T18:56:20.416894,51.149851,0.022326,-0.005856,0.990518
2026-08-31T18:56:20.447525,51.180482,0.022692,-0.005124,0.990640
2026-08-31T18:56:20.478268,51.211225,0.022570,-0.005612,0.989542
2026-08-31T18:56:20.478329,51.211286,0.022692,-0.005490,0.990762
2026-08-31T18:56:20.508380,51.241337,0.022570,-0.005734,0.989664
2026-08-31T18:56:20.508456,51.241413,0.022570,-0.005734,0.990518
2026-08-31T18:56:20.537238,51.270195,0.022570,-0.005002,0.990274
2026-08-31T18:56:20.568091,51.301048,0.023302,-0.005734,0.989786
2026-08-31T18:56:20.599716,51.332673,0.022204,-0.005856,0.989908
2026-08-31T18:56:20.599799,51.332756,0.022448,-0.005490,0.990518
2026-08-31T18:56:20.628202,51.361159,0.022692,-0.005734,0.990274
2026-08-31T18:56:20.628292,51.361249,0.022570,-0.005856,0.990396
2026-08-31T18:56:20.657440,51.390397,0.022570,-0.005490,0.990030
2026-08-31T18:56:20.689247,51.422204,0.022204,-0.005490,0.990274
2026-08-31T18:56:20.689325,51.422282,0.022448,-0.005856,0.990152
2026-08-31T18:56:20.716746,51.449703,0.022692,-0.005124,0.990274
2026-08-31T18:56:20.747976,51.480933,0.022570,-0.005246,0.990274
2026-08-31T18:56:20.778797,51.511754,0.022936,-0.006100,0.989786
2026-08-31T18:56:20.778883,51.511840,0.022570,-0.005490,0.990884
2026-08-31T18:56:20.807219,51.540176,0.023180,-0.005612,0.990274
2026-08-31T18:56:20.839075,51.572032,0.021960,-0.006222,0.990884
2026-08-31T18:56:20.839188,51.572145,0.022326,-0.005612,0.991006
2026-08-31T18:56:20.867986,51.600943,0.022570,-0.005368,0.990518
2026-08-31T18:56:20.899884,51.632841,0.022448,-0.004880,0.990884
2026-08-31T18:56:20.899971,51.632928,0.023058,-0.005734,0.990152
2026-08-31T18:56:20.927825,51.660782,0.021960,-0.005856,0.990152
2026-08-31T18:56:20.927892,51.660849,0.022570,-0.005490,0.990152
2026-08-31T18:56:20.957150,51.690107,0.022326,-0.005734,0.990762
2026-08-31T18:56:20.987943,51.720900,0.022692,-0.005368,0.990518
2026-08-31T18:56:21.018953,51.751910,0.022692,-0.005612,0.990640
2026-08-31T18:56:21.019034,51.751991,0.022326,-0.005368,0.990274
2026-08-31T18:56:21.048680,51.781637,0.022936,-0.005368,0.990030
2026-08-31T18:56:21.048757,51.781714,0.022082,-0.005246,0.990396
2026-08-31T18:56:21.077072,51.810029,0.023058,-0.005734,0.990030
2026-08-31T18:56:21.107921,51.840878,0.022570,-0.005856,0.990152
2026-08-31T18:56:21.137811,51.870768,0.022204,-0.005246,0.990152
2026-08-31T18:56:21.168204,51.901161,0.022692,-0.006466,0.990274
2026-08-31T18:56:21.168989,51.901946,0.022936,-0.006222,0.990762
2026-08-31T18:56:21.199999,51.932956,0.022570,-0.005612,0.990030
2026-08-31T18:56:21.200083,51.933040,0.022692,-0.006100,0.990762
2026-08-31T18:56:21.229766,51.962723,0.022082,-0.005368,0.990274
2026-08-31T18:56:21.259027,51.991984,0.022692,-0.005246,0.990030
2026-08-31T18:56:21.259100,51.992057,0.021960,-0.006344,0.989908
2026-08-31T18:56:21.287450,52.020407,0.022448,-0.005490,0.989786
2026-08-31T18:56:21.318861,52.051818,0.022326,-0.005612,0.990396
2026-08-31T18:56:21.318948,52.051905,0.022448,-0.005978,0.990640
2026-08-31T18:56:21.347885,52.080842,0.022936,-0.005612,0.990396
2026-08-31T18:56:21.377921,52.110878,0.022448,-0.005612,0.990884
2026-08-31T18:56:21.407958,52.140915,0.023058,-0.005856,0.989786
2026-08-31T18:56:21.408970,52.141927,0.022570,-0.006222,0.989786
2026-08-31T18:56:21.441100,52.174057,0.023302,-0.005856,0.990396
2026-08-31T18:56:21.441177,52.174134,0.022326,-0.006466,0.990152
2026-08-31T18:56:21.469969,52.202926,0.022814,-0.005490,0.990396
2026-08-31T18:56:21.500422,52.233379,0.022814,-0.005978,0.990274
2026-08-31T18:56:21.500503,52.233460,0.023302,-0.005734,0.990518
2026-08-31T18:56:21.529938,52.262895,0.022570,-0.005490,0.990274
2026-08-31T18:56:21.560675,52.293632,0.022936,-0.005978,0.990152
2026-08-31T18:56:21.560760,52.293717,0.022570,-0.005734,0.990030
2026-08-31T18:56:21.589780,52.322737,0.022082,-0.005368,0.990396
2026-08-31T18:56:21.619715,52.352672,0.022814,-0.005612,0.990152
2026-08-31T18:56:21.650247,52.383204,0.022936,-0.005856,0.989908
2026-08-31T18:56:21.650327,52.383284,0.021594,-0.005368,0.989664
2026-08-31T18:56:21.677868,52.410825,0.022936,-0.005246,0.990030
2026-08-31T18:56:21.708874,52.441831,0.022326,-0.005490,0.990274
2026-08-31T18:56:21.708952,52.441909,0.022570,-0.005368,0.990884
2026-08-31T18:56:21.737150,52.470107,0.022082,-0.005734,0.990396
2026-08-31T18:56:21.768765,52.501722,0.022692,-0.005734,0.990274
2026-08-31T18:56:21.770625,52.503582,0.022692,-0.006100,0.990640
2026-08-31T18:56:21.799847,52.532804,0.022936,-0.005856,0.990152
2026-08-31T18:56:21.830547,52.563504,0.022814,-0.005734,0.990274
2026-08-31T18:56:21.830623,52.563580,0.022814,-0.005856,0.989908
2026-08-31T18:56:21.859389,52.592346,0.022692,-0.005978,0.990152
2026-08-31T18:56:21.887947,52.620904,0.022814,-0.005490,0.990152
2026-08-31T18:56:21.889430,52.622387,0.023058,-0.005124,0.989908
2026-08-31T18:56:21.919679,52.652636,0.022570,-0.005856,0.989786
2026-08-31T18:56:21.949487,52.682444,0.022448,-0.006100,0.990030
2026-08-31T18:56:21.949577,52.682534,0.022814,-0.006100,0.990518
2026-08-31T18:56:21.978558,52.711515,0.022692,-0.006100,0.990518
2026-08-31T18:56:21.978640,52.711597,0.022204,-0.006344,0.989908
2026-08-31T18:56:22.007206,52.740163,0.022570,-0.005368,0.989908
2026-08-31T18:56:22.037787,52.770744,0.022326,-0.005490,0.989908
2026-08-31T18:56:22.068049,52.801006,0.022448,-0.005490,0.990030
2026-08-31T18:56:22.098923,52.831880,0.021716,-0.005002,0.990152
2026-08-31T18:56:22.099011,52.831968,0.022692,-0.006344,0.990274
2026-08-31T18:56:22.130721,52.863678,0.022692,-0.005856,0.990396
2026-08-31T18:56:22.130799,52.863756,0.023180,-0.005978,0.989908
2026-08-31T18:56:22.159496,52.892453,0.022570,-0.005734,0.990274
2026-08-31T18:56:22.188824,52.921781,0.022204,-0.006344,0.989908
2026-08-31T18:56:22.219031,52.951988,0.022814,-0.005856,0.990396
2026-08-31T18:56:22.219118,52.952075,0.022936,-0.005856,0.990518
2026-08-31T18:56:22.248403,52.981360,0.022692,-0.005856,0.989908
2026-08-31T18:56:22.249974,52.982931,0.022082,-0.005612,0.990152
2026-08-31T18:56:22.279933,53.012890,0.022570,-0.005734,0.990518
2026-08-31T18:56:22.307934,53.040891,0.022814,-0.005734,0.989664
2026-08-31T18:56:22.338092,53.071049,0.022204,-0.005612,0.990274
2026-08-31T18:56:22.338158,53.071115,0.022326,-0.005612,0.989908
2026-08-31T18:56:22.367419,53.100376,0.023180,-0.005246,0.990762
2026-08-31T18:56:22.400462,53.133419,0.022692,-0.006344,0.990030
2026-08-31T18:56:22.400526,53.133483,0.022448,-0.005856,0.991128
2026-08-31T18:56:22.429947,53.162904,0.022692,-0.005734,0.990152
2026-08-31T18:56:22.459113,53.192070,0.022692,-0.005612,0.990152
2026-08-31T18:56:22.459203,53.192160,0.023058,-0.005368,0.989298
2026-08-31T18:56:22.487545,53.220502,0.022448,-0.006466,0.990152
2026-08-31T18:56:22.518930,53.251887,0.022326,-0.005490,0.989908
2026-08-31T18:56:22.519014,53.251971,0.022814,-0.005368,0.990152
2026-08-31T18:56:22.547079,53.280036,0.022448,-0.006100,0.990518
2026-08-31T18:56:22.578826,53.311783,0.022204,-0.006100,0.989786
2026-08-31T18:56:22.578903,53.311860,0.022570,-0.005856,0.990518
2026-08-31T18:56:22.606940,53.339897,0.022692,-0.005612,0.990274
2026-08-31T18:56:22.637290,53.370247,0.022570,-0.005368,0.990762
2026-08-31T18:56:22.637343,53.370300,0.021960,-0.005978,0.990518
2026-08-31T18:56:22.666805,53.399762,0.022448,-0.005490,0.990274
2026-08-31T18:56:22.698986,53.431943,0.022204,-0.006100,0.990396
2026-08-31T18:56:22.699058,53.432015,0.022814,-0.006344,0.990396
2026-08-31T18:56:22.727339,53.460296,0.022814,-0.005490,0.990884
2026-08-31T18:56:22.758923,53.491880,0.022204,-0.005856,0.990152
2026-08-31T18:56:22.759025,53.491982,0.022326,-0.005734,0.990152
2026-08-31T18:56:22.787257,53.520214,0.022814,-0.005368,0.990030
2026-08-31T18:56:22.818001,53.550958,0.022448,-0.005734,0.990030
2026-08-31T18:56:22.850579,53.583536,0.021960,-0.005612,0.990274
2026-08-31T18:56:22.850640,53.583597,0.022936,-0.005856,0.990152
2026-08-31T18:56:22.876872,53.609829,0.022692,-0.005368,0.990274
2026-08-31T18:56:22.908902,53.641859,0.021960,-0.005612,0.990152
2026-08-31T18:56:22.908977,53.641934,0.022936,-0.005734,0.990152
2026-08-31T18:56:22.937117,53.670074,0.022570,-0.005978,0.990274
2026-08-31T18:56:22.968817,53.701774,0.022570,-0.005734,0.990396
2026-08-31T18:56:22.968890,53.701847,0.021960,-0.005612,0.989786
2026-08-31T18:56:22.998611,53.731568,0.022326,-0.005856,0.989786
2026-08-31T18:56:23.027892,53.760849,0.022692,-0.005734,0.990518
2026-08-31T18:56:23.058966,53.791923,0.022448,-0.006100,0.989786
2026-08-31T18:56:23.059054,53.792011,0.022692,-0.005002,0.990030
2026-08-31T18:56:23.086416,53.819373,0.022570,-0.005612,0.990152
2026-08-31T18:56:23.117865,53.850822,0.023058,-0.005978,0.990762
2026-08-31T18:56:23.119099,53.852056,0.022936,-0.005978,0.990152
2026-08-31T18:56:23.149796,53.882753,0.022082,-0.005246,0.990762
2026-08-31T18:56:23.180070,53.913027,0.022692,-0.005856,0.991006
2026-08-31T18:56:23.210780,53.943737,0.022570,-0.005734,0.990640
2026-08-31T18:56:23.210872,53.943829,0.022814,-0.005856,0.991006
2026-08-31T18:56:23.240665,53.973622,0.022448,-0.005612,0.990518
2026-08-31T18:56:23.240745,53.973702,0.022570,-0.006100,0.990274
2026-08-31T18:56:23.270060,54.003017,0.022448,-0.005002,0.990152
2026-08-31T18:56:23.300010,54.032967,0.022570,-0.006466,0.990274
2026-08-31T18:56:23.301035,54.033992,0.022936,-0.005856,0.990396
2026-08-31T18:56:23.329334,54.062291,0.022082,-0.005246,0.990030
2026-08-31T18:56:23.358309,54.091266,0.022082,-0.005734,0.990396
2026-08-31T18:56:23.359507,54.092464,0.022326,-0.005612,0.989786
2026-08-31T18:56:23.389705,54.122662,0.022082,-0.005978,0.990884
2026-08-31T18:56:23.419158,54.152115,0.022692,-0.005856,0.989298
2026-08-31T18:56:23.419247,54.152204,0.022448,-0.005734,0.990274
2026-08-31T18:56:23.447475,54.180432,0.022326,-0.005368,0.990030
2026-08-31T18:56:23.478297,54.211254,0.022936,-0.005734,0.990518
2026-08-31T18:56:23.508469,54.241426,0.022570,-0.005734,0.990030
2026-08-31T18:56:23.508543,54.241500,0.022448,-0.005856,0.990030
2026-08-31T18:56:23.537308,54.270265,0.022448,-0.005612,0.990152
2026-08-31T18:56:23.570431,54.303388,0.022570,-0.006222,0.989786
2026-08-31T18:56:23.570492,54.303449,0.022814,-0.005612,0.989908
2026-08-31T18:56:23.599623,54.332580,0.022936,-0.005612,0.989908
2026-08-31T18:56:23.628878,54.361835,0.022814,-0.005368,0.989664
2026-08-31T18:56:23.658664,54.391621,0.022814,-0.005368,0.990396
2026-08-31T18:56:23.658744,54.391701,0.023058,-0.005368,0.990518
2026-08-31T18:56:23.688324,54.421281,0.022814,-0.005490,0.989786
2026-08-31T18:56:23.688421,54.421378,0.022570,-0.005490,0.990396
2026-08-31T18:56:23.717455,54.450412,0.022326,-0.005490,0.990152
2026-08-31T18:56:23.748768,54.481725,0.022814,-0.005612,0.989542
2026-08-31T18:56:23.778905,54.511862,0.022326,-0.005002,0.990762
2026-08-31T18:56:23.779002,54.511959,0.022448,-0.005368,0.990518
2026-08-31T18:56:23.807297,54.540254,0.022692,-0.005978,0.990152
2026-08-31T18:56:23.807333,54.540290,0.022448,-0.005856,0.990152
2026-08-31T18:56:23.837442,54.570399,0.022814,-0.005246,0.990274
2026-08-31T18:56:23.868706,54.601663,0.023302,-0.005246,0.990152
2026-08-31T18:56:23.868782,54.601739,0.022448,-0.005490,0.990518
2026-08-31T18:56:23.897364,54.630321,0.022692,-0.005978,0.990396
2026-08-31T18:56:23.927985,54.660942,0.022326,-0.005734,0.990518
2026-08-31T18:56:23.959007,54.691964,0.022570,-0.005246,0.990030
2026-08-31T18:56:23.959095,54.692052,0.022692,-0.006100,0.990030
2026-08-31T18:56:23.987140,54.720097,0.022326,-0.005490,0.990030
2026-08-31T18:56:24.018739,54.751696,0.022692,-0.005612,0.989908
2026-08-31T18:56:24.018834,54.751791,0.022814,-0.005612,0.990152
2026-08-31T18:56:24.047112,54.780069,0.022814,-0.005368,0.990030
2026-08-31T18:56:24.077805,54.810762,0.022326,-0.005856,0.990152
2026-08-31T18:56:24.107847,54.840804,0.022448,-0.005978,0.990030
2026-08-31T18:56:24.108857,54.841814,0.022692,-0.005734,0.990396
2026-08-31T18:56:24.138925,54.871882,0.022326,-0.005612,0.989542
2026-08-31T18:56:24.139014,54.871971,0.022692,-0.005734,0.990762
2026-08-31T18:56:24.167379,54.900336,0.022448,-0.005368,0.990884
2026-08-31T18:56:24.199180,54.932137,0.022692,-0.005368,0.990396
2026-08-31T18:56:24.228388,54.961345,0.022692,-0.005124,0.990640
2026-08-31T18:56:24.229415,54.962372,0.022204,-0.005978,0.990274
2026-08-31T18:56:24.259392,54.992349,0.022570,-0.005490,0.990274
2026-08-31T18:56:24.287712,55.020669,0.022570,-0.005734,0.990030
2026-08-31T18:56:24.318654,55.051611,0.022448,-0.005368,0.990152
2026-08-31T18:56:24.318732,55.051689,0.023302,-0.005856,0.990152
2026-08-31T18:56:24.347809,55.080766,0.022448,-0.005124,0.990396
2026-08-31T18:56:24.350366,55.083323,0.022204,-0.006100,0.990762
2026-08-31T18:56:24.379775,55.112732,0.023180,-0.005978,0.990518
2026-08-31T18:56:24.409839,55.142796,0.022814,-0.005734,0.990274
2026-08-31T18:56:24.440534,55.173491,0.023058,-0.005368,0.990152
2026-08-31T18:56:24.440621,55.173578,0.022326,-0.005612,0.989908
2026-08-31T18:56:24.473076,55.206033,0.022570,-0.005612,0.989786
2026-08-31T18:56:24.473158,55.206115,0.022448,-0.006100,0.989786
2026-08-31T18:56:24.497623,55.230580,0.022814,-0.005734,0.989786
2026-08-31T18:56:24.528097,55.261054,0.022326,-0.005368,0.990396
2026-08-31T18:56:24.558496,55.291453,0.023180,-0.005978,0.990396
2026-08-31T18:56:24.558576,55.291533,0.022570,-0.005246,0.990762
2026-08-31T18:56:24.587468,55.320425,0.022692,-0.005856,0.990030
2026-08-31T18:56:24.618578,55.351535,0.022814,-0.005490,0.990274
2026-08-31T18:56:24.618665,55.351622,0.022326,-0.005490,0.989786
2026-08-31T18:56:24.647414,55.380371,0.023180,-0.005856,0.989786
2026-08-31T18:56:24.679020,55.411977,0.022692,-0.005978,0.990640
2026-08-31T18:56:24.679113,55.412070,0.022570,-0.005734,0.990152
2026-08-31T18:56:24.707548,55.440505,0.022814,-0.006222,0.990396
2026-08-31T18:56:24.739427,55.472384,0.022448,-0.005612,0.989542
2026-08-31T18:56:24.739533,55.472490,0.022570,-0.005612,0.989786
2026-08-31T18:56:24.767057,55.500014,0.022692,-0.005978,0.990030
2026-08-31T18:56:24.797976,55.530933,0.022936,-0.005856,0.990030
2026-08-31T18:56:24.828581,55.561538,0.023302,-0.005734,0.990518
2026-08-31T18:56:24.828671,55.561628,0.023180,-0.005368,0.989908
2026-08-31T18:56:24.857311,55.590268,0.022692,-0.005246,0.990030
2026-08-31T18:56:24.888958,55.621915,0.022448,-0.005490,0.990396
2026-08-31T18:56:24.889044,55.622001,0.023058,-0.005246,0.990884
2026-08-31T18:56:24.917456,55.650413,0.022570,-0.005856,0.990274
2026-08-31T18:56:24.950125,55.683082,0.022814,-0.005612,0.989908
2026-08-31T18:56:24.950208,55.683165,0.022570,-0.005612,0.990396
2026-08-31T18:56:24.976995,55.709952,0.022936,-0.005368,0.990274
2026-08-31T18:56:25.007794,55.740751,0.022570,-0.006100,0.990274
2026-08-31T18:56:25.038965,55.771922,0.022692,-0.005978,0.990152
2026-08-31T18:56:25.039046,55.772003,0.022204,-0.005612,0.990762
2026-08-31T18:56:25.068032,55.800989,0.022692,-0.005368,0.990396
2026-08-31T18:56:25.068885,55.801842,0.022570,-0.005734,0.990030
2026-08-31T18:56:25.100145,55.833102,0.022326,-0.005734,0.990274
2026-08-31T18:56:25.130691,55.863648,0.023302,-0.005856,0.990274
2026-08-31T18:56:25.130778,55.863735,0.022814,-0.005490,0.990030
2026-08-31T18:56:25.159844,55.892801,0.022936,-0.005978,0.990152
2026-08-31T18:56:25.190730,55.923687,0.022448,-0.005368,0.990030
2026-08-31T18:56:25.190822,55.923779,0.022326,-0.006222,0.990518
2026-08-31T18:56:25.220211,55.953168,0.022326,-0.005246,0.990396
2026-08-31T18:56:25.250207,55.983164,0.022814,-0.005856,0.990030
2026-08-31T18:56:25.250255,55.983212,0.022570,-0.005978,0.989420
2026-08-31T18:56:25.279396,56.012353,0.022814,-0.005612,0.990152
2026-08-31T18:56:25.308241,56.041198,0.022814,-0.005612,0.990030
2026-08-31T18:56:25.337805,56.070762,0.022936,-0.005978,0.990274
2026-08-31T18:56:25.338895,56.071852,0.023058,-0.005856,0.990274
2026-08-31T18:56:25.367988,56.100945,0.022692,-0.006100,0.990762
2026-08-31T18:56:25.398678,56.131635,0.022448,-0.005734,0.990640
2026-08-31T18:56:25.398757,56.131714,0.022814,-0.004880,0.990152
2026-08-31T18:56:25.427283,56.160240,0.022570,-0.005368,0.990274
2026-08-31T18:56:25.458382,56.191339,0.022936,-0.005734,0.990396
2026-08-31T18:56:25.460027,56.192984,0.022570,-0.006100,0.990518
2026-08-31T18:56:25.490343,56.223300,0.022814,-0.005978,0.990640
2026-08-31T18:56:25.490410,56.223367,0.022936,-0.005856,0.990396
2026-08-31T18:56:25.519590,56.252547,0.022692,-0.006222,0.989908
2026-08-31T18:56:25.549716,56.282673,0.023180,-0.005490,0.989664
2026-08-31T18:56:25.580283,56.313240,0.022692,-0.005734,0.989908
2026-08-31T18:56:25.580386,56.313343,0.022814,-0.005856,0.990518
2026-08-31T18:56:25.608223,56.341180,0.022448,-0.005734,0.990274
2026-08-31T18:56:25.638904,56.371861,0.022814,-0.005246,0.990396
2026-08-31T18:56:25.638985,56.371942,0.022692,-0.005612,0.989908
2026-08-31T18:56:25.667619,56.400576,0.022814,-0.005856,0.990274
2026-08-31T18:56:25.698532,56.431489,0.022936,-0.005490,0.989908
2026-08-31T18:56:25.701205,56.434162,0.023180,-0.005856,0.990518
2026-08-31T18:56:25.729766,56.462723,0.022570,-0.005490,0.990884
2026-08-31T18:56:25.759911,56.492868,0.023180,-0.005734,0.990518
2026-08-31T18:56:25.789805,56.522762,0.022204,-0.005612,0.990274
2026-08-31T18:56:25.789850,56.522807,0.022692,-0.005490,0.990152
2026-08-31T18:56:25.819488,56.552445,0.022570,-0.005978,0.989298
2026-08-31T18:56:25.851021,56.583978,0.022692,-0.005734,0.990640
2026-08-31T18:56:25.851101,56.584058,0.022326,-0.005612,0.990152
2026-08-31T18:56:25.879706,56.612663,0.022692,-0.005978,0.990152
2026-08-31T18:56:25.909180,56.642137,0.022692,-0.005734,0.989542
2026-08-31T18:56:25.909269,56.642226,0.022692,-0.006222,0.990640
2026-08-31T18:56:25.937809,56.670766,0.022570,-0.005612,0.990274
2026-08-31T18:56:25.969401,56.702358,0.023058,-0.005734,0.990274
2026-08-31T18:56:25.970150,56.703107,0.022692,-0.005856,0.990152
2026-08-31T18:56:25.999660,56.732617,0.022570,-0.005368,0.989542
2026-08-31T18:56:26.029714,56.762671,0.022814,-0.005978,0.990396
2026-08-31T18:56:26.059188,56.792145,0.022936,-0.005612,0.989786
2026-08-31T18:56:26.059278,56.792235,0.022204,-0.005490,0.989908
2026-08-31T18:56:26.087383,56.820340,0.022448,-0.005734,0.990152
2026-08-31T18:56:26.118351,56.851308,0.022936,-0.005246,0.990152
2026-08-31T18:56:26.119099,56.852056,0.022814,-0.005734,0.990396
2026-08-31T18:56:26.147406,56.880363,0.023180,-0.005734,0.990518
2026-08-31T18:56:26.179138,56.912095,0.022692,-0.005490,0.989786
2026-08-31T18:56:26.179232,56.912189,0.022936,-0.005734,0.990274
2026-08-31T18:56:26.207184,56.940141,0.022692,-0.005734,0.990640
2026-08-31T18:56:26.239138,56.972095,0.022692,-0.005368,0.990396
2026-08-31T18:56:26.239492,56.972449,0.022570,-0.005612,0.990518
2026-08-31T18:56:26.267389,57.000346,0.022814,-0.005856,0.989420
2026-08-31T18:56:26.299217,57.032174,0.022814,-0.005734,0.990518
2026-08-31T18:56:26.299305,57.032262,0.022936,-0.005490,0.990030
2026-08-31T18:56:26.329737,57.062694,0.022814,-0.005734,0.989908
2026-08-31T18:56:26.359910,57.092867,0.022570,-0.005734,0.990030
2026-08-31T18:56:26.390641,57.123598,0.023302,-0.005124,0.990640
2026-08-31T18:56:26.390732,57.123689,0.022936,-0.005490,0.990274
2026-08-31T18:56:26.419702,57.152659,0.022692,-0.005734,0.990396
2026-08-31T18:56:26.450152,57.183109,0.022448,-0.005856,0.990396
2026-08-31T18:56:26.450805,57.183762,0.022936,-0.005734,0.990884
2026-08-31T18:56:26.479814,57.212771,0.022692,-0.005368,0.990518
2026-08-31T18:56:26.510791,57.243748,0.022692,-0.005856,0.989786
2026-08-31T18:56:26.510868,57.243825,0.022692,-0.005734,0.989664
2026-08-31T18:56:26.539598,57.272555,0.022692,-0.006222,0.989908
2026-08-31T18:56:26.568451,57.301408,0.022814,-0.005734,0.990030
2026-08-31T18:56:26.570606,57.303563,0.022448,-0.005612,0.989664
2026-08-31T18:56:26.600175,57.333132,0.022448,-0.005856,0.989786
2026-08-31T18:56:26.628859,57.361816,0.022570,-0.006100,0.990152
2026-08-31T18:56:26.628946,57.361903,0.022692,-0.006344,0.990152
2026-08-31T18:56:26.659932,57.392889,0.023302,-0.006100,0.989908
2026-08-31T18:56:26.688717,57.421674,0.022326,-0.006100,0.990274
2026-08-31T18:56:26.690413,57.423370,0.022936,-0.005124,0.990274
2026-08-31T18:56:26.719475,57.452432,0.022936,-0.005612,0.989908
2026-08-31T18:56:26.748403,57.481360,0.022204,-0.005368,0.990274
2026-08-31T18:56:26.778513,57.511470,0.022692,-0.005368,0.990030
2026-08-31T18:56:26.778603,57.511560,0.022936,-0.005734,0.990640
2026-08-31T18:56:26.807452,57.540409,0.022814,-0.005978,0.990030
2026-08-31T18:56:26.838960,57.571917,0.022570,-0.005490,0.990396
2026-08-31T18:56:26.839046,57.572003,0.022448,-0.006222,0.990030
2026-08-31T18:56:26.867659,57.600616,0.022692,-0.005734,0.990396
2026-08-31T18:56:26.897673,57.630630,0.022936,-0.005612,0.990274
2026-08-31T18:56:26.928511,57.661468,0.022814,-0.005368,0.989908
2026-08-31T18:56:26.928578,57.661535,0.022936,-0.005734,0.990152
2026-08-31T18:56:26.956807,57.689764,0.022936,-0.006100,0.989908
2026-08-31T18:56:26.989087,57.722044,0.022814,-0.005978,0.989908
2026-08-31T18:56:26.989193,57.722150,0.022814,-0.005612,0.990152
2026-08-31T18:56:27.017650,57.750607,0.022570,-0.005978,0.990152
2026-08-31T18:56:27.049391,57.782348,0.022692,-0.005490,0.989908
2026-08-31T18:56:27.049467,57.782424,0.022936,-0.005612,0.989664
2026-08-31T18:56:27.077391,57.810348,0.022204,-0.005612,0.990274
2026-08-31T18:56:27.108692,57.841649,0.022936,-0.005856,0.990274
2026-08-31T18:56:27.108770,57.841727,0.022692,-0.005856,0.989786
2026-08-31T18:56:27.137172,57.870129,0.023180,-0.005368,0.990152
2026-08-31T18:56:27.168445,57.901402,0.022936,-0.005368,0.990030
2026-08-31T18:56:27.168709,57.901666,0.022692,-0.005368,0.990274
2026-08-31T18:56:27.200141,57.933098,0.023058,-0.005612,0.989664
2026-08-31T18:56:27.229172,57.962129,0.023058,-0.005612,0.989908
2026-08-31T18:56:27.229254,57.962211,0.022692,-0.005490,0.989298
2026-08-31T18:56:27.257389,57.990346,0.022936,-0.005734,0.989908
2026-08-31T18:56:27.287978,58.020935,0.023546,-0.005490,0.990030
2026-08-31T18:56:27.317856,58.050813,0.023180,-0.005490,0.989664
2026-08-31T18:56:27.320141,58.053098,0.022936,-0.005246,0.990640
2026-08-31T18:56:27.351129,58.084086,0.023180,-0.005978,0.990274
2026-08-31T18:56:27.351211,58.084168,0.022936,-0.005856,0.990518
2026-08-31T18:56:27.379608,58.112565,0.023058,-0.005490,0.990152
2026-08-31T18:56:27.410831,58.143788,0.022570,-0.005124,0.990274
2026-08-31T18:56:27.410915,58.143872,0.022814,-0.006100,0.990518
2026-08-31T18:56:27.440076,58.173033,0.022936,-0.005734,0.990396
2026-08-31T18:56:27.470212,58.203169,0.022814,-0.005978,0.990274
2026-08-31T18:56:27.501308,58.234265,0.022814,-0.005978,0.990152
2026-08-31T18:56:27.501436,58.234393,0.022814,-0.005856,0.990640
2026-08-31T18:56:27.529797,58.262754,0.022936,-0.005002,0.989786
2026-08-31T18:56:27.560900,58.293857,0.023058,-0.005978,0.990152
2026-08-31T18:56:27.560992,58.293949,0.022448,-0.005612,0.990274
2026-08-31T18:56:27.589723,58.322680,0.022204,-0.006588,0.990640
2026-08-31T18:56:27.618463,58.351420,0.022936,-0.005978,0.989786
2026-08-31T18:56:27.619349,58.352306,0.023424,-0.005612,0.989664
2026-08-31T18:56:27.647348,58.380305,0.022448,-0.006588,0.990518
2026-08-31T18:56:27.677955,58.410912,0.022814,-0.005856,0.989786
2026-08-31T18:56:27.679689,58.412646,0.022448,-0.005856,0.989420
2026-08-31T18:56:27.709651,58.442608,0.022692,-0.005612,0.989908
2026-08-31T18:56:27.739103,58.472060,0.023058,-0.005368,0.990274
2026-08-31T18:56:27.739205,58.472162,0.023058,-0.005856,0.989786
2026-08-31T18:56:27.768550,58.501507,0.023180,-0.005734,0.990030
2026-08-31T18:56:27.798012,58.530969,0.022204,-0.005734,0.990884
2026-08-31T18:56:27.800928,58.533885,0.022570,-0.005368,0.989542
2026-08-31T18:56:27.829964,58.562921,0.022570,-0.005612,0.990152
2026-08-31T18:56:27.860928,58.593885,0.022692,-0.005734,0.989786
2026-08-31T18:56:27.861020,58.593977,0.022570,-0.005612,0.989786
2026-08-31T18:56:27.889833,58.622790,0.022936,-0.005856,0.990762
2026-08-31T18:56:27.919651,58.652608,0.022692,-0.005490,0.990396
2026-08-31T18:56:27.949550,58.682507,0.022692,-0.005490,0.989786
2026-08-31T18:56:27.949635,58.682592,0.023424,-0.005734,0.990518
2026-08-31T18:56:27.978635,58.711592,0.022570,-0.005978,0.989786
2026-08-31T18:56:27.978712,58.711669,0.023058,-0.005734,0.990030
2026-08-31T18:56:28.007278,58.740235,0.022692,-0.005734,0.990152
2026-08-31T18:56:28.038506,58.771463,0.022936,-0.006100,0.990030
2026-08-31T18:56:28.068826,58.801783,0.022814,-0.005246,0.990152
2026-08-31T18:56:28.069007,58.801964,0.022814,-0.006100,0.989664
2026-08-31T18:56:28.100906,58.833863,0.022692,-0.005246,0.990152
2026-08-31T18:56:28.128529,58.861486,0.022692,-0.005734,0.990274
2026-08-31T18:56:28.128610,58.861567,0.022814,-0.005978,0.990640
2026-08-31T18:56:28.157316,58.890273,0.022692,-0.005612,0.989664
2026-08-31T18:56:28.188705,58.921662,0.023058,-0.005978,0.989542
2026-08-31T18:56:28.188784,58.921741,0.022936,-0.005368,0.990396
2026-08-31T18:56:28.217362,58.950319,0.022570,-0.005856,0.990396
2026-08-31T18:56:28.248010,58.980967,0.022570,-0.006100,0.990518
2026-08-31T18:56:28.278997,59.011954,0.022936,-0.005856,0.989664
2026-08-31T18:56:28.279084,59.012041,0.022448,-0.005856,0.990030
2026-08-31T18:56:28.308496,59.041453,0.023180,-0.005978,0.990274
2026-08-31T18:56:28.308574,59.041531,0.022692,-0.005124,0.990152
2026-08-31T18:56:28.338622,59.071579,0.021960,-0.005856,0.989786
2026-08-31T18:56:28.367490,59.100447,0.022448,-0.005490,0.990274
2026-08-31T18:56:28.398532,59.131489,0.022814,-0.005490,0.990396
2026-08-31T18:56:28.398606,59.131563,0.022936,-0.005490,0.990396
2026-08-31T18:56:28.427289,59.160246,0.022692,-0.005368,0.989420
2026-08-31T18:56:28.459051,59.192008,0.023302,-0.006222,0.990030
2026-08-31T18:56:28.459132,59.192089,0.023180,-0.005612,0.989908
2026-08-31T18:56:28.487224,59.220181,0.022814,-0.005612,0.990274
2026-08-31T18:56:28.519142,59.252099,0.022570,-0.005856,0.990396
2026-08-31T18:56:28.519221,59.252178,0.022814,-0.006222,0.990640
2026-08-31T18:56:28.547228,59.280185,0.022814,-0.005612,0.989298
2026-08-31T18:56:28.579094,59.312051,0.022326,-0.005612,0.990152
2026-08-31T18:56:28.579185,59.312142,0.023668,-0.006222,0.989786
2026-08-31T18:56:28.607113,59.340070,0.022692,-0.005856,0.990396
2026-08-31T18:56:28.637815,59.370772,0.022570,-0.005856,0.990640
2026-08-31T18:56:28.668442,59.401399,0.022570,-0.005734,0.990640
2026-08-31T18:56:28.669697,59.402654,0.023546,-0.006100,0.990030
2026-08-31T18:56:28.701035,59.433992,0.022570,-0.005368,0.990152
2026-08-31T18:56:28.728222,59.461179,0.023302,-0.005246,0.990518
2026-08-31T18:56:28.758379,59.491336,0.023058,-0.006222,0.990152
2026-08-31T18:56:28.758464,59.491421,0.022448,-0.005368,0.989664
2026-08-31T18:56:28.787735,59.520692,0.022448,-0.005734,0.990274
2026-08-31T18:56:28.819224,59.552181,0.023180,-0.005978,0.990030
2026-08-31T18:56:28.819334,59.552291,0.023424,-0.005734,0.989664
2026-08-31T18:56:28.846945,59.579902,0.022936,-0.005490,0.990396
2026-08-31T18:56:28.878651,59.611608,0.022936,-0.005612,0.990640
2026-08-31T18:56:28.878725,59.611682,0.022814,-0.005612,0.990274
2026-08-31T18:56:28.907468,59.640425,0.023058,-0.005612,0.990640
2026-08-31T18:56:28.939133,59.672090,0.022570,-0.005124,0.990030
2026-08-31T18:56:28.939220,59.672177,0.023058,-0.005368,0.990640
2026-08-31T18:56:28.967777,59.700734,0.022448,-0.005734,0.990030
2026-08-31T18:56:28.999116,59.732073,0.022936,-0.005612,0.990030
2026-08-31T18:56:28.999190,59.732147,0.022814,-0.005490,0.990030
2026-08-31T18:56:29.027889,59.760846,0.022692,-0.006100,0.990152
2026-08-31T18:56:29.058656,59.791613,0.022936,-0.005856,0.990274
2026-08-31T18:56:29.058727,59.791684,0.022570,-0.005612,0.990030
2026-08-31T18:56:29.086876,59.819833,0.022936,-0.005734,0.990274
2026-08-31T18:56:29.118156,59.851113,0.023424,-0.006100,0.989786
2026-08-31T18:56:29.148587,59.881544,0.022814,-0.005856,0.989542
2026-08-31T18:56:29.148665,59.881622,0.023180,-0.006100,0.989908
2026-08-31T18:56:29.177380,59.910337,0.022326,-0.006100,0.989664
2026-08-31T18:56:29.208974,59.941931,0.023302,-0.005856,0.991006
2026-08-31T18:56:29.209064,59.942021,0.023180,-0.006100,0.990274
2026-08-31T18:56:29.238752,59.971709,0.023424,-0.006222,0.989786
2026-08-31T18:56:29.238834,59.971791,0.023180,-0.005856,0.990518
2026-08-31T18:56:29.267801,60.000758,0.022448,-0.005978,0.990518
2026-08-31T18:56:29.297992,60.030949,0.022936,-0.005612,0.990030
2026-08-31T18:56:29.328615,60.061572,0.022814,-0.005490,0.990152
2026-08-31T18:56:29.328678,60.061635,0.022814,-0.006222,0.990152
2026-08-31T18:56:29.357216,60.090173,0.022814,-0.005490,0.990518
2026-08-31T18:56:29.389110,60.122067,0.022448,-0.005246,0.989664
2026-08-31T18:56:29.389200,60.122157,0.022814,-0.005490,0.990152
2026-08-31T18:56:29.418086,60.151043,0.022814,-0.005368,0.990274
2026-08-31T18:56:29.449019,60.181976,0.022570,-0.005246,0.989908
2026-08-31T18:56:29.449104,60.182061,0.022692,-0.005856,0.990640
2026-08-31T18:56:29.477406,60.210363,0.023424,-0.005734,0.990030
2026-08-31T18:56:29.508728,60.241685,0.022936,-0.005856,0.990152
2026-08-31T18:56:29.508787,60.241744,0.022814,-0.005856,0.990396
2026-08-31T18:56:29.537023,60.269980,0.022570,-0.005978,0.990030
2026-08-31T18:56:29.568848,60.301805,0.022814,-0.005612,0.989420
2026-08-31T18:56:29.570082,60.303039,0.022692,-0.005856,0.990884
2026-08-31T18:56:29.597208,60.330165,0.023058,-0.005368,0.990030
2026-08-31T18:56:29.629918,60.362875,0.022814,-0.005856,0.989908
2026-08-31T18:56:29.630006,60.362963,0.023302,-0.005612,0.990396
2026-08-31T18:56:29.657818,60.390775,0.022570,-0.005856,0.989542
2026-08-31T18:56:29.689021,60.421978,0.023180,-0.005612,0.990762
2026-08-31T18:56:29.689111,60.422068,0.023424,-0.006100,0.990396
2026-08-31T18:56:29.718183,60.451140,0.022570,-0.006100,0.990274
2026-08-31T18:56:29.748986,60.481943,0.023058,-0.005490,0.989542
2026-08-31T18:56:29.749074,60.482031,0.023302,-0.006100,0.990762
2026-08-31T18:56:29.777349,60.510306,0.022692,-0.005612,0.989664
2026-08-31T18:56:29.807383,60.540340,0.022692,-0.005856,0.990274
2026-08-31T18:56:29.838713,60.571670,0.023058,-0.004880,0.989542
2026-08-31T18:56:29.838780,60.571737,0.023058,-0.005734,0.990152
2026-08-31T18:56:29.868206,60.601163,0.023058,-0.006100,0.990152
2026-08-31T18:56:29.898488,60.631445,0.022936,-0.005612,0.989786
2026-08-31T18:56:29.900058,60.633015,0.022936,-0.005734,0.990030
2026-08-31T18:56:29.929910,60.662867,0.022692,-0.005856,0.990274
2026-08-31T18:56:29.961054,60.694011,0.023668,-0.006100,0.989420
2026-08-31T18:56:29.961136,60.694093,0.023668,-0.006222,0.990274
2026-08-31T18:56:29.990203,60.723160,0.023058,-0.005612,0.990030
2026-08-31T18:56:30.020967,60.753924,0.022692,-0.005612,0.989786
2026-08-31T18:56:30.021032,60.753989,0.022570,-0.005856,0.990274
2026-08-31T18:56:30.050238,60.783195,0.023302,-0.005612,0.990030
2026-08-31T18:56:30.079303,60.812260,0.022570,-0.005734,0.990030
2026-08-31T18:56:30.079404,60.812361,0.022692,-0.005856,0.990518
2026-08-31T18:56:30.107539,60.840496,0.022692,-0.006100,0.990030
2026-08-31T18:56:30.138417,60.871374,0.022814,-0.005856,0.989908
2026-08-31T18:56:30.168976,60.901933,0.023180,-0.005368,0.990030
2026-08-31T18:56:30.169054,60.902011,0.022936,-0.005368,0.989908
2026-08-31T18:56:30.197356,60.930313,0.022814,-0.005490,0.990152
2026-08-31T18:56:30.229127,60.962084,0.022326,-0.005856,0.989664
2026-08-31T18:56:30.229215,60.962172,0.023546,-0.005978,0.990274
2026-08-31T18:56:30.257731,60.990688,0.023424,-0.005612,0.989542
2026-08-31T18:56:30.288701,61.021658,0.023058,-0.005246,0.989664
2026-08-31T18:56:30.288786,61.021743,0.022692,-0.005612,0.990396
2026-08-31T18:56:30.318626,61.051583,0.022448,-0.006222,0.989908
2026-08-31T18:56:30.348024,61.080981,0.022326,-0.006222,0.990030
2026-08-31T18:56:30.379090,61.112047,0.022814,-0.005978,0.990030
2026-08-31T18:56:30.379179,61.112136,0.022814,-0.005734,0.989786
2026-08-31T18:56:30.408619,61.141576,0.022814,-0.005490,0.990274
2026-08-31T18:56:30.408706,61.141663,0.023302,-0.005734,0.990396
2026-08-31T18:56:30.437414,61.170371,0.023302,-0.005490,0.990274
2026-08-31T18:56:30.468470,61.201427,0.022570,-0.005856,0.990640
2026-08-31T18:56:30.501059,61.234016,0.023058,-0.006100,0.990152
2026-08-31T18:56:30.501136,61.234093,0.023668,-0.005978,0.989664
2026-08-31T18:56:30.530363,61.263320,0.022448,-0.005368,0.989908
2026-08-31T18:56:30.530446,61.263403,0.022814,-0.005124,0.990518
2026-08-31T18:56:30.559717,61.292674,0.023058,-0.005368,0.990152
2026-08-31T18:56:30.588666,61.321623,0.022692,-0.005002,0.990518
2026-08-31T18:56:30.588812,61.321769,0.023302,-0.005490,0.989786
2026-08-31T18:56:30.618705,61.351662,0.022326,-0.005978,0.990152
2026-08-31T18:56:30.648864,61.381821,0.023058,-0.005490,0.990518
2026-08-31T18:56:30.680116,61.413073,0.023058,-0.005490,0.990030
2026-08-31T18:56:30.680202,61.413159,0.022570,-0.005368,0.990152
2026-08-31T18:56:30.709247,61.442204,0.022814,-0.005734,0.990030
2026-08-31T18:56:30.739598,61.472555,0.022570,-0.005368,0.989908
2026-08-31T18:56:30.739713,61.472670,0.023302,-0.005612,0.990884
2026-08-31T18:56:30.769939,61.502896,0.022936,-0.006344,0.990640
2026-08-31T18:56:30.800322,61.533279,0.022692,-0.005856,0.990030
2026-08-31T18:56:30.828828,61.561785,0.023302,-0.006710,0.989420
2026-08-31T18:56:30.828894,61.561851,0.023058,-0.005734,0.990396
2026-08-31T18:56:30.858162,61.591119,0.022570,-0.006222,0.989664
2026-08-31T18:56:30.858225,61.591182,0.022936,-0.005612,0.989786
2026-08-31T18:56:30.886847,61.619804,0.022692,-0.005490,0.989786
2026-08-31T18:56:30.918612,61.651569,0.022936,-0.005368,0.990396
2026-08-31T18:56:30.948993,61.681950,0.023058,-0.006466,0.990274
2026-08-31T18:56:30.949069,61.682026,0.022692,-0.005856,0.990274
2026-08-31T18:56:30.978622,61.711579,0.023058,-0.005978,0.990518
2026-08-31T18:56:30.978709,61.711666,0.023302,-0.005368,0.990274
2026-08-31T18:56:31.007362,61.740319,0.023180,-0.005734,0.990030
2026-08-31T18:56:31.038707,61.771664,0.023058,-0.005612,0.990030
2026-08-31T18:56:31.038775,61.771732,0.022936,-0.005490,0.990762
2026-08-31T18:56:31.067233,61.800190,0.023790,-0.005734,0.989786
2026-08-31T18:56:31.100259,61.833216,0.022814,-0.005978,0.990152
2026-08-31T18:56:31.130021,61.862978,0.023424,-0.005856,0.990030
2026-08-31T18:56:31.130110,61.863067,0.022692,-0.005856,0.989786
2026-08-31T18:56:31.157944,61.890901,0.023058,-0.006222,0.990274
2026-08-31T18:56:31.189228,61.922185,0.023058,-0.006222,0.989664
2026-08-31T18:56:31.189323,61.922280,0.022570,-0.005734,0.990274
2026-08-31T18:56:31.217568,61.950525,0.022814,-0.006344,0.990396
2026-08-31T18:56:31.248619,61.981576,0.023180,-0.005978,0.989786
2026-08-31T18:56:31.249401,61.982358,0.023058,-0.005490,0.990518
2026-08-31T18:56:31.280371,62.013328,0.023058,-0.005734,0.990274
2026-08-31T18:56:31.309547,62.042504,0.022692,-0.005978,0.990518
2026-08-31T18:56:31.338763,62.071720,0.023058,-0.006100,0.989908
2026-08-31T18:56:31.338826,62.071783,0.023302,-0.005978,0.990152
2026-08-31T18:56:31.370314,62.103271,0.023180,-0.005368,0.990518
2026-08-31T18:56:31.401406,62.134363,0.022448,-0.005856,0.990030
2026-08-31T18:56:31.401479,62.134436,0.022204,-0.005734,0.990762
2026-08-31T18:56:31.430039,62.162996,0.022936,-0.005856,0.990518
2026-08-31T18:56:31.459280,62.192237,0.022082,-0.005856,0.990274
2026-08-31T18:56:31.459362,62.192319,0.023180,-0.005612,0.991006
2026-08-31T18:56:31.488288,62.221245,0.022692,-0.005246,0.989786
2026-08-31T18:56:31.519011,62.251968,0.022814,-0.005368,0.989664
2026-08-31T18:56:31.549180,62.282137,0.023180,-0.006100,0.990518
2026-08-31T18:56:31.549257,62.282214,0.023180,-0.005856,0.990274
2026-08-31T18:56:31.578596,62.311553,0.022692,-0.005856,0.990274
2026-08-31T18:56:31.578688,62.311645,0.023180,-0.005734,0.990030
2026-08-31T18:56:31.607403,62.340360,0.022936,-0.005856,0.990152
2026-08-31T18:56:31.640126,62.373083,0.022814,-0.005612,0.990152
2026-08-31T18:56:31.669716,62.402673,0.023302,-0.005612,0.990274
2026-08-31T18:56:31.669787,62.402744,0.022448,-0.005612,0.989664
2026-08-31T18:56:31.697362,62.430319,0.022936,-0.005856,0.990152
2026-08-31T18:56:31.729144,62.462101,0.022570,-0.005856,0.989786
2026-08-31T18:56:31.729234,62.462191,0.022814,-0.006344,0.989420
2026-08-31T18:56:31.757132,62.490089,0.023424,-0.005368,0.990152
2026-08-31T18:56:31.788515,62.521472,0.022692,-0.005612,0.990030
2026-08-31T18:56:31.788629,62.521586,0.022936,-0.005734,0.990518
2026-08-31T18:56:31.817720,62.550677,0.022936,-0.005978,0.990152
2026-08-31T18:56:31.849208,62.582165,0.022448,-0.005734,0.990030
2026-08-31T18:56:31.849284,62.582241,0.022936,-0.005734,0.990274
2026-08-31T18:56:31.877411,62.610368,0.023424,-0.005856,0.990518
2026-08-31T18:56:31.909200,62.642157,0.022326,-0.005978,0.989786
2026-08-31T18:56:31.909311,62.642268,0.023302,-0.005368,0.989908
2026-08-31T18:56:31.937760,62.670717,0.023302,-0.005734,0.989908
2026-08-31T18:56:31.969140,62.702097,0.023058,-0.005856,0.990152
2026-08-31T18:56:31.969246,62.702203,0.022326,-0.005612,0.990030
2026-08-31T18:56:31.997371,62.730328,0.023058,-0.005612,0.990030
2026-08-31T18:56:32.030009,62.762966,0.023180,-0.005856,0.990396
2026-08-31T18:56:32.059461,62.792418,0.022814,-0.005734,0.990274
2026-08-31T18:56:32.059549,62.792506,0.023302,-0.005978,0.990152
2026-08-31T18:56:32.087769,62.820726,0.022814,-0.005734,0.990274
2026-08-31T18:56:32.120063,62.853020,0.022570,-0.006222,0.990030
2026-08-31T18:56:32.120155,62.853112,0.023180,-0.005856,0.990762
2026-08-31T18:56:32.149926,62.882883,0.022570,-0.005856,0.989664
2026-08-31T18:56:32.178499,62.911456,0.023058,-0.005856,0.990152
2026-08-31T18:56:32.208221,62.941178,0.023180,-0.005368,0.989908
2026-08-31T18:56:32.208296,62.941253,0.022936,-0.005734,0.989908
2026-08-31T18:56:32.237588,62.970545,0.022692,-0.005978,0.990152
2026-08-31T18:56:32.239424,62.972381,0.022936,-0.006344,0.990640
2026-08-31T18:56:32.269807,63.002764,0.023302,-0.005856,0.990640
2026-08-31T18:56:32.301309,63.034266,0.023180,-0.005856,0.990274
2026-08-31T18:56:32.301388,63.034345,0.022936,-0.005734,0.990152
2026-08-31T18:56:32.329917,63.062874,0.022326,-0.005856,0.990274
2026-08-31T18:56:32.359846,63.092803,0.022326,-0.005856,0.989908
2026-08-31T18:56:32.389316,63.122273,0.022570,-0.005246,0.989664
2026-08-31T18:56:32.389412,63.122369,0.023180,-0.005612,0.990152
2026-08-31T18:56:32.417961,63.150918,0.022448,-0.006588,0.990274
2026-08-31T18:56:32.448717,63.181674,0.022570,-0.005734,0.990152
2026-08-31T18:56:32.448789,63.181746,0.022692,-0.006222,0.990518
2026-08-31T18:56:32.477733,63.210690,0.022204,-0.005246,0.989786
2026-08-31T18:56:32.509150,63.242107,0.022814,-0.006344,0.990030
2026-08-31T18:56:32.509230,63.242187,0.022814,-0.005612,0.989298
2026-08-31T18:56:32.537400,63.270357,0.023180,-0.005368,0.990030
2026-08-31T18:56:32.570059,63.303016,0.022570,-0.006222,0.989908
2026-08-31T18:56:32.570138,63.303095,0.023302,-0.005734,0.989908
2026-08-31T18:56:32.598362,63.331319,0.022448,-0.005612,0.990274
2026-08-31T18:56:32.600302,63.333259,0.023180,-0.005246,0.990396
2026-08-31T18:56:32.629980,63.362937,0.023180,-0.006222,0.990518
2026-08-31T18:56:32.658222,63.391179,0.022936,-0.006222,0.989908
2026-08-31T18:56:32.688473,63.421430,0.021960,-0.005978,0.989908
2026-08-31T18:56:32.688529,63.421486,0.022692,-0.005978,0.990396
2026-08-31T18:56:32.717519,63.450476,0.022570,-0.005856,0.990518
2026-08-31T18:56:32.748740,63.481697,0.022692,-0.005734,0.990152
2026-08-31T18:56:32.748807,63.481764,0.023668,-0.005978,0.989420
2026-08-31T18:56:32.777320,63.510277,0.022692,-0.005856,0.989908
2026-08-31T18:56:32.808165,63.541122,0.022936,-0.005978,0.990152
2026-08-31T18:56:32.839234,63.572191,0.022692,-0.006222,0.990396
2026-08-31T18:56:32.839319,63.572276,0.022814,-0.005490,0.989786
2026-08-31T18:56:32.870326,63.603283,0.023302,-0.005856,0.990152
2026-08-31T18:56:32.900965,63.633922,0.022448,-0.005734,0.989420
2026-08-31T18:56:32.901051,63.634008,0.022814,-0.005856,0.990152
2026-08-31T18:56:32.929852,63.662809,0.022692,-0.005612,0.989908
2026-08-31T18:56:32.958916,63.691873,0.023302,-0.005734,0.990518
2026-08-31T18:56:32.958978,63.691935,0.023180,-0.005612,0.990640
2026-08-31T18:56:32.987171,63.720128,0.023180,-0.005612,0.989786
2026-08-31T18:56:33.018300,63.751257,0.023058,-0.005368,0.990518
2026-08-31T18:56:33.049252,63.782209,0.023180,-0.005734,0.990152
2026-08-31T18:56:33.049335,63.782292,0.023180,-0.005612,0.990030
2026-08-31T18:56:33.077084,63.810041,0.022936,-0.005978,0.989786
2026-08-31T18:56:33.108722,63.841679,0.022936,-0.005734,0.990030
2026-08-31T18:56:33.109600,63.842557,0.023302,-0.005490,0.989298
2026-08-31T18:56:33.138640,63.871597,0.023058,-0.005734,0.990518
2026-08-31T18:56:33.170996,63.903953,0.022814,-0.006100,0.990518
2026-08-31T18:56:33.171060,63.904017,0.022814,-0.005612,0.989786
2026-08-31T18:56:33.197129,63.930086,0.022814,-0.005612,0.990396
2026-08-31T18:56:33.228575,63.961532,0.023058,-0.006344,0.989908
2026-08-31T18:56:33.229610,63.962567,0.022936,-0.006466,0.989786
2026-08-31T18:56:33.259585,63.992542,0.022692,-0.005368,0.989664
2026-08-31T18:56:33.289142,64.022099,0.022936,-0.005612,0.990396
2026-08-31T18:56:33.289269,64.022226,0.023912,-0.005978,0.990396
2026-08-31T18:56:33.317386,64.050343,0.023546,-0.006222,0.990396
2026-08-31T18:56:33.348438,64.081395,0.023180,-0.005368,0.989908
2026-08-31T18:56:33.379247,64.112204,0.022936,-0.005978,0.989420
2026-08-31T18:56:33.379334,64.112291,0.022692,-0.006466,0.989542
2026-08-31T18:56:33.407121,64.140078,0.023302,-0.005978,0.990152
2026-08-31T18:56:33.438558,64.171515,0.022814,-0.005490,0.990762
2026-08-31T18:56:33.438621,64.171578,0.023424,-0.005490,0.990762
2026-08-31T18:56:33.468198,64.201155,0.022692,-0.006222,0.990640
2026-08-31T18:56:33.499219,64.232176,0.022814,-0.005978,0.990274
2026-08-31T18:56:33.499306,64.232263,0.023058,-0.005246,0.990396
2026-08-31T18:56:33.527277,64.260234,0.023058,-0.005734,0.990030
2026-08-31T18:56:33.558305,64.291262,0.022936,-0.005734,0.990030
2026-08-31T18:56:33.589404,64.322361,0.022814,-0.006222,0.990640
2026-08-31T18:56:33.589505,64.322462,0.022326,-0.005490,0.989908
2026-08-31T18:56:33.617378,64.350335,0.022814,-0.005612,0.990030
2026-08-31T18:56:33.647932,64.380889,0.022692,-0.005612,0.989664
2026-08-31T18:56:33.677442,64.410399,0.022570,-0.006222,0.990274
2026-08-31T18:56:33.678724,64.411681,0.022936,-0.005978,0.990762
2026-08-31T18:56:33.707687,64.440644,0.022936,-0.005734,0.990396
2026-08-31T18:56:33.738447,64.471404,0.022326,-0.005856,0.990030
2026-08-31T18:56:33.739356,64.472313,0.023058,-0.005734,0.989664
2026-08-31T18:56:33.770816,64.503773,0.022692,-0.005734,0.990152
2026-08-31T18:56:33.800861,64.533818,0.022570,-0.005612,0.990030
2026-08-31T18:56:33.800945,64.533902,0.023302,-0.006222,0.990274
2026-08-31T18:56:33.830315,64.563272,0.022936,-0.005368,0.990274
2026-08-31T18:56:33.860394,64.593351,0.022814,-0.005856,0.990640
2026-08-31T18:56:33.860460,64.593417,0.023424,-0.005856,0.990030
2026-08-31T18:56:33.889978,64.622935,0.022570,-0.005490,0.989542
2026-08-31T18:56:33.921031,64.653988,0.022936,-0.006466,0.990030
2026-08-31T18:56:33.921109,64.654066,0.022936,-0.005856,0.990152
2026-08-31T18:56:33.950040,64.682997,0.022936,-0.005856,0.990152
2026-08-31T18:56:33.978831,64.711788,0.023546,-0.005612,0.990152
2026-08-31T18:56:34.008857,64.741814,0.023058,-0.005368,0.990030
2026-08-31T18:56:34.008945,64.741902,0.023058,-0.005612,0.989908
2026-08-31T18:56:34.037542,64.770499,0.023424,-0.005612,0.989908
2026-08-31T18:56:34.069082,64.802039,0.023058,-0.005978,0.990274
2026-08-31T18:56:34.100262,64.833219,0.023180,-0.006100,0.989420
2026-08-31T18:56:34.100372,64.833329,0.023424,-0.006222,0.989908
2026-08-31T18:56:34.128514,64.861471,0.023790,-0.005124,0.990274
2026-08-31T18:56:34.128594,64.861551,0.023180,-0.005612,0.989786
2026-08-31T18:56:34.157418,64.890375,0.023058,-0.005734,0.989786
2026-08-31T18:56:34.189130,64.922087,0.023180,-0.005612,0.990396
2026-08-31T18:56:34.189204,64.922161,0.023058,-0.005978,0.990030
2026-08-31T18:56:34.217707,64.950664,0.023058,-0.006344,0.989664
2026-08-31T18:56:34.249249,64.982206,0.022936,-0.005612,0.989664
2026-08-31T18:56:34.249329,64.982286,0.023302,-0.005856,0.990640
2026-08-31T18:56:34.277324,65.010281,0.023302,-0.005734,0.990152
2026-08-31T18:56:34.308324,65.041281,0.023058,-0.005368,0.989664
2026-08-31T18:56:34.340516,65.073473,0.022570,-0.005856,0.990152
2026-08-31T18:56:34.368398,65.101355,0.023180,-0.006100,0.990030
2026-08-31T18:56:34.370546,65.103503,0.023180,-0.005856,0.990396
2026-08-31T18:56:34.400143,65.133100,0.022692,-0.005734,0.989786
2026-08-31T18:56:34.430863,65.163820,0.022570,-0.005978,0.990030
2026-08-31T18:56:34.430936,65.163893,0.023668,-0.005368,0.991128
2026-08-31T18:56:34.460966,65.193923,0.022936,-0.005856,0.990396
2026-08-31T18:56:34.461055,65.194012,0.023180,-0.005856,0.990518
2026-08-31T18:56:34.490101,65.223058,0.023424,-0.006222,0.990030
2026-08-31T18:56:34.518732,65.251689,0.023180,-0.005978,0.990396
2026-08-31T18:56:34.548823,65.281780,0.023302,-0.006222,0.990152
2026-08-31T18:56:34.548917,65.281874,0.022814,-0.006100,0.990152
2026-08-31T18:56:34.577457,65.310414,0.023180,-0.005856,0.990152
2026-08-31T18:56:34.608261,65.341218,0.022936,-0.005856,0.990274
2026-08-31T18:56:34.609385,65.342342,0.022814,-0.005978,0.990274
2026-08-31T18:56:34.639684,65.372641,0.023058,-0.005490,0.990884
2026-08-31T18:56:34.639751,65.372708,0.023058,-0.006344,0.990030
2026-08-31T18:56:34.668674,65.401631,0.023424,-0.005856,0.990762
2026-08-31T18:56:34.697829,65.430786,0.023302,-0.005978,0.990396
2026-08-31T18:56:34.728707,65.461664,0.022814,-0.005856,0.990030
2026-08-31T18:56:34.729814,65.462771,0.022814,-0.006466,0.990274
2026-08-31T18:56:34.760128,65.493085,0.023302,-0.006466,0.989786
2026-08-31T18:56:34.789530,65.522487,0.023180,-0.006466,0.990152
2026-08-31T18:56:34.789615,65.522572,0.022936,-0.005856,0.990640
2026-08-31T18:56:34.817412,65.550369,0.022570,-0.005612,0.990152
2026-08-31T18:56:34.848345,65.581302,0.023546,-0.005612,0.989298
2026-08-31T18:56:34.849383,65.582340,0.022814,-0.005368,0.989664
2026-08-31T18:56:34.879914,65.612871,0.023302,-0.005612,0.990274
2026-08-31T18:56:34.910988,65.643945,0.023668,-0.005856,0.990274
2026-08-31T18:56:34.911077,65.644034,0.023180,-0.006832,0.990884
2026-08-31T18:56:34.940084,65.673041,0.023058,-0.005856,0.990640
2026-08-31T18:56:34.969100,65.702057,0.022936,-0.006344,0.990152
2026-08-31T18:56:34.971632,65.704589,0.023546,-0.006100,0.990396
2026-08-31T18:56:35.000132,65.733089,0.022814,-0.005734,0.990640
2026-08-31T18:56:35.028478,65.761435,0.022814,-0.005856,0.990396
2026-08-31T18:56:35.058937,65.791894,0.022814,-0.005856,0.990152
2026-08-31T18:56:35.059034,65.791991,0.023180,-0.005978,0.990152
2026-08-31T18:56:35.087322,65.820279,0.023058,-0.005856,0.990274
2026-08-31T18:56:35.119613,65.852570,0.022814,-0.005856,0.990274
2026-08-31T18:56:35.119695,65.852652,0.023790,-0.006100,0.990640
2026-08-31T18:56:35.147469,65.880426,0.022326,-0.005490,0.990152
2026-08-31T18:56:35.179286,65.912243,0.022936,-0.005978,0.990274
2026-08-31T18:56:35.179369,65.912326,0.023058,-0.006100,0.989908
2026-08-31T18:56:35.207922,65.940879,0.023302,-0.006344,0.990152
2026-08-31T18:56:35.239254,65.972211,0.023058,-0.005612,0.989786
2026-08-31T18:56:35.239335,65.972292,0.022570,-0.006100,0.990274
2026-08-31T18:56:35.267642,66.000599,0.023424,-0.005490,0.989664
2026-08-31T18:56:35.299329,66.032286,0.023790,-0.006100,0.990152
2026-08-31T18:56:35.299416,66.032373,0.023424,-0.005612,0.989664
2026-08-31T18:56:35.327875,66.060832,0.023058,-0.005490,0.990884
2026-08-31T18:56:35.357661,66.090618,0.022814,-0.005734,0.989542
2026-08-31T18:56:35.389480,66.122437,0.023302,-0.006222,0.990030
2026-08-31T18:56:35.389567,66.122524,0.023058,-0.005734,0.990030
2026-08-31T18:56:35.419176,66.152133,0.022448,-0.005490,0.990152
2026-08-31T18:56:35.419253,66.152210,0.022814,-0.005856,0.990152
2026-08-31T18:56:35.447830,66.180787,0.022570,-0.005368,0.989542
2026-08-31T18:56:35.479292,66.212249,0.023302,-0.005978,0.990030
2026-08-31T18:56:35.479374,66.212331,0.022936,-0.005612,0.989542
2026-08-31T18:56:35.507531,66.240488,0.022936,-0.005978,0.989542
2026-08-31T18:56:35.539270,66.272227,0.023424,-0.005856,0.990030
2026-08-31T18:56:35.539356,66.272313,0.023058,-0.005734,0.990274
2026-08-31T18:56:35.567637,66.300594,0.023058,-0.005612,0.989420
2026-08-31T18:56:35.598104,66.331061,0.022570,-0.005978,0.990396
2026-08-31T18:56:35.628352,66.361309,0.023058,-0.005612,0.990640
2026-08-31T18:56:35.628423,66.361380,0.023546,-0.006100,0.990884
2026-08-31T18:56:35.660117,66.393074,0.022570,-0.005612,0.990274
2026-08-31T18:56:35.691059,66.424016,0.022692,-0.006222,0.990518
2026-08-31T18:56:35.691136,66.424093,0.023790,-0.006100,0.990396
2026-08-31T18:56:35.720753,66.453710,0.023180,-0.005978,0.989908
2026-08-31T18:56:35.751018,66.483975,0.022692,-0.005734,0.990518
2026-08-31T18:56:35.751098,66.484055,0.022814,-0.005246,0.990152
2026-08-31T18:56:35.780191,66.513148,0.023180,-0.005856,0.990518
2026-08-31T18:56:35.810156,66.543113,0.022814,-0.005978,0.989786
2026-08-31T18:56:35.838968,66.571925,0.023302,-0.005490,0.990396
2026-08-31T18:56:35.839381,66.572338,0.023180,-0.005856,0.989908
2026-08-31T18:56:35.871477,66.604434,0.023790,-0.005246,0.990152
2026-08-31T18:56:35.871622,66.604579,0.022692,-0.005612,0.990030
2026-08-31T18:56:35.900288,66.633245,0.023790,-0.005856,0.990274
2026-08-31T18:56:35.928402,66.661359,0.022692,-0.005612,0.990884
2026-08-31T18:56:35.988505,66.721462,0.022814,-0.005612,0.989420
2026-08-31T18:56:35.991187,66.724144,0.022936,-0.005978,0.989786
2026-08-31T18:56:35.991296,66.724253,0.022814,-0.006100,0.990030
2026-08-31T18:56:36.021705,66.754662,0.022448,-0.006100,0.990030
2026-08-31T18:56:36.021812,66.754769,0.023058,-0.005734,0.990030
2026-08-31T18:56:36.049736,66.782693,0.022936,-0.005612,0.990030
2026-08-31T18:56:36.078777,66.811734,0.022936,-0.005246,0.989908
2026-08-31T18:56:36.079565,66.812522,0.022692,-0.005734,0.990152
2026-08-31T18:56:36.109993,66.842950,0.023424,-0.005734,0.990274
2026-08-31T18:56:36.139252,66.872209,0.023058,-0.005856,0.990640
2026-08-31T18:56:36.139332,66.872289,0.023058,-0.005612,0.990884
2026-08-31T18:56:36.167822,66.900779,0.023180,-0.005856,0.990640
2026-08-31T18:56:36.198865,66.931822,0.023180,-0.005734,0.990152
2026-08-31T18:56:36.199650,66.932607,0.023424,-0.005978,0.989176
2026-08-31T18:56:36.228305,66.961262,0.022814,-0.005978,0.989786
2026-08-31T18:56:36.259374,66.992331,0.022814,-0.005978,0.990396
2026-08-31T18:56:36.259447,66.992404,0.023058,-0.005856,0.989420
2026-08-31T18:56:36.287740,67.020697,0.023180,-0.005368,0.990152
2026-08-31T18:56:36.318279,67.051236,0.023302,-0.005856,0.989908
2026-08-31T18:56:36.321267,67.054224,0.022936,-0.005368,0.990396
2026-08-31T18:56:36.348215,67.081172,0.023180,-0.005978,0.990518
2026-08-31T18:56:36.377518,67.110475,0.022692,-0.005002,0.989908
2026-08-31T18:56:36.409646,67.142603,0.022448,-0.005856,0.990274
2026-08-31T18:56:36.409733,67.142690,0.023058,-0.005734,0.990030
2026-08-31T18:56:36.438220,67.171177,0.023302,-0.006100,0.990274
2026-08-31T18:56:36.469086,67.202043,0.023058,-0.005856,0.990152
2026-08-31T18:56:36.469163,67.202120,0.023424,-0.005978,0.990152
2026-08-31T18:56:36.500231,67.233188,0.022814,-0.005856,0.990152
2026-08-31T18:56:36.529283,67.262240,0.023424,-0.006100,0.989420
2026-08-31T18:56:36.529345,67.262302,0.023180,-0.005246,0.990640
2026-08-31T18:56:36.557660,67.290617,0.023180,-0.005978,0.990152
2026-08-31T18:56:36.589513,67.322470,0.022936,-0.005124,0.990030
2026-08-31T18:56:36.589606,67.322563,0.023180,-0.005368,0.990274
2026-08-31T18:56:36.618237,67.351194,0.023180,-0.005612,0.990518
2026-08-31T18:56:36.648962,67.381919,0.022448,-0.005856,0.990518
2026-08-31T18:56:36.678675,67.411632,0.023546,-0.006100,0.989786
2026-08-31T18:56:36.678761,67.411718,0.022814,-0.005612,0.989542
2026-08-31T18:56:36.707399,67.440356,0.022570,-0.005246,0.989908
2026-08-31T18:56:36.738626,67.471583,0.023912,-0.005490,0.990396
2026-08-31T18:56:36.740073,67.473030,0.023424,-0.006100,0.989786
2026-08-31T18:56:36.771273,67.504230,0.023180,-0.005856,0.990518
2026-08-31T18:56:36.800785,67.533742,0.023546,-0.006100,0.989786
2026-08-31T18:56:36.800850,67.533807,0.023546,-0.005734,0.990152
2026-08-31T18:56:36.829892,67.562849,0.022936,-0.005490,0.989664
2026-08-31T18:56:36.859530,67.592487,0.023180,-0.005978,0.990884
2026-08-31T18:56:36.859618,67.592575,0.023302,-0.005978,0.990396
2026-08-31T18:56:36.888109,67.621066,0.023058,-0.005734,0.990152
2026-08-31T18:56:36.919424,67.652381,0.023546,-0.005368,0.990274
2026-08-31T18:56:36.919500,67.652457,0.022936,-0.005978,0.990396
2026-08-31T18:56:36.947520,67.680477,0.023058,-0.005978,0.989420
2026-08-31T18:56:36.979199,67.712156,0.023180,-0.005368,0.990030
2026-08-31T18:56:36.979275,67.712232,0.023546,-0.005612,0.990152
2026-08-31T18:56:37.007224,67.740181,0.023668,-0.005368,0.990030
2026-08-31T18:56:37.037996,67.770953,0.023180,-0.005490,0.991128
2026-08-31T18:56:37.068420,67.801377,0.023424,-0.005856,0.990762
2026-08-31T18:56:37.069833,67.802790,0.023058,-0.005368,0.990518
2026-08-31T18:56:37.099232,67.832189,0.023180,-0.005612,0.990152
2026-08-31T18:56:37.099322,67.832279,0.022936,-0.006222,0.990274
2026-08-31T18:56:37.127526,67.860483,0.023058,-0.006100,0.989542
2026-08-31T18:56:37.159447,67.892404,0.022570,-0.006588,0.990274
2026-08-31T18:56:37.159551,67.892508,0.023302,-0.006222,0.989908
2026-08-31T18:56:37.188033,67.920990,0.023302,-0.005734,0.990030
2026-08-31T18:56:37.218348,67.951305,0.023058,-0.005856,0.990274
2026-08-31T18:56:37.249409,67.982366,0.022814,-0.005734,0.989908
2026-08-31T18:56:37.249490,67.982447,0.022448,-0.005978,0.989786
2026-08-31T18:56:37.277061,68.010018,0.023180,-0.005856,0.990274
2026-08-31T18:56:37.308444,68.041401,0.022692,-0.005978,0.989908
2026-08-31T18:56:37.309511,68.042468,0.022936,-0.006100,0.989908
2026-08-31T18:56:37.339933,68.072890,0.023180,-0.005612,0.989908
2026-08-31T18:56:37.372158,68.105115,0.022692,-0.006222,0.989542
2026-08-31T18:56:37.372230,68.105187,0.023058,-0.006222,0.989542
2026-08-31T18:56:37.400590,68.133547,0.023302,-0.005978,0.990152
2026-08-31T18:56:37.430365,68.163322,0.023424,-0.005856,0.990152
2026-08-31T18:56:37.430452,68.163409,0.022936,-0.005978,0.990030
2026-08-31T18:56:37.457756,68.190713,0.023058,-0.005734,0.990152
2026-08-31T18:56:37.489299,68.222256,0.023546,-0.005978,0.989908
2026-08-31T18:56:37.489378,68.222335,0.022814,-0.005856,0.989908
2026-08-31T18:56:37.517665,68.250622,0.022814,-0.005734,0.989542
2026-08-31T18:56:37.548842,68.281799,0.023668,-0.005856,0.990274
2026-08-31T18:56:37.549657,68.282614,0.023302,-0.005856,0.989664
2026-08-31T18:56:37.580239,68.313196,0.023424,-0.005612,0.989908
2026-08-31T18:56:37.609630,68.342587,0.022936,-0.005612,0.990640
2026-08-31T18:56:37.609715,68.342672,0.023058,-0.005978,0.990518
2026-08-31T18:56:37.638341,68.371298,0.022448,-0.005612,0.990274
2026-08-31T18:56:37.668990,68.401947,0.023058,-0.005978,0.990274
2026-08-31T18:56:37.729274,68.462231,0.022692,-0.005734,0.989664
2026-08-31T18:56:37.729325,68.462282,0.022936,-0.005612,0.989664
2026-08-31T18:56:37.730892,68.463849,0.022814,-0.005978,0.990518
2026-08-31T18:56:37.757974,68.490931,0.023668,-0.005612,0.990518
2026-08-31T18:56:37.758019,68.490976,0.023302,-0.005978,0.989908
2026-08-31T18:56:37.787735,68.520692,0.023302,-0.006100,0.989908
2026-08-31T18:56:37.819154,68.552111,0.022692,-0.006466,0.990274
2026-08-31T18:56:37.819239,68.552196,0.022692,-0.005978,0.990152
2026-08-31T18:56:37.848856,68.581813,0.023546,-0.005612,0.990030
2026-08-31T18:56:37.848934,68.581891,0.023424,-0.006100,0.990762
2026-08-31T18:56:37.877585,68.610542,0.022570,-0.005734,0.989420
2026-08-31T18:56:37.908724,68.641681,0.023668,-0.005612,0.990030
2026-08-31T18:56:37.939165,68.672122,0.023058,-0.006100,0.990152
2026-08-31T18:56:37.939247,68.672204,0.022936,-0.005734,0.989420
2026-08-31T18:56:37.967919,68.700876,0.023302,-0.005612,0.989786
2026-08-31T18:56:37.997578,68.730535,0.022936,-0.006222,0.990274
2026-08-31T18:56:38.028397,68.761354,0.022936,-0.006222,0.989786
2026-08-31T18:56:38.028461,68.761418,0.023424,-0.005978,0.989908
2026-08-31T18:56:38.057469,68.790426,0.023058,-0.005856,0.990274
2026-08-31T18:56:38.089213,68.822170,0.023424,-0.005612,0.990884
2026-08-31T18:56:38.089286,68.822243,0.022448,-0.005612,0.989908
2026-08-31T18:56:38.117658,68.850615,0.022814,-0.006100,0.990396
2026-08-31T18:56:38.148844,68.881801,0.023058,-0.006344,0.990396
2026-08-31T18:56:38.148925,68.881882,0.023546,-0.005490,0.990518
2026-08-31T18:56:38.177558,68.910515,0.023180,-0.005978,0.990640
2026-08-31T18:56:38.209225,68.942182,0.023790,-0.005856,0.989908
2026-08-31T18:56:38.209432,68.942389,0.023180,-0.005734,0.989908
2026-08-31T18:56:38.237949,68.970906,0.022814,-0.005612,0.990274
2026-08-31T18:56:38.268561,69.001518,0.023058,-0.005124,0.989908
2026-08-31T18:56:38.298876,69.031833,0.023180,-0.005734,0.990518
2026-08-31T18:56:38.299936,69.032893,0.023546,-0.005612,0.990518
2026-08-31T18:56:38.329235,69.062192,0.023180,-0.005002,0.990152
2026-08-31T18:56:38.329321,69.062278,0.023058,-0.005734,0.989420
2026-08-31T18:56:38.357622,69.090579,0.022570,-0.005978,0.990152
2026-08-31T18:56:38.388717,69.121674,0.023424,-0.005856,0.990274
2026-08-31T18:56:38.417926,69.150883,0.023058,-0.005856,0.990030
2026-08-31T18:56:38.449294,69.182251,0.023302,-0.005978,0.990396
2026-08-31T18:56:38.449369,69.182326,0.022692,-0.005978,0.990030
2026-08-31T18:56:38.478350,69.211307,0.022814,-0.005124,0.990518
2026-08-31T18:56:38.478411,69.211368,0.023180,-0.005734,0.989908
2026-08-31T18:56:38.507151,69.240108,0.022814,-0.006100,0.990762
2026-08-31T18:56:38.538770,69.271727,0.023546,-0.005978,0.990396
2026-08-31T18:56:38.540765,69.273722,0.023424,-0.005612,0.990152
2026-08-31T18:56:38.570764,69.303721,0.023302,-0.005978,0.990030
2026-08-31T18:56:38.601223,69.334180,0.022936,-0.005368,0.990640
2026-08-31T18:56:38.601311,69.334268,0.022936,-0.006222,0.990518
2026-08-31T18:56:38.628662,69.361619,0.023668,-0.005368,0.990274
2026-08-31T18:56:38.658702,69.391659,0.022814,-0.005612,0.989786
2026-08-31T18:56:38.659885,69.392842,0.023302,-0.005856,0.989908
2026-08-31T18:56:38.690736,69.423693,0.022936,-0.005734,0.989908
2026-08-31T18:56:38.719045,69.452002,0.023424,-0.005856,0.990030
2026-08-31T18:56:38.719120,69.452077,0.022692,-0.005856,0.989542
2026-08-31T18:56:38.747695,69.480652,0.022814,-0.005978,0.990030
2026-08-31T18:56:38.778492,69.511449,0.023424,-0.005612,0.990274
2026-08-31T18:56:38.779748,69.512705,0.023302,-0.005856,0.989298
2026-08-31T18:56:38.810827,69.543784,0.022936,-0.005978,0.990152
2026-08-31T18:56:38.841240,69.574197,0.023180,-0.005734,0.990518
2026-08-31T18:56:38.841324,69.574281,0.023912,-0.005612,0.990396
2026-08-31T18:56:38.870793,69.603750,0.022936,-0.006222,0.990274
2026-08-31T18:56:38.900698,69.633655,0.022936,-0.006100,0.990640
2026-08-31T18:56:38.900788,69.633745,0.023790,-0.005612,0.990396
2026-08-31T18:56:38.928069,69.661026,0.022692,-0.006466,0.990274
2026-08-31T18:56:38.958824,69.691781,0.022570,-0.006344,0.990518
2026-08-31T18:56:38.958883,69.691840,0.023424,-0.005856,0.990030
2026-08-31T18:56:38.987636,69.720593,0.022692,-0.005490,0.990152
2026-08-31T18:56:39.018818,69.751775,0.023424,-0.005978,0.989908
2026-08-31T18:56:39.019708,69.752665,0.022936,-0.005246,0.990396
2026-08-31T18:56:39.050228,69.783185,0.022692,-0.005612,0.990274
2026-08-31T18:56:39.078615,69.811572,0.022936,-0.005856,0.990030
2026-08-31T18:56:39.108835,69.841792,0.023546,-0.005368,0.990152
2026-08-31T18:56:39.108916,69.841873,0.023058,-0.005856,0.990274
2026-08-31T18:56:39.139181,69.872138,0.022692,-0.005978,0.990274
2026-08-31T18:56:39.168973,69.901930,0.023302,-0.006344,0.990640
2026-08-31T18:56:39.169046,69.902003,0.023302,-0.005978,0.990518
2026-08-31T18:56:39.200353,69.933310,0.023302,-0.005368,0.989908
2026-08-31T18:56:39.231106,69.964063,0.022936,-0.005612,0.989786
2026-08-31T18:56:39.231218,69.964175,0.023058,-0.005856,0.989786
2026-08-31T18:56:39.260334,69.993291,0.023302,-0.005734,0.990030
2026-08-31T18:56:39.291340,70.024297,0.023302,-0.005856,0.990518
2026-08-31T18:56:39.291421,70.024378,0.023912,-0.005978,0.990152
2026-08-31T18:56:39.320484,70.053441,0.023058,-0.005490,0.991250
2026-08-31T18:56:39.349600,70.082557,0.022814,-0.005856,0.990274
2026-08-31T18:56:39.349680,70.082637,0.022814,-0.005856,0.990274
2026-08-31T18:56:39.377884,70.110841,0.023180,-0.005490,0.990152
2026-08-31T18:56:39.408739,70.141696,0.023424,-0.006466,0.990152
2026-08-31T18:56:39.408802,70.141759,0.022936,-0.005734,0.990030
2026-08-31T18:56:39.437922,70.170879,0.023180,-0.006100,0.989786
2026-08-31T18:56:39.469439,70.202396,0.023058,-0.005856,0.990274
2026-08-31T18:56:39.469527,70.202484,0.023302,-0.005734,0.990762
2026-08-31T18:56:39.498487,70.231444,0.022936,-0.005490,0.990274
2026-08-31T18:56:39.528831,70.261788,0.023546,-0.005856,0.990274
2026-08-31T18:56:39.528913,70.261870,0.023668,-0.005490,0.989664
2026-08-31T18:56:39.557697,70.290654,0.023180,-0.005856,0.990396
2026-08-31T18:56:39.589304,70.322261,0.023180,-0.005734,0.989908
2026-08-31T18:56:39.618658,70.351615,0.023668,-0.005612,0.990640
2026-08-31T18:56:39.618724,70.351681,0.023302,-0.006466,0.989786
2026-08-31T18:56:39.648187,70.381144,0.023180,-0.005978,0.989664
2026-08-31T18:56:39.678866,70.411823,0.022692,-0.005734,0.990274
2026-08-31T18:56:39.678929,70.411886,0.023302,-0.005734,0.989786
2026-08-31T18:56:39.710335,70.443292,0.023546,-0.005856,0.989908
2026-08-31T18:56:39.740250,70.473207,0.023424,-0.005490,0.990274
2026-08-31T18:56:39.771773,70.504730,0.022814,-0.005734,0.990396
2026-08-31T18:56:39.771855,70.504812,0.023546,-0.005734,0.989542
2026-08-31T18:56:39.801012,70.533969,0.023546,-0.006344,0.989908
2026-08-31T18:56:39.801123,70.534080,0.023302,-0.005490,0.989664
2026-08-31T18:56:39.830173,70.563130,0.022570,-0.006222,0.989908
2026-08-31T18:56:39.862170,70.595127,0.023180,-0.005978,0.990030
2026-08-31T18:56:39.862533,70.595490,0.023546,-0.005368,0.989786
2026-08-31T18:56:39.889959,70.622916,0.023180,-0.005612,0.990274
2026-08-31T18:56:39.921516,70.654473,0.023912,-0.006100,0.990518
2026-08-31T18:56:39.921618,70.654575,0.023912,-0.005368,0.990030
2026-08-31T18:56:39.950273,70.683230,0.023912,-0.006222,0.989664
2026-08-31T18:56:39.981210,70.714167,0.023424,-0.005856,0.990030
2026-08-31T18:56:39.981300,70.714257,0.023058,-0.005612,0.990274
2026-08-31T18:56:40.010384,70.743341,0.023180,-0.005978,0.989786
2026-08-31T18:56:40.040293,70.773250,0.023180,-0.005490,0.989664
2026-08-31T18:56:40.069563,70.802520,0.024278,-0.005490,0.990396
2026-08-31T18:56:40.069645,70.802602,0.023424,-0.006222,0.990030
2026-08-31T18:56:40.100683,70.833640,0.023180,-0.005978,0.989542
2026-08-31T18:56:40.130599,70.863556,0.023424,-0.005978,0.989786
2026-08-31T18:56:40.130669,70.863626,0.023180,-0.005246,0.989298
2026-08-31T18:56:40.159794,70.892751,0.023302,-0.005612,0.990030
2026-08-31T18:56:40.190236,70.923193,0.023058,-0.005612,0.990274
2026-08-31T18:56:40.190314,70.923271,0.022814,-0.005856,0.990396
2026-08-31T18:56:40.218846,70.951803,0.022814,-0.005612,0.989420
2026-08-31T18:56:40.218940,70.951897,0.023180,-0.005978,0.990396
2026-08-31T18:56:40.247403,70.980360,0.023302,-0.006222,0.990518
2026-08-31T18:56:40.278436,71.011393,0.023546,-0.006344,0.990274
2026-08-31T18:56:40.309474,71.042431,0.023180,-0.005978,0.990640
2026-08-31T18:56:40.309552,71.042509,0.023058,-0.006100,0.989908
2026-08-31T18:56:40.337923,71.070880,0.023668,-0.006344,0.990518
2026-08-31T18:56:40.369378,71.102335,0.023058,-0.005612,0.989664
2026-08-31T18:56:40.373597,71.106554,0.023546,-0.005734,0.990030
2026-08-31T18:56:40.400319,71.133276,0.023424,-0.005612,0.990274
2026-08-31T18:56:40.429798,71.162755,0.023302,-0.005734,0.989908
2026-08-31T18:56:40.460874,71.193831,0.023180,-0.005856,0.990396
2026-08-31T18:56:40.460939,71.193896,0.022570,-0.005978,0.989908
2026-08-31T18:56:40.491300,71.224257,0.023546,-0.006222,0.989420
2026-08-31T18:56:40.491356,71.224313,0.023668,-0.005490,0.989786
2026-08-31T18:56:40.520140,71.253097,0.023790,-0.005856,0.989908
2026-08-31T18:56:40.548828,71.281785,0.023790,-0.005856,0.990152
2026-08-31T18:56:40.578986,71.311943,0.023546,-0.005734,0.990396
2026-08-31T18:56:40.579060,71.312017,0.023912,-0.005856,0.990152
2026-08-31T18:56:40.608169,71.341126,0.023302,-0.005734,0.990396
2026-08-31T18:56:40.609414,71.342371,0.023668,-0.006222,0.990030
2026-08-31T18:56:40.638538,71.371495,0.023180,-0.005856,0.990152
2026-08-31T18:56:40.668426,71.401383,0.023302,-0.006222,0.990396
2026-08-31T18:56:40.698883,71.431840,0.023546,-0.005612,0.989908
2026-08-31T18:56:40.698997,71.431954,0.023180,-0.005734,0.990152
2026-08-31T18:56:40.730104,71.463061,0.022814,-0.005978,0.990152
2026-08-31T18:56:40.758451,71.491408,0.023302,-0.005856,0.990518
2026-08-31T18:56:40.790520,71.523477,0.022570,-0.005978,0.990396
2026-08-31T18:56:40.790594,71.523551,0.023912,-0.005856,0.989664
2026-08-31T18:56:40.818949,71.551906,0.023302,-0.005612,0.990030
2026-08-31T18:56:40.819040,71.551997,0.023180,-0.005734,0.989664
2026-08-31T18:56:40.848071,71.581028,0.022814,-0.005490,0.989542
2026-08-31T18:56:40.878451,71.611408,0.023058,-0.006100,0.990762
2026-08-31T18:56:40.909620,71.642577,0.023424,-0.005856,0.990396
2026-08-31T18:56:40.910452,71.643409,0.023546,-0.005368,0.990274
2026-08-31T18:56:40.937299,71.670256,0.023546,-0.005734,0.990152
2026-08-31T18:56:40.969376,71.702333,0.024278,-0.005490,0.990030
2026-08-31T18:56:40.969456,71.702413,0.023180,-0.006100,0.989664
2026-08-31T18:56:40.999532,71.732489,0.022936,-0.005368,0.989786
2026-08-31T18:56:40.999616,71.732573,0.023302,-0.005612,0.990396
2026-08-31T18:56:41.027766,71.760723,0.022936,-0.005490,0.990030
2026-08-31T18:56:41.058433,71.791390,0.023302,-0.005734,0.989664
2026-08-31T18:56:41.090596,71.823553,0.023302,-0.006222,0.990152
2026-08-31T18:56:41.090674,71.823631,0.023058,-0.005490,0.990030
2026-08-31T18:56:41.117838,71.850795,0.023058,-0.005612,0.990030
2026-08-31T18:56:41.148533,71.881490,0.023180,-0.005856,0.990518
2026-08-31T18:56:41.179566,71.912523,0.023790,-0.005734,0.990152
2026-08-31T18:56:41.179647,71.912604,0.023302,-0.005978,0.990274
2026-08-31T18:56:41.209016,71.941973,0.023546,-0.005612,0.989908
2026-08-31T18:56:41.209097,71.942054,0.023180,-0.005978,0.989908
2026-08-31T18:56:41.237641,71.970598,0.023424,-0.006222,0.989786
2026-08-31T18:56:41.269428,72.002385,0.023668,-0.005612,0.989542
2026-08-31T18:56:41.269513,72.002470,0.023546,-0.005612,0.990152
2026-08-31T18:56:41.297858,72.030815,0.022936,-0.005490,0.989908
2026-08-31T18:56:41.329206,72.062163,0.023424,-0.005246,0.990274
2026-08-31T18:56:41.329291,72.062248,0.023180,-0.005490,0.989908
2026-08-31T18:56:41.357508,72.090465,0.023302,-0.005856,0.989786
2026-08-31T18:56:41.391163,72.124120,0.023302,-0.006100,0.990518
2026-08-31T18:56:41.391272,72.124229,0.022936,-0.006100,0.989908
2026-08-31T18:56:41.417661,72.150618,0.023180,-0.005002,0.989786
2026-08-31T18:56:41.449468,72.182425,0.023302,-0.005734,0.989420
2026-08-31T18:56:41.449542,72.182499,0.024034,-0.005734,0.990152
2026-08-31T18:56:41.477780,72.210737,0.023302,-0.005978,0.990396
2026-08-31T18:56:41.508969,72.241926,0.023180,-0.005368,0.990884
2026-08-31T18:56:41.538307,72.271264,0.022814,-0.005612,0.990396
2026-08-31T18:56:41.569582,72.302539,0.023546,-0.006222,0.989908
2026-08-31T18:56:41.569645,72.302602,0.023424,-0.006100,0.990884
2026-08-31T18:56:41.597564,72.330521,0.023180,-0.005490,0.990152
2026-08-31T18:56:41.630403,72.363360,0.023546,-0.005734,0.989908
2026-08-31T18:56:41.630486,72.363443,0.023180,-0.005490,0.989664
2026-08-31T18:56:41.659175,72.392132,0.023302,-0.005978,0.989664
2026-08-31T18:56:41.659258,72.392215,0.023546,-0.006344,0.990274
2026-08-31T18:56:41.687667,72.420624,0.023302,-0.005490,0.990274
2026-08-31T18:56:41.720238,72.453195,0.023180,-0.006100,0.989542
2026-08-31T18:56:41.749735,72.482692,0.023668,-0.006344,0.990274
2026-08-31T18:56:41.749814,72.482771,0.023302,-0.006100,0.990030
2026-08-31T18:56:41.777940,72.510897,0.023058,-0.006222,0.990152
2026-08-31T18:56:41.809696,72.542653,0.023424,-0.005612,0.990030
2026-08-31T18:56:41.809779,72.542736,0.023058,-0.005612,0.989786
2026-08-31T18:56:41.838790,72.571747,0.023180,-0.005612,0.990152
2026-08-31T18:56:41.841702,72.574659,0.023546,-0.005978,0.989908
2026-08-31T18:56:41.869534,72.602491,0.023912,-0.005612,0.989786
2026-08-31T18:56:41.899282,72.632239,0.023546,-0.005490,0.990030
2026-08-31T18:56:41.899397,72.632354,0.023302,-0.005368,0.990030
2026-08-31T18:56:41.959273,72.692230,0.023180,-0.005734,0.990030
2026-08-31T18:56:41.959357,72.692314,0.023180,-0.005368,0.989664
2026-08-31T18:56:41.960059,72.693016,0.023668,-0.006222,0.990762
2026-08-31T18:56:41.990535,72.723492,0.023058,-0.005612,0.990030
2026-08-31T18:56:42.020295,72.753252,0.023424,-0.005978,0.990274
2026-08-31T18:56:42.050811,72.783768,0.023668,-0.005978,0.990518
2026-08-31T18:56:42.050884,72.783841,0.023668,-0.006100,0.990274
2026-08-31T18:56:42.080070,72.813027,0.023424,-0.005734,0.989542
2026-08-31T18:56:42.109448,72.842405,0.023058,-0.005978,0.990274
2026-08-31T18:56:42.109509,72.842466,0.023668,-0.005612,0.990152
2026-08-31T18:56:42.138519,72.871476,0.023424,-0.005368,0.989298
2026-08-31T18:56:42.169494,72.902451,0.022814,-0.005734,0.990518
2026-08-31T18:56:42.169582,72.902539,0.023546,-0.005978,0.990640
2026-08-31T18:56:42.200188,72.933145,0.023180,-0.005856,0.989908
2026-08-31T18:56:42.229689,72.962646,0.023546,-0.005490,0.990396
2026-08-31T18:56:42.229774,72.962731,0.023790,-0.006100,0.989786
2026-08-31T18:56:42.258126,72.991083,0.023058,-0.005368,0.989298
2026-08-31T18:56:42.288850,73.021807,0.023424,-0.005734,0.990396
2026-08-31T18:56:42.320196,73.053153,0.023424,-0.006100,0.990640
2026-08-31T18:56:42.320279,73.053236,0.023180,-0.006466,0.989786
2026-08-31T18:56:42.347409,73.080366,0.022326,-0.005734,0.989908
2026-08-31T18:56:42.379479,73.112436,0.023912,-0.005490,0.990030
2026-08-31T18:56:42.379599,73.112556,0.023180,-0.005612,0.990762
2026-08-31T18:56:42.407911,73.140868,0.022570,-0.005734,0.989786
2026-08-31T18:56:42.439858,73.172815,0.023546,-0.005978,0.989786
2026-08-31T18:56:42.439933,73.172890,0.023302,-0.006222,0.989542
2026-08-31T18:56:42.468035,73.200992,0.023546,-0.006222,0.990274
2026-08-31T18:56:42.499441,73.232398,0.023180,-0.005978,0.990274
2026-08-31T18:56:42.499527,73.232484,0.023912,-0.005490,0.990030
2026-08-31T18:56:42.530097,73.263054,0.022936,-0.005856,0.990030
2026-08-31T18:56:42.561309,73.294266,0.023180,-0.006100,0.989908
2026-08-31T18:56:42.561365,73.294322,0.023180,-0.005734,0.990518
2026-08-31T18:56:42.618970,73.351927,0.023912,-0.005368,0.989664
2026-08-31T18:56:42.619062,73.352019,0.023424,-0.006222,0.989908
2026-08-31T18:56:42.648837,73.381794,0.023058,-0.005612,0.990640
2026-08-31T18:56:42.648913,73.381870,0.023058,-0.005734,0.989664
2026-08-31T18:56:42.677666,73.410623,0.022692,-0.005612,0.990396
2026-08-31T18:56:42.708821,73.441778,0.023424,-0.005734,0.990274
2026-08-31T18:56:42.709952,73.442909,0.023790,-0.005734,0.989664
2026-08-31T18:56:42.740872,73.473829,0.023790,-0.005246,0.990640
2026-08-31T18:56:42.769117,73.502074,0.023546,-0.005368,0.989542
2026-08-31T18:56:42.769177,73.502134,0.023302,-0.006100,0.990152
2026-08-31T18:56:42.828737,73.561694,0.023302,-0.005978,0.990152
2026-08-31T18:56:42.828777,73.561734,0.023424,-0.006100,0.990030
2026-08-31T18:56:42.829815,73.562772,0.022936,-0.005978,0.989786
2026-08-31T18:56:42.859947,73.592904,0.022814,-0.005490,0.990396
2026-08-31T18:56:42.889829,73.622786,0.023180,-0.006466,0.989664
2026-08-31T18:56:42.889915,73.622872,0.023302,-0.006100,0.989786
2026-08-31T18:56:42.917998,73.650955,0.023424,-0.005368,0.989664
2026-08-31T18:56:42.948884,73.681841,0.023546,-0.005856,0.990152
2026-08-31T18:56:42.979122,73.712079,0.023424,-0.005368,0.990030
2026-08-31T18:56:42.979214,73.712171,0.023180,-0.005734,0.990274
2026-08-31T18:56:43.008978,73.741935,0.023424,-0.005856,0.990030
2026-08-31T18:56:43.009061,73.742018,0.023180,-0.005978,0.989298
2026-08-31T18:56:43.037381,73.770338,0.023180,-0.006344,0.989908
2026-08-31T18:56:43.069159,73.802116,0.023424,-0.005978,0.989908
2026-08-31T18:56:43.098909,73.831866,0.023058,-0.005002,0.990152
2026-08-31T18:56:43.098997,73.831954,0.023180,-0.005734,0.989908
2026-08-31T18:56:43.127739,73.860696,0.023302,-0.005612,0.990152
2026-08-31T18:56:43.159620,73.892577,0.023546,-0.005368,0.990396
2026-08-31T18:56:43.159702,73.892659,0.023790,-0.006466,0.990762
2026-08-31T18:56:43.187962,73.920919,0.023546,-0.005856,0.990518
2026-08-31T18:56:43.219483,73.952440,0.023790,-0.005978,0.989542
2026-08-31T18:56:43.219561,73.952518,0.023668,-0.005978,0.989908
2026-08-31T18:56:43.247663,73.980620,0.022814,-0.006466,0.990640
2026-08-31T18:56:43.277896,74.010853,0.023546,-0.005368,0.990762
2026-08-31T18:56:43.308979,74.041936,0.023058,-0.005734,0.989908
2026-08-31T18:56:43.309032,74.041989,0.023790,-0.005612,0.990030
2026-08-31T18:56:43.337611,74.070568,0.022814,-0.005490,0.990274
2026-08-31T18:56:43.369571,74.102528,0.023302,-0.005978,0.990152
2026-08-31T18:56:43.369659,74.102616,0.023058,-0.006222,0.990152
2026-08-31T18:56:43.400370,74.133327,0.023180,-0.005734,0.990396
2026-08-31T18:56:43.431216,74.164173,0.023058,-0.005612,0.990274
2026-08-31T18:56:43.431302,74.164259,0.022936,-0.005856,0.989908
2026-08-31T18:56:43.460313,74.193270,0.023790,-0.006466,0.990518
2026-08-31T18:56:43.489663,74.222620,0.023302,-0.006222,0.989542
2026-08-31T18:56:43.489728,74.222685,0.023058,-0.005856,0.990274
2026-08-31T18:56:43.517551,74.250508,0.023546,-0.005734,0.990030
2026-08-31T18:56:43.549159,74.282116,0.023424,-0.005978,0.990152
2026-08-31T18:56:43.549223,74.282180,0.023790,-0.005368,0.990030
2026-08-31T18:56:43.577778,74.310735,0.023302,-0.005856,0.990152
2026-08-31T18:56:43.608690,74.341647,0.023668,-0.005734,0.990518
2026-08-31T18:56:43.639925,74.372882,0.023058,-0.006466,0.990152
2026-08-31T18:56:43.640015,74.372972,0.023302,-0.005490,0.990640
2026-08-31T18:56:43.668101,74.401058,0.023180,-0.006344,0.990152
2026-08-31T18:56:43.701333,74.434290,0.023302,-0.006100,0.990152
2026-08-31T18:56:43.701414,74.434371,0.022936,-0.005978,0.989908
2026-08-31T18:56:43.729763,74.462720,0.023424,-0.005246,0.989908
2026-08-31T18:56:43.759241,74.492198,0.023424,-0.005612,0.990274
2026-08-31T18:56:43.759303,74.492260,0.023058,-0.006344,0.990030
2026-08-31T18:56:43.787766,74.520723,0.022814,-0.005734,0.991128
2026-08-31T18:56:43.818981,74.551938,0.022692,-0.006222,0.989298
2026-08-31T18:56:43.820678,74.553635,0.023668,-0.005978,0.989542
2026-08-31T18:56:43.850416,74.583373,0.023058,-0.006100,0.990152
2026-08-31T18:56:43.879844,74.612801,0.023668,-0.005856,0.990396
2026-08-31T18:56:43.879945,74.612902,0.023058,-0.005490,0.990396
2026-08-31T18:56:43.908079,74.641036,0.023302,-0.006466,0.990274
2026-08-31T18:56:43.938980,74.671937,0.022692,-0.005734,0.990396
2026-08-31T18:56:43.968863,74.701820,0.023546,-0.006100,0.989786
2026-08-31T18:56:43.968949,74.701906,0.023790,-0.006100,0.989786
2026-08-31T18:56:43.997946,74.730903,0.022936,-0.005490,0.990030
2026-08-31T18:56:44.029717,74.762674,0.023302,-0.005856,0.990030
2026-08-31T18:56:44.029808,74.762765,0.023058,-0.005734,0.990518
2026-08-31T18:56:44.060276,74.793233,0.023180,-0.005856,0.989908
2026-08-31T18:56:44.089665,74.822622,0.023912,-0.005734,0.990030
2026-08-31T18:56:44.089753,74.822710,0.023668,-0.006222,0.990274
2026-08-31T18:56:44.118093,74.851050,0.023180,-0.005978,0.990274
2026-08-31T18:56:44.148558,74.881515,0.023058,-0.005856,0.990030
2026-08-31T18:56:44.179715,74.912672,0.023302,-0.006222,0.990030
2026-08-31T18:56:44.179803,74.912760,0.022692,-0.005612,0.990884
2026-08-31T18:56:44.207739,74.940696,0.023180,-0.005246,0.990518
2026-08-31T18:56:44.238916,74.971873,0.023546,-0.006344,0.990152
2026-08-31T18:56:44.239817,74.972774,0.023180,-0.005612,0.989664
2026-08-31T18:56:44.271279,75.004236,0.023790,-0.005978,0.989908
2026-08-31T18:56:44.271367,75.004324,0.022814,-0.005734,0.990396
2026-08-31T18:56:44.300767,75.033724,0.022936,-0.005734,0.989908
2026-08-31T18:56:44.331246,75.064203,0.022692,-0.005856,0.990518
2026-08-31T18:56:44.331330,75.064287,0.023790,-0.006344,0.989664
2026-08-31T18:56:44.360468,75.093425,0.023546,-0.006222,0.990274
2026-08-31T18:56:44.389634,75.122591,0.023790,-0.005978,0.990030
2026-08-31T18:56:44.389727,75.122684,0.022570,-0.006222,0.990152
2026-08-31T18:56:44.418272,75.151229,0.023668,-0.005978,0.989664
2026-08-31T18:56:44.448572,75.181529,0.023302,-0.005734,0.990274
2026-08-31T18:56:44.448600,75.181557,0.023058,-0.005978,0.990030
2026-08-31T18:56:44.477680,75.210637,0.024034,-0.005246,0.990030
2026-08-31T18:56:44.508616,75.241573,0.023302,-0.006100,0.990030
2026-08-31T18:56:44.539533,75.272490,0.023058,-0.005734,0.989908
2026-08-31T18:56:44.539612,75.272569,0.023058,-0.005978,0.989908
2026-08-31T18:56:44.569381,75.302338,0.023302,-0.006222,0.989908
2026-08-31T18:56:44.569466,75.302423,0.022814,-0.006222,0.989908
2026-08-31T18:56:44.598007,75.330964,0.022814,-0.005612,0.990152
2026-08-31T18:56:44.629759,75.362716,0.022814,-0.005856,0.990030
2026-08-31T18:56:44.659869,75.392826,0.022814,-0.005490,0.990030
2026-08-31T18:56:44.660231,75.393188,0.023546,-0.005856,0.989908
2026-08-31T18:56:44.687798,75.420755,0.022814,-0.005856,0.989908
2026-08-31T18:56:44.719659,75.452616,0.023302,-0.005734,0.989908
2026-08-31T18:56:44.719759,75.452716,0.023180,-0.006100,0.990274
2026-08-31T18:56:44.747814,75.480771,0.023546,-0.005856,0.990030
2026-08-31T18:56:44.778617,75.511574,0.023058,-0.005856,0.990030
2026-08-31T18:56:44.809078,75.542035,0.023546,-0.005978,0.990762
2026-08-31T18:56:44.810983,75.543940,0.023180,-0.005734,0.990640
2026-08-31T18:56:44.840556,75.573513,0.023302,-0.005490,0.990274
2026-08-31T18:56:44.869727,75.602684,0.023546,-0.005978,0.990762
2026-08-31T18:56:44.869818,75.602775,0.023546,-0.005734,0.989786
2026-08-31T18:56:44.901256,75.634213,0.023546,-0.006588,0.990274
2026-08-31T18:56:44.901349,75.634306,0.023668,-0.005978,0.990274
2026-08-31T18:56:44.930656,75.663613,0.023058,-0.005612,0.990640
2026-08-31T18:56:44.958416,75.691373,0.023668,-0.006344,0.990030
2026-08-31T18:56:44.989173,75.722130,0.023424,-0.006222,0.990518
2026-08-31T18:56:44.989264,75.722221,0.023180,-0.005856,0.990152
2026-08-31T18:56:45.017899,75.750856,0.023058,-0.005368,0.990030
2026-08-31T18:56:45.048891,75.781848,0.023302,-0.005612,0.990152
2026-08-31T18:56:45.050652,75.783609,0.022936,-0.005490,0.989542
2026-08-31T18:56:45.080471,75.813428,0.023180,-0.005978,0.989298
2026-08-31T18:56:45.111530,75.844487,0.023668,-0.005490,0.990152
2026-08-31T18:56:45.111612,75.844569,0.024156,-0.005490,0.989908
2026-08-31T18:56:45.140552,75.873509,0.023180,-0.006100,0.989908
2026-08-31T18:56:45.171728,75.904685,0.023424,-0.005734,0.990518
2026-08-31T18:56:45.171820,75.904777,0.023546,-0.006222,0.990030
2026-08-31T18:56:45.201188,75.934145,0.023668,-0.005490,0.990152
2026-08-31T18:56:45.201271,75.934228,0.023790,-0.005856,0.990152
2026-08-31T18:56:45.229821,75.962778,0.024156,-0.005734,0.990518
2026-08-31T18:56:45.259652,75.992609,0.023302,-0.005612,0.991128
2026-08-31T18:56:45.289,76.021957,0.023668,-0.005612,0.989420
2026-08-31T18:56:45.289771,76.022728,0.023424,-0.005246,0.990884
2026-08-31T18:56:45.318400,76.051357,0.023912,-0.005978,0.990396
2026-08-31T18:56:45.349429,76.082386,0.023668,-0.005978,0.990518
2026-08-31T18:56:45.349510,76.082467,0.023424,-0.005612,0.989542
2026-08-31T18:56:45.377980,76.110937,0.023424,-0.005856,0.989664
2026-08-31T18:56:45.409584,76.142541,0.022692,-0.006344,0.989786
2026-08-31T18:56:45.411021,76.143978,0.023912,-0.006222,0.990274
2026-08-31T18:56:45.440157,76.173114,0.022936,-0.005368,0.989420
2026-08-31T18:56:45.469408,76.202365,0.023546,-0.005978,0.990152
2026-08-31T18:56:45.469488,76.202445,0.022692,-0.005978,0.990274
2026-08-31T18:56:45.498030,76.230987,0.022936,-0.006100,0.990030
2026-08-31T18:56:45.528818,76.261775,0.023668,-0.005856,0.989664
2026-08-31T18:56:45.559620,76.292577,0.023180,-0.005734,0.990396
2026-08-31T18:56:45.559701,76.292658,0.023302,-0.005734,0.990640
2026-08-31T18:56:45.589126,76.322083,0.023424,-0.005612,0.989786
2026-08-31T18:56:45.589207,76.322164,0.023912,-0.006466,0.990152
2026-08-31T18:56:45.617897,76.350854,0.023180,-0.005856,0.989542
2026-08-31T18:56:45.648508,76.381465,0.022692,-0.005978,0.990030
2026-08-31T18:56:45.649431,76.382388,0.023302,-0.005978,0.990030
2026-08-31T18:56:45.678038,76.410995,0.023180,-0.005734,0.990274
2026-08-31T18:56:45.709765,76.442722,0.023302,-0.006100,0.990274
2026-08-31T18:56:45.709850,76.442807,0.022936,-0.006710,0.990152
2026-08-31T18:56:45.740706,76.473663,0.023180,-0.006222,0.990274
2026-08-31T18:56:45.771369,76.504326,0.022936,-0.005734,0.990396
2026-08-31T18:56:45.801333,76.534290,0.023302,-0.005856,0.990274
2026-08-31T18:56:45.801426,76.534383,0.023180,-0.005490,0.989908
2026-08-31T18:56:45.860301,76.593258,0.023790,-0.005246,0.990518
2026-08-31T18:56:45.860516,76.593473,0.023424,-0.005612,0.990396
2026-08-31T18:56:45.860576,76.593533,0.023180,-0.006344,0.990396
2026-08-31T18:56:45.890714,76.623671,0.022936,-0.005490,0.990762
2026-08-31T18:56:45.918972,76.651929,0.023302,-0.005978,0.990518
2026-08-31T18:56:45.948515,76.681472,0.023424,-0.006222,0.989664
2026-08-31T18:56:45.948583,76.681540,0.023058,-0.005490,0.990152
2026-08-31T18:56:45.979308,76.712265,0.022814,-0.005856,0.990396
2026-08-31T18:56:45.979392,76.712349,0.023058,-0.005734,0.990152
2026-08-31T18:56:46.007973,76.740930,0.023546,-0.005490,0.990762
2026-08-31T18:56:46.038561,76.771518,0.023180,-0.005978,0.990152
2026-08-31T18:56:46.069863,76.802820,0.023546,-0.005490,0.989908
2026-08-31T18:56:46.069949,76.802906,0.023302,-0.006466,0.989908
2026-08-31T18:56:46.097626,76.830583,0.023302,-0.005490,0.990640
2026-08-31T18:56:46.130767,76.863724,0.023546,-0.005612,0.990030
2026-08-31T18:56:46.130833,76.863790,0.024034,-0.005978,0.990030
2026-08-31T18:56:46.160058,76.893015,0.023546,-0.005490,0.989542
2026-08-31T18:56:46.189583,76.922540,0.023302,-0.005612,0.990396
2026-08-31T18:56:46.189669,76.922626,0.023668,-0.005856,0.990274
2026-08-31T18:56:46.217821,76.950778,0.023424,-0.005490,0.989176
2026-08-31T18:56:46.247726,76.980683,0.023424,-0.004636,0.989786
2026-08-31T18:56:46.278520,77.011477,0.023424,-0.005368,0.989542
2026-08-31T18:56:46.279511,77.012468,0.023180,-0.005856,0.990030
2026-08-31T18:56:46.310109,77.043066,0.024034,-0.005978,0.989420
2026-08-31T18:56:46.339552,77.072509,0.023424,-0.005978,0.989786
2026-08-31T18:56:46.339639,77.072596,0.022814,-0.006222,0.989298
2026-08-31T18:56:46.368474,77.101431,0.023424,-0.006344,0.990762
2026-08-31T18:56:46.401466,77.134423,0.023058,-0.005490,0.989664
2026-08-31T18:56:46.401548,77.134505,0.023668,-0.005734,0.990152
2026-08-31T18:56:46.430160,77.163117,0.023790,-0.005368,0.989786
2026-08-31T18:56:46.460447,77.193404,0.023912,-0.005856,0.990152
2026-08-31T18:56:46.491670,77.224627,0.023668,-0.006222,0.989908
2026-08-31T18:56:46.491756,77.224713,0.023424,-0.005124,0.990152
2026-08-31T18:56:46.521345,77.254302,0.023302,-0.005368,0.990030
2026-08-31T18:56:46.521443,77.254400,0.023424,-0.006100,0.990274
2026-08-31T18:56:46.550209,77.283166,0.023912,-0.005490,0.990396
2026-08-31T18:56:46.581487,77.314444,0.023546,-0.006100,0.989786
2026-08-31T18:56:46.581572,77.314529,0.023912,-0.005856,0.989908
2026-08-31T18:56:46.609930,77.342887,0.023058,-0.006100,0.990518
2026-08-31T18:56:46.638727,77.371684,0.023546,-0.005490,0.990030
2026-08-31T18:56:46.639664,77.372621,0.023546,-0.005734,0.989908
2026-08-31T18:56:46.670738,77.403695,0.024034,-0.005978,0.989298
2026-08-31T18:56:46.700618,77.433575,0.023912,-0.005368,0.989908
2026-08-31T18:56:46.731427,77.464384,0.023302,-0.005734,0.990152
2026-08-31T18:56:46.731494,77.464451,0.023546,-0.005978,0.990274
2026-08-31T18:56:46.760464,77.493421,0.023790,-0.006222,0.990152
2026-08-31T18:56:46.789855,77.522812,0.024156,-0.005856,0.990152
2026-08-31T18:56:46.789940,77.522897,0.023912,-0.005856,0.989908
2026-08-31T18:56:46.818043,77.551000,0.023180,-0.005612,0.990152
2026-08-31T18:56:46.849807,77.582764,0.023546,-0.005978,0.990030
2026-08-31T18:56:46.849900,77.582857,0.022936,-0.005246,0.989298
2026-08-31T18:56:46.878056,77.611013,0.023546,-0.006100,0.990030
2026-08-31T18:56:46.909396,77.642353,0.023180,-0.005368,0.990030
2026-08-31T18:56:46.939650,77.672607,0.023058,-0.005368,0.990640
2026-08-31T18:56:46.939721,77.672678,0.022814,-0.005612,0.989908
2026-08-31T18:56:46.969483,77.702440,0.023546,-0.005612,0.990152
2026-08-31T18:56:46.969579,77.702536,0.023912,-0.005856,0.990396
2026-08-31T18:56:46.998095,77.731052,0.023668,-0.006100,0.989664
2026-08-31T18:56:47.028574,77.761531,0.023424,-0.006588,0.990030
2026-08-31T18:56:47.059697,77.792654,0.023424,-0.005734,0.990396
2026-08-31T18:56:47.059762,77.792719,0.023302,-0.005734,0.990152
2026-08-31T18:56:47.087945,77.820902,0.023546,-0.005734,0.990518
2026-08-31T18:56:47.119162,77.852119,0.022936,-0.005612,0.989786
2026-08-31T18:56:47.119230,77.852187,0.023424,-0.005856,0.989176
2026-08-31T18:56:47.147965,77.880922,0.023546,-0.005978,0.990152
2026-08-31T18:56:47.179617,77.912574,0.023180,-0.005978,0.990274
2026-08-31T18:56:47.179704,77.912661,0.023668,-0.006344,0.990030
2026-08-31T18:56:47.208172,77.941129,0.023546,-0.005978,0.989786
2026-08-31T18:56:47.238914,77.971871,0.023546,-0.005734,0.990274
2026-08-31T18:56:47.269084,78.002041,0.023424,-0.006100,0.990274
2026-08-31T18:56:47.270766,78.003723,0.023424,-0.005490,0.990518
2026-08-31T18:56:47.300819,78.033776,0.023546,-0.006100,0.990274
2026-08-31T18:56:47.330907,78.063864,0.023424,-0.005978,0.989908
2026-08-31T18:56:47.330973,78.063930,0.024278,-0.005856,0.989786
2026-08-31T18:56:47.360673,78.093630,0.023546,-0.005124,0.990762
2026-08-31T18:56:47.391385,78.124342,0.023424,-0.005978,0.990396
2026-08-31T18:56:47.391479,78.124436,0.023912,-0.005856,0.990152
2026-08-31T18:56:47.420492,78.153449,0.023058,-0.005612,0.989786
2026-08-31T18:56:47.448818,78.181775,0.023424,-0.005978,0.989786
2026-08-31T18:56:47.478973,78.211930,0.023058,-0.005490,0.989664
2026-08-31T18:56:47.479081,78.212038,0.023302,-0.005490,0.989908
2026-08-31T18:56:47.508535,78.241492,0.023180,-0.005734,0.990030
2026-08-31T18:56:47.539642,78.272599,0.023058,-0.005856,0.990396
2026-08-31T18:56:47.539750,78.272707,0.023912,-0.005490,0.990274
2026-08-31T18:56:47.568221,78.301178,0.023546,-0.005856,0.990152
2026-08-31T18:56:47.599925,78.332882,0.022936,-0.005612,0.989664
2026-08-31T18:56:47.599993,78.332950,0.023058,-0.006100,0.990640
2026-08-31T18:56:47.628189,78.361146,0.023302,-0.005856,0.990274
2026-08-31T18:56:47.658922,78.391879,0.023668,-0.006100,0.990152
2026-08-31T18:56:47.689806,78.422763,0.023424,-0.005734,0.989664
2026-08-31T18:56:47.689889,78.422846,0.023302,-0.005978,0.990030
2026-08-31T18:56:47.719294,78.452251,0.023790,-0.005856,0.990030
2026-08-31T18:56:47.719390,78.452347,0.023180,-0.006100,0.989908
2026-08-31T18:56:47.748104,78.481061,0.023668,-0.005490,0.990396
2026-08-31T18:56:47.778091,78.511048,0.024156,-0.005978,0.990152
2026-08-31T18:56:47.811091,78.544048,0.023424,-0.005856,0.990396
2026-08-31T18:56:47.811190,78.544147,0.023546,-0.005978,0.989786
2026-08-31T18:56:47.837216,78.570173,0.023668,-0.006222,0.990152
2026-08-31T18:56:47.869009,78.601966,0.023668,-0.005978,0.990030
2026-08-31T18:56:47.869069,78.602026,0.023912,-0.005856,0.990518
2026-08-31T18:56:47.897893,78.630850,0.023668,-0.005612,0.989908
2026-08-31T18:56:47.928832,78.661789,0.023546,-0.005856,0.989664
2026-08-31T18:56:47.959456,78.692413,0.023302,-0.005612,0.989908
2026-08-31T18:56:47.959535,78.692492,0.023302,-0.005978,0.989420
2026-08-31T18:56:47.989157,78.722114,0.023302,-0.005856,0.990030
2026-08-31T18:56:47.989240,78.722197,0.023668,-0.005490,0.990274
2026-08-31T18:56:48.017683,78.750640,0.023058,-0.006100,0.990152
2026-08-31T18:56:48.049610,78.782567,0.023546,-0.005978,0.989786
2026-08-31T18:56:48.049691,78.782648,0.023302,-0.005856,0.990152
2026-08-31T18:56:48.078012,78.810969,0.023668,-0.006100,0.990030
2026-08-31T18:56:48.108694,78.841651,0.023180,-0.005490,0.990152
2026-08-31T18:56:48.139085,78.872042,0.023546,-0.005368,0.990274
2026-08-31T18:56:48.140066,78.873023,0.023546,-0.005612,0.990152
2026-08-31T18:56:48.171990,78.904947,0.023668,-0.006100,0.990396
2026-08-31T18:56:48.172096,78.905053,0.023058,-0.005368,0.990274
2026-08-31T18:56:48.200584,78.933541,0.023790,-0.006222,0.990274
2026-08-31T18:56:48.230402,78.963359,0.023546,-0.005490,0.989908
2026-08-31T18:56:48.262009,78.994966,0.023424,-0.005978,0.990518
2026-08-31T18:56:48.262114,78.995071,0.023668,-0.006222,0.990396
2026-08-31T18:56:48.290424,79.023381,0.023668,-0.006100,0.989542
2026-08-31T18:56:48.319553,79.052510,0.023180,-0.005856,0.989786
2026-08-31T18:56:48.319634,79.052591,0.023180,-0.005612,0.989908
2026-08-31T18:56:48.347821,79.080778,0.023668,-0.006100,0.990152
2026-08-31T18:56:48.378952,79.111909,0.023912,-0.005978,0.989786
2026-08-31T18:56:48.409560,79.142517,0.023668,-0.005734,0.989542
2026-08-31T18:56:48.409665,79.142622,0.023546,-0.005978,0.989664
2026-08-31T18:56:48.439005,79.171962,0.023424,-0.005246,0.989786
2026-08-31T18:56:48.469776,79.202733,0.023912,-0.005978,0.990518
2026-08-31T18:56:48.469873,79.202830,0.023424,-0.005978,0.990274
2026-08-31T18:56:48.498274,79.231231,0.023546,-0.006100,0.989908
2026-08-31T18:56:48.531569,79.264526,0.023180,-0.005368,0.990152
2026-08-31T18:56:48.531660,79.264617,0.024156,-0.006100,0.989542
2026-08-31T18:56:48.559997,79.292954,0.024034,-0.005978,0.990152
2026-08-31T18:56:48.591391,79.324348,0.023546,-0.006100,0.990396
2026-08-31T18:56:48.591474,79.324431,0.023668,-0.006222,0.990030
2026-08-31T18:56:48.619754,79.352711,0.023424,-0.005246,0.989786
2026-08-31T18:56:48.649228,79.382185,0.024034,-0.006344,0.989420
2026-08-31T18:56:48.649325,79.382282,0.023790,-0.005368,0.990396
2026-08-31T18:56:48.678833,79.411790,0.024034,-0.005612,0.989908
2026-08-31T18:56:48.707756,79.440713,0.023546,-0.005856,0.990518
2026-08-31T18:56:48.739655,79.472612,0.023424,-0.005368,0.990762
2026-08-31T18:56:48.739761,79.472718,0.023424,-0.005612,0.989908
2026-08-31T18:56:48.769528,79.502485,0.023424,-0.006100,0.989908
2026-08-31T18:56:48.769634,79.502591,0.023424,-0.005734,0.990152
2026-08-31T18:56:48.797491,79.530448,0.023668,-0.005368,0.989908
2026-08-31T18:56:48.828987,79.561944,0.023912,-0.006222,0.989786
2026-08-31T18:56:48.829055,79.562012,0.023424,-0.005978,0.989664
2026-08-31T18:56:48.858073,79.591030,0.023302,-0.006100,0.989664
2026-08-31T18:56:48.889789,79.622746,0.023912,-0.005368,0.989908
2026-08-31T18:56:48.889892,79.622849,0.023546,-0.005734,0.989664
2026-08-31T18:56:48.918068,79.651025,0.023180,-0.006588,0.990396
2026-08-31T18:56:48.948787,79.681744,0.023546,-0.005978,0.989664
2026-08-31T18:56:48.979453,79.712410,0.023912,-0.005734,0.990274
2026-08-31T18:56:48.979542,79.712499,0.023180,-0.005856,0.989908
2026-08-31T18:56:49.007835,79.740792,0.024034,-0.005734,0.990396
2026-08-31T18:56:49.039034,79.771991,0.023912,-0.005856,0.990762
2026-08-31T18:56:49.069430,79.802387,0.023790,-0.005490,0.990152
2026-08-31T18:56:49.069550,79.802507,0.023424,-0.006222,0.989664
2026-08-31T18:56:49.098255,79.831212,0.023424,-0.005856,0.989664
2026-08-31T18:56:49.129122,79.862079,0.023790,-0.005612,0.989908
2026-08-31T18:56:49.130298,79.863255,0.023424,-0.005612,0.990884
2026-08-31T18:56:49.161693,79.894650,0.023424,-0.005856,0.989420
2026-08-31T18:56:49.161774,79.894731,0.023546,-0.005612,0.989786
2026-08-31T18:56:49.190929,79.923886,0.023546,-0.005856,0.989786
2026-08-31T18:56:49.220880,79.953837,0.023546,-0.005246,0.990396
2026-08-31T18:56:49.250896,79.983853,0.023790,-0.006100,0.989664
2026-08-31T18:56:49.250964,79.983921,0.023180,-0.005490,0.989908
2026-08-31T18:56:49.280033,80.012990,0.024156,-0.005856,0.988932
2026-08-31T18:56:49.309108,80.042065,0.023668,-0.005856,0.990396
2026-08-31T18:56:49.339739,80.072696,0.023790,-0.006466,0.990030
2026-08-31T18:56:49.339850,80.072807,0.023912,-0.006344,0.989908
2026-08-31T18:56:49.368898,80.101855,0.024034,-0.005978,0.989664
2026-08-31T18:56:49.369893,80.102850,0.023302,-0.005246,0.989542
2026-08-31T18:56:49.429898,80.162855,0.023302,-0.006100,0.990030
2026-08-31T18:56:49.429995,80.162952,0.023790,-0.005612,0.990640
2026-08-31T18:56:49.459176,80.192133,0.023180,-0.005856,0.990274
2026-08-31T18:56:49.459283,80.192240,0.023668,-0.005856,0.990518
2026-08-31T18:56:49.487748,80.220705,0.023302,-0.006344,0.989786
2026-08-31T18:56:49.518463,80.251420,0.023302,-0.005612,0.989664
2026-08-31T18:56:49.549578,80.282535,0.023912,-0.006222,0.990152
2026-08-31T18:56:49.549705,80.282662,0.023180,-0.005612,0.990396
2026-08-31T18:56:49.578208,80.311165,0.023302,-0.005612,0.989908
2026-08-31T18:56:49.610137,80.343094,0.023302,-0.006100,0.990274
2026-08-31T18:56:49.610250,80.343207,0.024278,-0.005978,0.990030
2026-08-31T18:56:49.639300,80.372257,0.023424,-0.005856,0.989908
2026-08-31T18:56:49.639398,80.372355,0.023668,-0.005856,0.990518
2026-08-31T18:56:49.668150,80.401107,0.023546,-0.005856,0.989908
2026-08-31T18:56:49.700687,80.433644,0.024400,-0.005978,0.990518
2026-08-31T18:56:49.730762,80.463719,0.023424,-0.006100,0.990152
2026-08-31T18:56:49.730885,80.463842,0.023546,-0.005856,0.990030
2026-08-31T18:56:49.761186,80.494143,0.024156,-0.005978,0.990030
2026-08-31T18:56:49.791496,80.524453,0.023180,-0.005612,0.990518
2026-08-31T18:56:49.791599,80.524556,0.024156,-0.006344,0.989786
2026-08-31T18:56:49.820971,80.553928,0.023424,-0.005612,0.990152
2026-08-31T18:56:49.851413,80.584370,0.023912,-0.006100,0.990152
2026-08-31T18:56:49.851517,80.584474,0.024034,-0.005856,0.990518
2026-08-31T18:56:49.880619,80.613576,0.023546,-0.005612,0.990396
2026-08-31T18:56:49.911387,80.644344,0.023302,-0.005734,0.990396
2026-08-31T18:56:49.939873,80.672830,0.023058,-0.005978,0.990030
2026-08-31T18:56:49.939978,80.672935,0.022936,-0.005124,0.990274
2026-08-31T18:56:49.969530,80.702487,0.023302,-0.006222,0.990152
2026-08-31T18:56:49.969656,80.702613,0.023180,-0.005734,0.990030
2026-08-31T18:56:49.998106,80.731063,0.023302,-0.005490,0.989786
2026-08-31T18:56:50.028654,80.761611,0.023058,-0.005734,0.989054
2026-08-31T18:56:50.060028,80.792985,0.023058,-0.005612,0.989542
2026-08-31T18:56:50.060132,80.793089,0.024034,-0.005734,0.990152
2026-08-31T18:56:50.087983,80.820940,0.023424,-0.006100,0.990274
2026-08-31T18:56:50.118842,80.851799,0.024034,-0.005368,0.989786
2026-08-31T18:56:50.149339,80.882296,0.023424,-0.005978,0.990030
2026-08-31T18:56:50.149430,80.882387,0.023302,-0.005734,0.989664
2026-08-31T18:56:50.178021,80.910978,0.023790,-0.005612,0.989786
2026-08-31T18:56:50.209291,80.942248,0.023668,-0.006222,0.989908
2026-08-31T18:56:50.209384,80.942341,0.023546,-0.005978,0.990396
2026-08-31T18:56:50.238946,80.971903,0.023546,-0.006100,0.989664
2026-08-31T18:56:50.269512,81.002469,0.023302,-0.005856,0.989786
2026-08-31T18:56:50.269614,81.002571,0.023790,-0.005612,0.989908
2026-08-31T18:56:50.297843,81.030800,0.023790,-0.006100,0.990640
2026-08-31T18:56:50.329653,81.062610,0.024156,-0.005734,0.990030
2026-08-31T18:56:50.329779,81.062736,0.023180,-0.005368,0.989786
2026-08-31T18:56:50.358217,81.091174,0.023424,-0.006222,0.989664
2026-08-31T18:56:50.389756,81.122713,0.023790,-0.006100,0.989786
2026-08-31T18:56:50.389863,81.122820,0.023180,-0.005368,0.990396
2026-08-31T18:56:50.417850,81.150807,0.023424,-0.005734,0.989664
2026-08-31T18:56:50.449881,81.182838,0.023912,-0.005490,0.989420
2026-08-31T18:56:50.449989,81.182946,0.023668,-0.005612,0.990396
2026-08-31T18:56:50.478284,81.211241,0.024278,-0.005978,0.989786
2026-08-31T18:56:50.509172,81.242129,0.022936,-0.006344,0.990274
2026-08-31T18:56:50.509257,81.242214,0.023058,-0.005612,0.989664
2026-08-31T18:56:50.537824,81.270781,0.023424,-0.005246,0.990274
2026-08-31T18:56:50.569644,81.302601,0.023180,-0.005978,0.989298
2026-08-31T18:56:50.569771,81.302728,0.023790,-0.005612,0.989664
2026-08-31T18:56:50.598335,81.331292,0.023302,-0.005124,0.990518
2026-08-31T18:56:50.629515,81.362472,0.023912,-0.005490,0.989786
2026-08-31T18:56:50.629606,81.362563,0.023546,-0.005734,0.989908
2026-08-31T18:56:50.658715,81.391672,0.023668,-0.005490,0.989542
2026-08-31T18:56:50.689849,81.422806,0.024156,-0.005612,0.990640
2026-08-31T18:56:50.689951,81.422908,0.023546,-0.005612,0.990030
2026-08-31T18:56:50.717865,81.450822,0.023302,-0.005978,0.990030
2026-08-31T18:56:50.749950,81.482907,0.023668,-0.005612,0.989786
2026-08-31T18:56:50.750031,81.482988,0.023180,-0.005612,0.989786
2026-08-31T18:56:50.778742,81.511699,0.023546,-0.005856,0.990396
2026-08-31T18:56:50.809779,81.542736,0.024156,-0.005978,0.989786
2026-08-31T18:56:50.809887,81.542844,0.023180,-0.005856,0.990640
2026-08-31T18:56:50.839029,81.571986,0.023668,-0.005368,0.990030
2026-08-31T18:56:50.869009,81.601966,0.024034,-0.005856,0.989298
2026-08-31T18:56:50.900866,81.633823,0.023912,-0.006222,0.990274
2026-08-31T18:56:50.900991,81.633948,0.024156,-0.006222,0.989664
2026-08-31T18:56:50.930505,81.663462,0.023302,-0.006100,0.989786
2026-08-31T18:56:50.959947,81.692904,0.023790,-0.006100,0.990030
2026-08-31T18:56:50.960057,81.693014,0.023302,-0.005490,0.990152
2026-08-31T18:56:50.988913,81.721870,0.024034,-0.005246,0.989908
2026-08-31T18:56:51.018269,81.751226,0.023546,-0.005856,0.989786
2026-08-31T18:56:51.049343,81.782300,0.023790,-0.005734,0.989786
2026-08-31T18:56:51.049413,81.782370,0.023668,-0.005734,0.990152
2026-08-31T18:56:51.079483,81.812440,0.023790,-0.005490,0.990274
2026-08-31T18:56:51.079587,81.812544,0.023424,-0.005490,0.990030
2026-08-31T18:56:51.108029,81.840986,0.023424,-0.005368,0.990274
2026-08-31T18:56:51.139818,81.872775,0.023912,-0.005368,0.989908
2026-08-31T18:56:51.139934,81.872891,0.024156,-0.005978,0.990396
2026-08-31T18:56:51.168227,81.901184,0.022814,-0.006100,0.989786
2026-08-31T18:56:51.199312,81.932269,0.024766,-0.005734,0.990030
2026-08-31T18:56:51.229089,81.962046,0.023668,-0.005856,0.990152
2026-08-31T18:56:51.230020,81.962977,0.023668,-0.005978,0.990274
2026-08-31T18:56:51.260671,81.993628,0.023424,-0.006100,0.990152
2026-08-31T18:56:51.290590,82.023547,0.023058,-0.005856,0.990274
2026-08-31T18:56:51.319786,82.052743,0.023668,-0.006466,0.990518
2026-08-31T18:56:51.319904,82.052861,0.023180,-0.005978,0.990274
2026-08-31T18:56:51.348590,82.081547,0.023180,-0.005246,0.989908
2026-08-31T18:56:51.349985,82.082942,0.023668,-0.005856,0.990274
2026-08-31T18:56:51.378818,82.111775,0.023424,-0.006466,0.990274
2026-08-31T18:56:51.409698,82.142655,0.024278,-0.005978,0.990518
2026-08-31T18:56:51.409817,82.142774,0.023668,-0.005612,0.989420
2026-08-31T18:56:51.438273,82.171230,0.023912,-0.005978,0.989786
2026-08-31T18:56:51.469790,82.202747,0.023668,-0.005856,0.990152
2026-08-31T18:56:51.499496,82.232453,0.023912,-0.005734,0.990396
2026-08-31T18:56:51.499568,82.232525,0.023302,-0.006222,0.990030
2026-08-31T18:56:51.528605,82.261562,0.023424,-0.006222,0.990030
2026-08-31T18:56:51.559762,82.292719,0.023302,-0.005978,0.990030
2026-08-31T18:56:51.559862,82.292819,0.023424,-0.005856,0.990152
2026-08-31T18:56:51.589047,82.322004,0.023302,-0.005856,0.990396
2026-08-31T18:56:51.619762,82.352719,0.024278,-0.006344,0.989908
2026-08-31T18:56:51.619886,82.352843,0.023912,-0.005978,0.989786
2026-08-31T18:56:51.649305,82.382262,0.023424,-0.005856,0.989786
2026-08-31T18:56:51.679106,82.412063,0.023668,-0.005734,0.990030
2026-08-31T18:56:51.708149,82.441106,0.023180,-0.005856,0.989908
2026-08-31T18:56:51.709377,82.442334,0.023668,-0.005856,0.990274
2026-08-31T18:56:51.739934,82.472891,0.023302,-0.006222,0.989908
2026-08-31T18:56:51.740036,82.472993,0.023180,-0.005124,0.989542
2026-08-31T18:56:51.770930,82.503887,0.023668,-0.006344,0.990030
2026-08-31T18:56:51.800812,82.533769,0.023668,-0.006100,0.989908
2026-08-31T18:56:51.831904,82.564861,0.023546,-0.005978,0.990030
2026-08-31T18:56:51.831997,82.564954,0.023546,-0.005978,0.990274
2026-08-31T18:56:51.860988,82.593945,0.023546,-0.005734,0.989908
2026-08-31T18:56:51.891651,82.624608,0.024034,-0.005612,0.990396
2026-08-31T18:56:51.891755,82.624712,0.024034,-0.005490,0.989664
2026-08-31T18:56:51.920645,82.653602,0.023058,-0.005246,0.989664
2026-08-31T18:56:51.949751,82.682708,0.023668,-0.005978,0.989664
2026-08-31T18:56:51.949847,82.682804,0.023668,-0.005856,0.990030
2026-08-31T18:56:51.979039,82.711996,0.023180,-0.005734,0.989786
2026-08-31T18:56:52.009726,82.742683,0.023790,-0.006100,0.990030
2026-08-31T18:56:52.009821,82.742778,0.023668,-0.006222,0.990640
2026-08-31T18:56:52.039034,82.771991,0.023912,-0.006588,0.990274
2026-08-31T18:56:52.071715,82.804672,0.023668,-0.005490,0.989542
2026-08-31T18:56:52.071838,82.804795,0.023790,-0.005612,0.990274
2026-08-31T18:56:52.100685,82.833642,0.023668,-0.005856,0.990274
2026-08-31T18:56:52.129886,82.862843,0.024034,-0.006344,0.989786
2026-08-31T18:56:52.129963,82.862920,0.023546,-0.005368,0.990640
2026-08-31T18:56:52.157972,82.890929,0.023180,-0.005856,0.990030
2026-08-31T18:56:52.189030,82.921987,0.024400,-0.005734,0.990152
2026-08-31T18:56:52.219135,82.952092,0.023058,-0.005978,0.990640
2026-08-31T18:56:52.220874,82.953831,0.024400,-0.005734,0.990152
2026-08-31T18:56:52.250729,82.983686,0.023424,-0.005612,0.989664
2026-08-31T18:56:52.279835,83.012792,0.024034,-0.005734,0.990152
2026-08-31T18:56:52.279939,83.012896,0.023546,-0.005490,0.989786
2026-08-31T18:56:52.308163,83.041120,0.023180,-0.005734,0.989786
2026-08-31T18:56:52.339214,83.072171,0.023790,-0.005856,0.990152
2026-08-31T18:56:52.340134,83.073091,0.023912,-0.005856,0.990640
2026-08-31T18:56:52.370923,83.103880,0.024034,-0.005734,0.989908
2026-08-31T18:56:52.401107,83.134064,0.023668,-0.005978,0.989786
2026-08-31T18:56:52.401196,83.134153,0.023790,-0.005856,0.990152
2026-08-31T18:56:52.430274,83.163231,0.023668,-0.005856,0.990152
2026-08-31T18:56:52.459154,83.192111,0.023790,-0.005978,0.990396
2026-08-31T18:56:52.489299,83.222256,0.023790,-0.005734,0.990152
2026-08-31T18:56:52.489410,83.222367,0.022814,-0.005734,0.990152
2026-08-31T18:56:52.518059,83.251016,0.023302,-0.005612,0.989786
2026-08-31T18:56:52.549828,83.282785,0.023180,-0.005978,0.989786
2026-08-31T18:56:52.549935,83.282892,0.023424,-0.005612,0.989542
2026-08-31T18:56:52.579207,83.312164,0.023302,-0.005856,0.989176
2026-08-31T18:56:52.609729,83.342686,0.023546,-0.005856,0.989664
2026-08-31T18:56:52.609824,83.342781,0.023302,-0.005856,0.989786
2026-08-31T18:56:52.638948,83.371905,0.023302,-0.006100,0.990152
2026-08-31T18:56:52.669099,83.402056,0.023790,-0.005734,0.990152
2026-08-31T18:56:52.699151,83.432108,0.023668,-0.005856,0.990518
2026-08-31T18:56:52.699254,83.432211,0.023668,-0.005612,0.990152
2026-08-31T18:56:52.729283,83.462240,0.023546,-0.005978,0.989664
2026-08-31T18:56:52.759643,83.492600,0.022814,-0.005490,0.989664
2026-08-31T18:56:52.759766,83.492723,0.022936,-0.005368,0.990030
2026-08-31T18:56:52.789063,83.522020,0.023668,-0.005490,0.989786
2026-08-31T18:56:52.819891,83.552848,0.023912,-0.005490,0.989664
2026-08-31T18:56:52.820001,83.552958,0.023668,-0.005734,0.990030
2026-08-31T18:56:52.848133,83.581090,0.023302,-0.005246,0.989908
2026-08-31T18:56:52.878807,83.611764,0.023790,-0.005490,0.990396
2026-08-31T18:56:52.878858,83.611815,0.023912,-0.006100,0.990030
2026-08-31T18:56:52.907647,83.640604,0.023668,-0.005734,0.989908
2026-08-31T18:56:52.939370,83.672327,0.023668,-0.006344,0.990884
2026-08-31T18:56:52.939444,83.672401,0.023058,-0.005490,0.990152
2026-08-31T18:56:52.968147,83.701104,0.023668,-0.006100,0.990640
2026-08-31T18:56:52.999930,83.732887,0.023424,-0.005978,0.990030
2026-08-31T18:56:53.000029,83.732986,0.023302,-0.005612,0.989786
2026-08-31T18:56:53.029557,83.762514,0.023790,-0.006344,0.990030
2026-08-31T18:56:53.059184,83.792141,0.023546,-0.005856,0.990030
2026-08-31T18:56:53.088835,83.821792,0.023790,-0.005490,0.990152
2026-08-31T18:56:53.090388,83.823345,0.023546,-0.006100,0.990152
2026-08-31T18:56:53.121238,83.854195,0.023058,-0.006100,0.989542
2026-08-31T18:56:53.121345,83.854302,0.023058,-0.006466,0.990396
2026-08-31T18:56:53.150052,83.883009,0.023302,-0.005368,0.989786
2026-08-31T18:56:53.179916,83.912873,0.023424,-0.005734,0.989054
2026-08-31T18:56:53.180005,83.912962,0.023546,-0.005978,0.989786
2026-08-31T18:56:53.208260,83.941217,0.024034,-0.006222,0.989908
2026-08-31T18:56:53.238998,83.971955,0.023912,-0.005612,0.990518
2026-08-31T18:56:53.240274,83.973231,0.024034,-0.005856,0.990152
2026-08-31T18:56:53.270675,84.003632,0.023302,-0.005490,0.990274
2026-08-31T18:56:53.300672,84.033629,0.023912,-0.005734,0.990396
2026-08-31T18:56:53.331469,84.064426,0.023546,-0.005856,0.989908
2026-08-31T18:56:53.331596,84.064553,0.023424,-0.005002,0.989542
2026-08-31T18:56:53.361534,84.094491,0.023790,-0.005978,0.990030
2026-08-31T18:56:53.361619,84.094576,0.023668,-0.005734,0.989786
2026-08-31T18:56:53.390380,84.123337,0.023424,-0.005612,0.990274
2026-08-31T18:56:53.420141,84.153098,0.023668,-0.006222,0.990274
2026-08-31T18:56:53.420240,84.153197,0.024156,-0.005978,0.990640
2026-08-31T18:56:53.448103,84.181060,0.023668,-0.005978,0.989786
2026-08-31T18:56:53.480276,84.213233,0.023546,-0.005734,0.990274
2026-08-31T18:56:53.480357,84.213314,0.023790,-0.005734,0.990030
2026-08-31T18:56:53.508150,84.241107,0.023546,-0.005734,0.989786
2026-08-31T18:56:53.538997,84.271954,0.023546,-0.006222,0.990030
2026-08-31T18:56:53.569069,84.302026,0.023668,-0.005734,0.989908
2026-08-31T18:56:53.570183,84.303140,0.024034,-0.005856,0.990274
2026-08-31T18:56:53.600694,84.333651,0.023546,-0.006100,0.989054
2026-08-31T18:56:53.629036,84.361993,0.023912,-0.005246,0.989908
2026-08-31T18:56:53.629786,84.362743,0.023424,-0.005124,0.990396
2026-08-31T18:56:53.658143,84.391100,0.023790,-0.005612,0.990030
2026-08-31T18:56:53.689344,84.422301,0.023180,-0.005612,0.989786
2026-08-31T18:56:53.690993,84.423950,0.023668,-0.006100,0.989786
2026-08-31T18:56:53.720505,84.453462,0.023668,-0.006466,0.990518
2026-08-31T18:56:53.751606,84.484563,0.023668,-0.005612,0.991128
2026-08-31T18:56:53.751712,84.484669,0.023912,-0.005734,0.990396
2026-08-31T18:56:53.780726,84.513683,0.023668,-0.005124,0.990640
2026-08-31T18:56:53.810706,84.543663,0.023668,-0.005978,0.990640
2026-08-31T18:56:53.839425,84.572382,0.023790,-0.006466,0.990396
2026-08-31T18:56:53.839507,84.572464,0.023180,-0.005734,0.990396
2026-08-31T18:56:53.868178,84.601135,0.023424,-0.005856,0.989908
2026-08-31T18:56:53.901519,84.634476,0.024400,-0.005978,0.990152
2026-08-31T18:56:53.901639,84.634596,0.024400,-0.006100,0.989908
2026-08-31T18:56:53.930655,84.663612,0.023302,-0.005856,0.989786
2026-08-31T18:56:53.960015,84.692972,0.024034,-0.006222,0.989786
2026-08-31T18:56:53.960114,84.693071,0.023668,-0.006466,0.990762
2026-08-31T18:56:53.989,84.721957,0.023058,-0.005856,0.990152
2026-08-31T18:56:54.019658,84.752615,0.023668,-0.005856,0.989054
2026-08-31T18:56:54.019748,84.752705,0.023302,-0.005490,0.989664
2026-08-31T18:56:54.048311,84.781268,0.022936,-0.005978,0.990274
2026-08-31T18:56:54.081663,84.814620,0.023424,-0.005368,0.990396
2026-08-31T18:56:54.081733,84.814690,0.024278,-0.006344,0.989908
2026-08-31T18:56:54.108051,84.841008,0.023912,-0.006222,0.990152
2026-08-31T18:56:54.138993,84.871950,0.023668,-0.005612,0.990274
2026-08-31T18:56:54.169668,84.902625,0.024278,-0.005734,0.990884
2026-08-31T18:56:54.169754,84.902711,0.023912,-0.005734,0.989786
2026-08-31T18:56:54.198169,84.931126,0.023790,-0.005368,0.989908
2026-08-31T18:56:54.230666,84.963623,0.023790,-0.005368,0.990152
2026-08-31T18:56:54.230747,84.963704,0.023424,-0.005734,0.990274
2026-08-31T18:56:54.258122,84.991079,0.023790,-0.005856,0.989908
2026-08-31T18:56:54.289241,85.022198,0.023790,-0.006222,0.989298
2026-08-31T18:56:54.289336,85.022293,0.023790,-0.005978,0.990030
2026-08-31T18:56:54.317982,85.050939,0.023912,-0.006344,0.990396
2026-08-31T18:56:54.349267,85.082224,0.023790,-0.005734,0.990030
2026-08-31T18:56:54.349334,85.082291,0.023424,-0.005978,0.990152
2026-08-31T18:56:54.378281,85.111238,0.023790,-0.005856,0.990274
2026-08-31T18:56:54.408935,85.141892,0.024156,-0.005856,0.990152
2026-08-31T18:56:54.439263,85.172220,0.024034,-0.006222,0.990762
2026-08-31T18:56:54.440326,85.173283,0.023790,-0.006100,0.990396
2026-08-31T18:56:54.472085,85.205042,0.023668,-0.006344,0.990152
2026-08-31T18:56:54.472196,85.205153,0.024400,-0.005734,0.990762
2026-08-31T18:56:54.500672,85.233629,0.023424,-0.005734,0.990152
2026-08-31T18:56:54.531669,85.264626,0.024400,-0.005490,0.990274
2026-08-31T18:56:54.531738,85.264695,0.023668,-0.005734,0.990640
2026-08-31T18:56:54.560601,85.293558,0.024034,-0.005856,0.990152
2026-08-31T18:56:54.591601,85.324558,0.023424,-0.005856,0.989786
2026-08-31T18:56:54.591698,85.324655,0.023180,-0.005490,0.990396
2026-08-31T18:56:54.620542,85.353499,0.023546,-0.005978,0.990152
2026-08-31T18:56:54.649753,85.382710,0.023912,-0.005978,0.990518
2026-08-31T18:56:54.649884,85.382841,0.023790,-0.005856,0.989786
2026-08-31T18:56:54.678336,85.411293,0.023546,-0.005856,0.990518
2026-08-31T18:56:54.709888,85.442845,0.023790,-0.005490,0.990030
2026-08-31T18:56:54.709987,85.442944,0.024034,-0.005856,0.989786
2026-08-31T18:56:54.738987,85.471944,0.023790,-0.006100,0.989542
2026-08-31T18:56:54.769135,85.502092,0.023912,-0.005368,0.989908
2026-08-31T18:56:54.798357,85.531314,0.024156,-0.006588,0.990030
2026-08-31T18:56:54.829927,85.562884,0.024278,-0.005734,0.989664
2026-08-31T18:56:54.829990,85.562947,0.023546,-0.006344,0.990152
2026-08-31T18:56:54.858116,85.591073,0.024156,-0.005978,0.989786
2026-08-31T18:56:54.889926,85.622883,0.023546,-0.005856,0.989908
2026-08-31T18:56:54.890029,85.622986,0.023790,-0.005856,0.990274
2026-08-31T18:56:54.918822,85.651779,0.023912,-0.006344,0.990030
2026-08-31T18:56:54.919797,85.652754,0.023180,-0.005612,0.990518
2026-08-31T18:56:54.948800,85.681757,0.023790,-0.005978,0.989786
2026-08-31T18:56:54.980865,85.713822,0.023668,-0.006222,0.989786
2026-08-31T18:56:54.980944,85.713901,0.023302,-0.006100,0.989664
2026-08-31T18:56:55.008102,85.741059,0.023302,-0.005856,0.989908
2026-08-31T18:56:55.039310,85.772267,0.024156,-0.005978,0.989786
2026-08-31T18:56:55.040235,85.773192,0.023912,-0.006222,0.990274
2026-08-31T18:56:55.070656,85.803613,0.023424,-0.005490,0.990396
2026-08-31T18:56:55.101562,85.834519,0.023912,-0.006588,0.989786
2026-08-31T18:56:55.101658,85.834615,0.023790,-0.005856,0.990152
2026-08-31T18:56:55.130624,85.863581,0.023912,-0.005978,0.989786
2026-08-31T18:56:55.160713,85.893670,0.023668,-0.005856,0.989786
2026-08-31T18:56:55.190175,85.923132,0.023668,-0.005734,0.989786
2026-08-31T18:56:55.190281,85.923238,0.023546,-0.006100,0.990518
2026-08-31T18:56:55.219568,85.952525,0.023668,-0.006100,0.990274
2026-08-31T18:56:55.219669,85.952626,0.023790,-0.005612,0.990274
2026-08-31T18:56:55.248223,85.981180,0.024156,-0.005734,0.990640
2026-08-31T18:56:55.280447,86.013404,0.023668,-0.005246,0.989664
2026-08-31T18:56:55.308678,86.041635,0.024034,-0.005612,0.989786
2026-08-31T18:56:55.308737,86.041694,0.024156,-0.005612,0.990640
2026-08-31T18:56:55.337796,86.070753,0.023912,-0.006466,0.990518
2026-08-31T18:56:55.369671,86.102628,0.024156,-0.006466,0.989664
2026-08-31T18:56:55.369762,86.102719,0.024156,-0.005734,0.989786
2026-08-31T18:56:55.398221,86.131178,0.023546,-0.005856,0.990152
2026-08-31T18:56:55.431270,86.164227,0.023790,-0.005490,0.990396
2026-08-31T18:56:55.431449,86.164406,0.024034,-0.005856,0.989786
2026-08-31T18:56:55.458135,86.191092,0.023668,-0.005490,0.989542
2026-08-31T18:56:55.489925,86.222882,0.023424,-0.006466,0.990640
2026-08-31T18:56:55.490030,86.222987,0.023546,-0.005490,0.990152
2026-08-31T18:56:55.518459,86.251416,0.023790,-0.006100,0.990762
2026-08-31T18:56:55.549726,86.282683,0.024156,-0.006100,0.990030
2026-08-31T18:56:55.549809,86.282766,0.023302,-0.005612,0.990030
2026-08-31T18:56:55.577843,86.310800,0.023546,-0.005856,0.990518
2026-08-31T18:56:55.608925,86.341882,0.023668,-0.006344,0.990152
2026-08-31T18:56:55.639950,86.372907,0.023302,-0.005246,0.990152
2026-08-31T18:56:55.640056,86.373013,0.024156,-0.005856,0.989908
2026-08-31T18:56:55.668493,86.401450,0.024034,-0.005978,0.990396
2026-08-31T18:56:55.701684,86.434641,0.023180,-0.005978,0.990274
2026-08-31T18:56:55.701772,86.434729,0.024156,-0.005978,0.990396
2026-08-31T18:56:55.730762,86.463719,0.023790,-0.005490,0.990396
2026-08-31T18:56:55.761660,86.494617,0.024034,-0.005856,0.990152
2026-08-31T18:56:55.761789,86.494746,0.024034,-0.005368,0.990030
2026-08-31T18:56:55.790552,86.523509,0.023180,-0.005734,0.990030
2026-08-31T18:56:55.820381,86.553338,0.023790,-0.005734,0.989908
2026-08-31T18:56:55.851748,86.584705,0.023546,-0.005856,0.990274
2026-08-31T18:56:55.851840,86.584797,0.023546,-0.006100,0.989786
2026-08-31T18:56:55.881907,86.614864,0.023546,-0.006100,0.990152
2026-08-31T18:56:55.881987,86.614944,0.023790,-0.005978,0.990274
2026-08-31T18:56:55.910771,86.643728,0.023424,-0.005978,0.990274
2026-08-31T18:56:55.940728,86.673685,0.023668,-0.006344,0.990274
2026-08-31T18:56:55.970556,86.703513,0.023912,-0.005978,0.989786
2026-08-31T18:56:55.970642,86.703599,0.024034,-0.005490,0.990274
2026-08-31T18:56:55.998890,86.731847,0.023790,-0.005856,0.990030
2026-08-31T18:56:56.029415,86.762372,0.023546,-0.005612,0.990640
2026-08-31T18:56:56.031985,86.764942,0.023912,-0.005734,0.990396
2026-08-31T18:56:56.060460,86.793417,0.023790,-0.005734,0.990030
2026-08-31T18:56:56.089776,86.822733,0.023546,-0.005978,0.990396
2026-08-31T18:56:56.089857,86.822814,0.023790,-0.005978,0.990274
2026-08-31T18:56:56.118320,86.851277,0.024034,-0.005612,0.989542
2026-08-31T18:56:56.149236,86.882193,0.023790,-0.005490,0.989908
2026-08-31T18:56:56.151088,86.884045,0.023546,-0.006100,0.990030
2026-08-31T18:56:56.180834,86.913791,0.023302,-0.006222,0.989542
2026-08-31T18:56:56.210038,86.942995,0.023912,-0.005612,0.989542
2026-08-31T18:56:56.210138,86.943095,0.023912,-0.005978,0.989664
2026-08-31T18:56:56.238954,86.971911,0.024156,-0.005612,0.989664
2026-08-31T18:56:56.269085,87.002042,0.023546,-0.005856,0.990030
2026-08-31T18:56:56.299313,87.032270,0.024034,-0.006588,0.989542
2026-08-31T18:56:56.299395,87.032352,0.024156,-0.005612,0.989664
2026-08-31T18:56:56.328334,87.061291,0.024400,-0.005856,0.989542
2026-08-31T18:56:56.331441,87.064398,0.024156,-0.006344,0.990152
2026-08-31T18:56:56.358832,87.091789,0.023668,-0.005490,0.989908
2026-08-31T18:56:56.388941,87.121898,0.023668,-0.005856,0.990396
2026-08-31T18:56:56.418993,87.151950,0.023790,-0.006100,0.990762
2026-08-31T18:56:56.449939,87.182896,0.023668,-0.005856,0.990274
2026-08-31T18:56:56.450032,87.182989,0.023058,-0.005734,0.990518
2026-08-31T18:56:56.479714,87.212671,0.024034,-0.005612,0.990152
2026-08-31T18:56:56.479815,87.212772,0.023424,-0.005978,0.990152
2026-08-31T18:56:56.508500,87.241457,0.024400,-0.006222,0.989786
2026-08-31T18:56:56.538862,87.271819,0.023912,-0.005734,0.990274
2026-08-31T18:56:56.569176,87.302133,0.023668,-0.006466,0.989542
2026-08-31T18:56:56.569259,87.302216,0.023912,-0.006100,0.989786
2026-08-31T18:56:56.599430,87.332387,0.023058,-0.005490,0.990152
2026-08-31T18:56:56.599520,87.332477,0.023668,-0.005612,0.989542
2026-08-31T18:56:56.628392,87.361349,0.024400,-0.005734,0.989908
2026-08-31T18:56:56.659975,87.392932,0.024034,-0.005246,0.989908
2026-08-31T18:56:56.688951,87.421908,0.023058,-0.005978,0.990396
2026-08-31T18:56:56.719672,87.452629,0.023302,-0.005734,0.989786
2026-08-31T18:56:56.719760,87.452717,0.023546,-0.005978,0.989786
2026-08-31T18:56:56.748403,87.481360,0.024278,-0.005734,0.990396
2026-08-31T18:56:56.749009,87.481966,0.023180,-0.005612,0.990152
2026-08-31T18:56:56.777668,87.510625,0.023912,-0.006100,0.990030
2026-08-31T18:56:56.809896,87.542853,0.023424,-0.006100,0.990274
2026-08-31T18:56:56.809991,87.542948,0.023912,-0.005856,0.989664
2026-08-31T18:56:56.838910,87.571867,0.024278,-0.005856,0.990030
2026-08-31T18:56:56.869204,87.602161,0.023668,-0.005856,0.990030
2026-08-31T18:56:56.899181,87.632138,0.024400,-0.005368,0.990152
2026-08-31T18:56:56.900288,87.633245,0.023790,-0.005368,0.990396
2026-08-31T18:56:56.931107,87.664064,0.024400,-0.005978,0.989786
2026-08-31T18:56:56.961812,87.694769,0.023912,-0.005856,0.990030
2026-08-31T18:56:56.961908,87.694865,0.023546,-0.005856,0.989786
2026-08-31T18:56:56.991119,87.724076,0.024156,-0.005612,0.990396
2026-08-31T18:56:56.991207,87.724164,0.024400,-0.005734,0.990030
2026-08-31T18:56:57.020715,87.753672,0.023912,-0.006100,0.990030
2026-08-31T18:56:57.050820,87.783777,0.024034,-0.005978,0.989542
2026-08-31T18:56:57.080420,87.813377,0.024034,-0.005368,0.989054
2026-08-31T18:56:57.080523,87.813480,0.023790,-0.005490,0.989542
2026-08-31T18:56:57.108330,87.841287,0.023302,-0.005734,0.989542
2026-08-31T18:56:57.139371,87.872328,0.023302,-0.006100,0.990152
2026-08-31T18:56:57.141103,87.874060,0.024034,-0.005368,0.989664
2026-08-31T18:56:57.170656,87.903613,0.023790,-0.005978,0.990152
2026-08-31T18:56:57.201242,87.934199,0.024034,-0.005490,0.989786
2026-08-31T18:56:57.201331,87.934288,0.024156,-0.005978,0.989420
2026-08-31T18:56:57.231381,87.964338,0.023302,-0.005490,0.989542
2026-08-31T18:56:57.259507,87.992464,0.023668,-0.005978,0.990030
2026-08-31T18:56:57.260572,87.993529,0.023790,-0.005978,0.990152
2026-08-31T18:56:57.290811,88.023768,0.024034,-0.006100,0.990396
2026-08-31T18:56:57.319373,88.052330,0.023302,-0.006100,0.990152
2026-08-31T18:56:57.349455,88.082412,0.024644,-0.005978,0.989298
2026-08-31T18:56:57.349617,88.082574,0.023668,-0.005978,0.990396
2026-08-31T18:56:57.378459,88.111416,0.023912,-0.005856,0.990274
2026-08-31T18:56:57.409977,88.142934,0.023912,-0.005368,0.990030
2026-08-31T18:56:57.410086,88.143043,0.023546,-0.005612,0.989786
2026-08-31T18:56:57.438250,88.171207,0.023668,-0.005978,0.989786
2026-08-31T18:56:57.469497,88.202454,0.023546,-0.005978,0.990396
2026-08-31T18:56:57.469650,88.202607,0.024034,-0.006588,0.989664
2026-08-31T18:56:57.498408,88.231365,0.023546,-0.005368,0.990152
2026-08-31T18:56:57.528981,88.261938,0.023424,-0.005246,0.989542
2026-08-31T18:56:57.559930,88.292887,0.023912,-0.005856,0.990030
2026-08-31T18:56:57.560032,88.292989,0.023790,-0.005490,0.990274
2026-08-31T18:56:57.588877,88.321834,0.023912,-0.005368,0.989786
2026-08-31T18:56:57.619993,88.352950,0.022814,-0.006222,0.990152
2026-08-31T18:56:57.620085,88.353042,0.024400,-0.005978,0.990152
2026-08-31T18:56:57.648737,88.381694,0.023790,-0.005612,0.990396
2026-08-31T18:56:57.679080,88.412037,0.023912,-0.006100,0.990030
2026-08-31T18:56:57.709550,88.442507,0.023302,-0.005978,0.990274
2026-08-31T18:56:57.709648,88.442605,0.024156,-0.006100,0.989908
2026-08-31T18:56:57.737974,88.470931,0.024156,-0.006222,0.990518
2026-08-31T18:56:57.769628,88.502585,0.023912,-0.006100,0.990030
2026-08-31T18:56:57.771270,88.504227,0.024034,-0.005612,0.990518
2026-08-31T18:56:57.800777,88.533734,0.023912,-0.005856,0.989420
2026-08-31T18:56:57.832069,88.565026,0.024522,-0.005734,0.990518
2026-08-31T18:56:57.832152,88.565109,0.024278,-0.005734,0.990152
2026-08-31T18:56:57.860893,88.593850,0.024156,-0.005246,0.990030
2026-08-31T18:56:57.891717,88.624674,0.023668,-0.005856,0.990030
2026-08-31T18:56:57.891835,88.624792,0.024156,-0.005612,0.989786
2026-08-31T18:56:57.919766,88.652723,0.024156,-0.005490,0.990152
2026-08-31T18:56:57.948817,88.681774,0.023912,-0.005978,0.990152
2026-08-31T18:56:57.948867,88.681824,0.023668,-0.005246,0.990274
2026-08-31T18:56:57.977726,88.710683,0.023912,-0.006222,0.989786
2026-08-31T18:56:58.009392,88.742349,0.023546,-0.005612,0.989664
2026-08-31T18:56:58.011080,88.744037,0.024156,-0.005978,0.989420
2026-08-31T18:56:58.040772,88.773729,0.024156,-0.006588,0.990030
2026-08-31T18:56:58.071832,88.804789,0.023668,-0.006588,0.989908
2026-08-31T18:56:58.071939,88.804896,0.023546,-0.005978,0.989908
2026-08-31T18:56:58.100880,88.833837,0.023668,-0.006100,0.989542
2026-08-31T18:56:58.131742,88.864699,0.023302,-0.005734,0.989786
2026-08-31T18:56:58.159978,88.892935,0.023302,-0.005734,0.989908
2026-08-31T18:56:58.160067,88.893024,0.024278,-0.005978,0.989908
2026-08-31T18:56:58.187828,88.920785,0.023912,-0.005856,0.989542
2026-08-31T18:56:58.219645,88.952602,0.023912,-0.006100,0.989542
2026-08-31T18:56:58.219712,88.952669,0.023546,-0.005734,0.989298
2026-08-31T18:56:58.248606,88.981563,0.024156,-0.005856,0.990030
2026-08-31T18:56:58.280283,89.013240,0.023058,-0.005856,0.990762
2026-08-31T18:56:58.280373,89.013330,0.023668,-0.005978,0.989908
2026-08-31T18:56:58.308080,89.041037,0.023912,-0.006100,0.990030
2026-08-31T18:56:58.339803,89.072760,0.024278,-0.005490,0.990274
2026-08-31T18:56:58.339911,89.072868,0.023790,-0.005978,0.990030
2026-08-31T18:56:58.369222,89.102179,0.022814,-0.006344,0.990030
2026-08-31T18:56:58.402508,89.135465,0.024522,-0.006100,0.990152
2026-08-31T18:56:58.402562,89.135519,0.023912,-0.005856,0.990274
2026-08-31T18:56:58.431218,89.164175,0.023424,-0.005978,0.989786
2026-08-31T18:56:58.460143,89.193100,0.023790,-0.005978,0.989664
2026-08-31T18:56:58.460249,89.193206,0.023546,-0.005734,0.989908
2026-08-31T18:56:58.488788,89.221745,0.023668,-0.005856,0.990274
2026-08-31T18:56:58.520224,89.253181,0.023668,-0.005612,0.991006
2026-08-31T18:56:58.520321,89.253278,0.023546,-0.005612,0.989786
2026-08-31T18:56:58.548336,89.281293,0.023668,-0.005734,0.990152
2026-08-31T18:56:58.579950,89.312907,0.024400,-0.005368,0.990152
2026-08-31T18:56:58.580038,89.312995,0.024034,-0.005856,0.989786
2026-08-31T18:56:58.608520,89.341477,0.024034,-0.005978,0.989786
2026-08-31T18:56:58.639397,89.372354,0.023790,-0.005734,0.989054
2026-08-31T18:56:58.639553,89.372510,0.023790,-0.006466,0.989786
2026-08-31T18:56:58.668036,89.400993,0.024766,-0.005978,0.990518
2026-08-31T18:56:58.700374,89.433331,0.023790,-0.006344,0.990396
2026-08-31T18:56:58.700468,89.433425,0.023546,-0.005246,0.989786
2026-08-31T18:56:58.728362,89.461319,0.023424,-0.006100,0.990396
2026-08-31T18:56:58.761826,89.494783,0.023546,-0.005490,0.989786
2026-08-31T18:56:58.761934,89.494891,0.023912,-0.005856,0.989908
2026-08-31T18:56:58.790851,89.523808,0.023302,-0.006100,0.989908
2026-08-31T18:56:58.820799,89.553756,0.023912,-0.006100,0.989786
2026-08-31T18:56:58.850419,89.583376,0.024278,-0.006222,0.990152
2026-08-31T18:56:58.850506,89.583463,0.023546,-0.005612,0.990274
2026-08-31T18:56:58.877548,89.610505,0.023546,-0.005856,0.990396
2026-08-31T18:56:58.910062,89.643019,0.023668,-0.005246,0.990030
2026-08-31T18:56:58.910154,89.643111,0.024400,-0.005734,0.989908
2026-08-31T18:56:58.938830,89.671787,0.023180,-0.005246,0.990640
2026-08-31T18:56:58.970139,89.703096,0.024522,-0.005856,0.990274
2026-08-31T18:56:58.970230,89.703187,0.023790,-0.006222,0.990152
2026-08-31T18:56:58.998880,89.731837,0.023424,-0.006222,0.990030
2026-08-31T18:56:59.028935,89.761892,0.024034,-0.006100,0.990274
2026-08-31T18:56:59.060106,89.793063,0.023546,-0.005978,0.990152
2026-08-31T18:56:59.060210,89.793167,0.023546,-0.005734,0.989664
2026-08-31T18:56:59.089256,89.822213,0.023424,-0.005734,0.989786
2026-08-31T18:56:59.089339,89.822296,0.023668,-0.006344,0.990396
2026-08-31T18:56:59.117826,89.850783,0.023912,-0.005490,0.989908
2026-08-31T18:56:59.150072,89.883029,0.023912,-0.005856,0.990274
2026-08-31T18:56:59.150156,89.883113,0.023668,-0.005612,0.990030
2026-08-31T18:56:59.178211,89.911168,0.024156,-0.005734,0.989908
2026-08-31T18:56:59.208718,89.941675,0.023790,-0.006222,0.990274
2026-08-31T18:56:59.238988,89.971945,0.023424,-0.006344,0.990396
2026-08-31T18:56:59.240328,89.973285,0.023668,-0.006222,0.990152
