timestamp_iso,elapsed_s,x_g,y_g,z_g
2026-08-31T18:37:00.707840,0.000000,-0.032208,-0.031842,0.988566
2026-08-31T18:37:00.735259,0.027419,-0.032696,-0.032452,0.987834
2026-08-31T18:37:00.735327,0.027487,-0.032330,-0.032330,0.988566
2026-08-31T18:37:00.764130,0.056290,-0.032696,-0.032330,0.987834
2026-08-31T18:37:00.794813,0.086973,-0.032574,-0.031964,0.987468
2026-08-31T18:37:00.794879,0.087039,-0.032574,-0.032208,0.988566
2026-08-31T18:37:00.823923,0.116083,-0.032696,-0.031354,0.988200
2026-08-31T18:37:00.854869,0.147029,-0.032574,-0.031720,0.988322
2026-08-31T18:37:00.883776,0.175936,-0.031964,-0.032086,0.987834
2026-08-31T18:37:00.883864,0.176024,-0.031720,-0.031842,0.988200
2026-08-31T18:37:00.911815,0.203975,-0.032330,-0.032452,0.988566
2026-08-31T18:37:00.943482,0.235642,-0.032452,-0.031964,0.988200
2026-08-31T18:37:00.944567,0.236727,-0.032452,-0.031842,0.988322
2026-08-31T18:37:00.974197,0.266357,-0.032086,-0.031964,0.988444
2026-08-31T18:37:01.004177,0.296337,-0.031964,-0.031354,0.988200
2026-08-31T18:37:01.033779,0.325939,-0.032574,-0.031720,0.988078
2026-08-31T18:37:01.033856,0.326016,-0.032818,-0.032208,0.988200
2026-08-31T18:37:01.062273,0.354433,-0.031720,-0.031476,0.987590
2026-08-31T18:37:01.093604,0.385764,-0.032208,-0.032574,0.987468
2026-08-31T18:37:01.093677,0.385837,-0.032696,-0.032574,0.988932
2026-08-31T18:37:01.121962,0.414122,-0.032574,-0.032086,0.987712
2026-08-31T18:37:01.154549,0.446709,-0.032086,-0.031964,0.987834
2026-08-31T18:37:01.154629,0.446789,-0.031964,-0.031842,0.988200
2026-08-31T18:37:01.182264,0.474424,-0.032208,-0.031476,0.988200
2026-08-31T18:37:01.183402,0.475562,-0.032452,-0.032086,0.988078
2026-08-31T18:37:01.212478,0.504638,-0.032696,-0.031964,0.988078
2026-08-31T18:37:01.242848,0.535008,-0.033062,-0.032086,0.988078
2026-08-31T18:37:01.273248,0.565408,-0.032086,-0.032208,0.988322
2026-08-31T18:37:01.273327,0.565487,-0.031842,-0.032208,0.988322
2026-08-31T18:37:01.302583,0.594743,-0.032574,-0.032086,0.988444
2026-08-31T18:37:01.333724,0.625884,-0.032208,-0.031964,0.987956
2026-08-31T18:37:01.333811,0.625971,-0.032696,-0.032086,0.988444
2026-08-31T18:37:01.362088,0.654248,-0.032330,-0.031842,0.988444
2026-08-31T18:37:01.393219,0.685379,-0.032818,-0.031964,0.987712
2026-08-31T18:37:01.393289,0.685449,-0.032330,-0.032086,0.986980
2026-08-31T18:37:01.422062,0.714222,-0.033062,-0.032208,0.988566
2026-08-31T18:37:01.455210,0.747370,-0.032696,-0.032330,0.987468
2026-08-31T18:37:01.455331,0.747491,-0.032818,-0.032574,0.988322
2026-08-31T18:37:01.481862,0.774022,-0.032940,-0.031842,0.988200
2026-08-31T18:37:01.513707,0.805867,-0.032574,-0.032818,0.987590
2026-08-31T18:37:01.513789,0.805949,-0.032208,-0.032208,0.987834
2026-08-31T18:37:01.542454,0.834614,-0.032330,-0.031720,0.987956
2026-08-31T18:37:01.573641,0.865801,-0.032330,-0.031232,0.988444
2026-08-31T18:37:01.573724,0.865884,-0.032574,-0.031720,0.988078
2026-08-31T18:37:01.602093,0.894253,-0.032818,-0.032330,0.988688
2026-08-31T18:37:01.633518,0.925678,-0.032208,-0.031842,0.987834
2026-08-31T18:37:01.633596,0.925756,-0.031964,-0.032330,0.987712
2026-08-31T18:37:01.661643,0.953803,-0.031842,-0.031842,0.987834
2026-08-31T18:37:01.693144,0.985304,-0.032330,-0.031964,0.989054
2026-08-31T18:37:01.693203,0.985363,-0.032208,-0.032330,0.988200
2026-08-31T18:37:01.721785,1.013945,-0.032452,-0.031720,0.988078
2026-08-31T18:37:01.754843,1.047003,-0.032696,-0.032086,0.988322
2026-08-31T18:37:01.754927,1.047087,-0.031964,-0.032086,0.987712
2026-08-31T18:37:01.782173,1.074333,-0.032818,-0.031720,0.988078
2026-08-31T18:37:01.812729,1.104889,-0.032574,-0.032330,0.988200
2026-08-31T18:37:01.843291,1.135451,-0.032330,-0.031964,0.987834
2026-08-31T18:37:01.843361,1.135521,-0.032208,-0.032208,0.988322
2026-08-31T18:37:01.871817,1.163977,-0.033062,-0.032086,0.987956
2026-08-31T18:37:01.905356,1.197516,-0.032574,-0.032330,0.988444
2026-08-31T18:37:01.905419,1.197579,-0.032818,-0.031842,0.988200
2026-08-31T18:37:01.934066,1.226226,-0.032696,-0.031720,0.987712
2026-08-31T18:37:01.963803,1.255963,-0.032574,-0.031842,0.988200
2026-08-31T18:37:01.963893,1.256053,-0.031842,-0.032086,0.988322
2026-08-31T18:37:01.991741,1.283901,-0.032208,-0.032086,0.987590
2026-08-31T18:37:02.023571,1.315731,-0.032574,-0.032818,0.987468
2026-08-31T18:37:02.023660,1.315820,-0.032452,-0.031598,0.988078
2026-08-31T18:37:02.052411,1.344571,-0.032940,-0.032086,0.987956
2026-08-31T18:37:02.083654,1.375814,-0.032086,-0.031842,0.987834
2026-08-31T18:37:02.083740,1.375900,-0.031964,-0.031720,0.988322
2026-08-31T18:37:02.111317,1.403477,-0.032330,-0.031842,0.988200
2026-08-31T18:37:02.143137,1.435297,-0.032208,-0.033062,0.987956
2026-08-31T18:37:02.143197,1.435357,-0.032696,-0.031842,0.987956
2026-08-31T18:37:02.172743,1.464903,-0.032574,-0.031842,0.988200
2026-08-31T18:37:02.204781,1.496941,-0.032086,-0.031842,0.988810
2026-08-31T18:37:02.204869,1.497029,-0.032330,-0.032086,0.988322
2026-08-31T18:37:02.231936,1.524096,-0.032452,-0.032086,0.988200
2026-08-31T18:37:02.262598,1.554758,-0.031964,-0.032696,0.988200
2026-08-31T18:37:02.293100,1.585260,-0.032574,-0.031964,0.987590
2026-08-31T18:37:02.294216,1.586376,-0.032574,-0.031720,0.988322
2026-08-31T18:37:02.324318,1.616478,-0.032208,-0.031842,0.988322
2026-08-31T18:37:02.355282,1.647442,-0.032330,-0.031598,0.988078
2026-08-31T18:37:02.355362,1.647522,-0.032574,-0.032086,0.987956
2026-08-31T18:37:02.384286,1.676446,-0.032574,-0.032086,0.987834
2026-08-31T18:37:02.412227,1.704387,-0.032574,-0.032086,0.987956
2026-08-31T18:37:02.413594,1.705754,-0.032818,-0.032208,0.988322
2026-08-31T18:37:02.444165,1.736325,-0.032086,-0.031598,0.988078
2026-08-31T18:37:02.474604,1.766764,-0.032818,-0.032574,0.988078
2026-08-31T18:37:02.474658,1.766818,-0.032086,-0.032208,0.988566
2026-08-31T18:37:02.504769,1.796929,-0.031964,-0.032208,0.988810
2026-08-31T18:37:02.532352,1.824512,-0.032330,-0.032086,0.988200
2026-08-31T18:37:02.562624,1.854784,-0.032452,-0.032086,0.988932
2026-08-31T18:37:02.563989,1.856149,-0.032452,-0.031598,0.988688
2026-08-31T18:37:02.594212,1.886372,-0.033306,-0.031842,0.988566
2026-08-31T18:37:02.625337,1.917497,-0.032574,-0.032208,0.988444
2026-08-31T18:37:02.625406,1.917566,-0.032818,-0.032696,0.987834
2026-08-31T18:37:02.654947,1.947107,-0.032208,-0.031842,0.988078
2026-08-31T18:37:02.685199,1.977359,-0.031720,-0.031476,0.988078
2026-08-31T18:37:02.685265,1.977425,-0.032208,-0.032086,0.988322
2026-08-31T18:37:02.714520,2.006680,-0.032574,-0.032086,0.987834
2026-08-31T18:37:02.745252,2.037412,-0.032574,-0.032452,0.988200
2026-08-31T18:37:02.745336,2.037496,-0.032330,-0.032452,0.987956
2026-08-31T18:37:02.774567,2.066727,-0.032696,-0.032086,0.988200
2026-08-31T18:37:02.805127,2.097287,-0.032330,-0.032696,0.988200
2026-08-31T18:37:02.835298,2.127458,-0.032452,-0.032208,0.987956
2026-08-31T18:37:02.835385,2.127545,-0.032452,-0.032086,0.987468
2026-08-31T18:37:02.865488,2.157648,-0.032818,-0.032208,0.988200
2026-08-31T18:37:02.865577,2.157737,-0.032574,-0.032086,0.988078
2026-08-31T18:37:02.894182,2.186342,-0.032330,-0.031964,0.988200
2026-08-31T18:37:02.922548,2.214708,-0.032818,-0.031720,0.987834
2026-08-31T18:37:02.953723,2.245883,-0.032208,-0.032086,0.988200
2026-08-31T18:37:02.953810,2.245970,-0.032330,-0.031964,0.988200
2026-08-31T18:37:02.982001,2.274161,-0.032452,-0.032208,0.987956
2026-08-31T18:37:03.012750,2.304910,-0.032208,-0.031964,0.987834
2026-08-31T18:37:03.042579,2.334739,-0.032940,-0.031964,0.988688
2026-08-31T18:37:03.045624,2.337784,-0.032330,-0.032330,0.988322
2026-08-31T18:37:03.075556,2.367716,-0.032330,-0.032208,0.987834
2026-08-31T18:37:03.075642,2.367802,-0.031964,-0.032330,0.987956
2026-08-31T18:37:03.103934,2.396094,-0.032940,-0.031964,0.988322
2026-08-31T18:37:03.134952,2.427112,-0.032818,-0.032330,0.987956
2026-08-31T18:37:03.135046,2.427206,-0.032330,-0.032086,0.988688
2026-08-31T18:37:03.164472,2.456632,-0.032330,-0.032208,0.988078
2026-08-31T18:37:03.192437,2.484597,-0.032574,-0.032208,0.988810
2026-08-31T18:37:03.223045,2.515205,-0.032330,-0.032574,0.987834
2026-08-31T18:37:03.223108,2.515268,-0.032818,-0.032208,0.988078
2026-08-31T18:37:03.251483,2.543643,-0.032330,-0.031964,0.987956
2026-08-31T18:37:03.283062,2.575222,-0.032452,-0.032086,0.988322
2026-08-31T18:37:03.283854,2.576014,-0.032330,-0.031842,0.988322
2026-08-31T18:37:03.314553,2.606713,-0.032696,-0.032086,0.987712
2026-08-31T18:37:03.345667,2.637827,-0.032452,-0.031964,0.987712
2026-08-31T18:37:03.346257,2.638417,-0.033184,-0.031598,0.987956
2026-08-31T18:37:03.374133,2.666293,-0.032818,-0.032208,0.988200
2026-08-31T18:37:03.403462,2.695622,-0.033306,-0.031720,0.987712
2026-08-31T18:37:03.433193,2.725353,-0.033062,-0.032452,0.987834
2026-08-31T18:37:03.433287,2.725447,-0.033062,-0.032452,0.987834
2026-08-31T18:37:03.463037,2.755197,-0.032208,-0.032086,0.988200
2026-08-31T18:37:03.463121,2.755281,-0.032696,-0.031842,0.988322
2026-08-31T18:37:03.491497,2.783657,-0.032574,-0.031598,0.988322
2026-08-31T18:37:03.522384,2.814544,-0.032818,-0.031964,0.987712
2026-08-31T18:37:03.553981,2.846141,-0.032452,-0.031842,0.987590
2026-08-31T18:37:03.554073,2.846233,-0.032574,-0.032330,0.988444
2026-08-31T18:37:03.581889,2.874049,-0.032330,-0.031964,0.988444
2026-08-31T18:37:03.613721,2.905881,-0.032330,-0.032574,0.987834
2026-08-31T18:37:03.613812,2.905972,-0.032086,-0.031598,0.987834
2026-08-31T18:37:03.642808,2.934968,-0.032330,-0.031964,0.988200
2026-08-31T18:37:03.673201,2.965361,-0.032330,-0.032086,0.987956
2026-08-31T18:37:03.673284,2.965444,-0.032696,-0.031720,0.987712
2026-08-31T18:37:03.701806,2.993966,-0.032574,-0.032086,0.988566
2026-08-31T18:37:03.732708,3.024868,-0.031842,-0.031842,0.988078
2026-08-31T18:37:03.763681,3.055841,-0.032330,-0.031964,0.988688
2026-08-31T18:37:03.763778,3.055938,-0.032208,-0.031842,0.988444
2026-08-31T18:37:03.791775,3.083935,-0.032940,-0.031964,0.987956
2026-08-31T18:37:03.824357,3.116517,-0.032940,-0.032208,0.988444
2026-08-31T18:37:03.824420,3.116580,-0.033062,-0.031964,0.988322
2026-08-31T18:37:03.851553,3.143713,-0.032086,-0.032208,0.987834
2026-08-31T18:37:03.883683,3.175843,-0.031720,-0.032208,0.988200
2026-08-31T18:37:03.883769,3.175929,-0.032330,-0.031598,0.987224
2026-08-31T18:37:03.911578,3.203738,-0.032452,-0.032330,0.987590
2026-08-31T18:37:03.943133,3.235293,-0.032940,-0.031598,0.988322
2026-08-31T18:37:03.943199,3.235359,-0.032330,-0.032452,0.988200
2026-08-31T18:37:03.972306,3.264466,-0.032086,-0.031964,0.988200
2026-08-31T18:37:04.002635,3.294795,-0.032574,-0.031598,0.988200
2026-08-31T18:37:04.032762,3.324922,-0.032818,-0.032330,0.988200
2026-08-31T18:37:04.033979,3.326139,-0.031964,-0.032086,0.987834
2026-08-31T18:37:04.065251,3.357411,-0.032696,-0.032086,0.988200
2026-08-31T18:37:04.065313,3.357473,-0.032330,-0.032086,0.988810
2026-08-31T18:37:04.094357,3.386517,-0.032330,-0.031476,0.988200
2026-08-31T18:37:04.123414,3.415574,-0.032696,-0.031720,0.988322
2026-08-31T18:37:04.123478,3.415638,-0.032208,-0.031964,0.988200
2026-08-31T18:37:04.152158,3.444318,-0.032330,-0.032452,0.988444
2026-08-31T18:37:04.182711,3.474871,-0.032452,-0.032208,0.987956
2026-08-31T18:37:04.213452,3.505612,-0.032330,-0.031842,0.988932
2026-08-31T18:37:04.213546,3.505706,-0.032818,-0.032452,0.988200
2026-08-31T18:37:04.242072,3.534232,-0.032696,-0.032208,0.988688
2026-08-31T18:37:04.272609,3.564769,-0.032330,-0.031720,0.988078
2026-08-31T18:37:04.303283,3.595443,-0.032574,-0.032086,0.988322
2026-08-31T18:37:04.303379,3.595539,-0.032208,-0.031720,0.988078
2026-08-31T18:37:04.331970,3.624130,-0.032574,-0.032086,0.988200
2026-08-31T18:37:04.363038,3.655198,-0.032940,-0.031354,0.987834
2026-08-31T18:37:04.363129,3.655289,-0.032330,-0.032208,0.988322
2026-08-31T18:37:04.392217,3.684377,-0.033184,-0.032330,0.988444
2026-08-31T18:37:04.423190,3.715350,-0.032818,-0.031476,0.987590
2026-08-31T18:37:04.423254,3.715414,-0.032452,-0.032330,0.988444
2026-08-31T18:37:04.451448,3.743608,-0.032818,-0.031964,0.988078
2026-08-31T18:37:04.483277,3.775437,-0.032696,-0.032330,0.987834
2026-08-31T18:37:04.483370,3.775530,-0.032574,-0.032452,0.988566
2026-08-31T18:37:04.512260,3.804420,-0.032696,-0.031964,0.988688
2026-08-31T18:37:04.513625,3.805785,-0.032574,-0.032452,0.988200
2026-08-31T18:37:04.542112,3.834272,-0.033184,-0.032452,0.988200
2026-08-31T18:37:04.572396,3.864556,-0.032208,-0.032208,0.988444
2026-08-31T18:37:04.603962,3.896122,-0.032208,-0.032086,0.987834
2026-08-31T18:37:04.604046,3.896206,-0.032696,-0.031720,0.987834
2026-08-31T18:37:04.632308,3.924468,-0.032574,-0.032086,0.988322
2026-08-31T18:37:04.663093,3.955253,-0.032696,-0.031964,0.987834
2026-08-31T18:37:04.663184,3.955344,-0.032452,-0.031964,0.987468
2026-08-31T18:37:04.691630,3.983790,-0.032086,-0.032086,0.988200
2026-08-31T18:37:04.723283,4.015443,-0.032330,-0.032086,0.987834
2026-08-31T18:37:04.753218,4.045378,-0.032452,-0.032208,0.987834
2026-08-31T18:37:04.753306,4.045466,-0.032452,-0.031964,0.988078
2026-08-31T18:37:04.783189,4.075349,-0.032696,-0.032330,0.988200
2026-08-31T18:37:04.783289,4.075449,-0.032696,-0.031964,0.988322
2026-08-31T18:37:04.811560,4.103720,-0.032696,-0.032696,0.987834
2026-08-31T18:37:04.841914,4.134074,-0.032086,-0.032086,0.988444
2026-08-31T18:37:04.873686,4.165846,-0.032330,-0.031964,0.988688
2026-08-31T18:37:04.873768,4.165928,-0.032330,-0.032086,0.987224
2026-08-31T18:37:04.901847,4.194007,-0.032818,-0.031964,0.987956
2026-08-31T18:37:04.933730,4.225890,-0.032086,-0.032330,0.988078
2026-08-31T18:37:04.933812,4.225972,-0.032574,-0.032086,0.987956
2026-08-31T18:37:04.961672,4.253832,-0.032330,-0.032696,0.988444
2026-08-31T18:37:04.993551,4.285711,-0.033306,-0.032208,0.987834
2026-08-31T18:37:04.993618,4.285778,-0.032696,-0.031842,0.988322
2026-08-31T18:37:05.022420,4.314580,-0.032574,-0.031964,0.988322
2026-08-31T18:37:05.053365,4.345525,-0.032086,-0.032086,0.988078
2026-08-31T18:37:05.053462,4.345622,-0.032940,-0.031964,0.988078
2026-08-31T18:37:05.081784,4.373944,-0.032696,-0.032452,0.988078
2026-08-31T18:37:05.113608,4.405768,-0.032452,-0.032208,0.987956
2026-08-31T18:37:05.113693,4.405853,-0.032208,-0.032452,0.987834
2026-08-31T18:37:05.144405,4.436565,-0.032086,-0.032330,0.988078
2026-08-31T18:37:05.175274,4.467434,-0.031964,-0.031720,0.987834
2026-08-31T18:37:05.175475,4.467635,-0.032330,-0.032208,0.988566
2026-08-31T18:37:05.205581,4.497741,-0.031842,-0.032330,0.988200
2026-08-31T18:37:05.263379,4.555539,-0.031964,-0.031842,0.988566
2026-08-31T18:37:05.263473,4.555633,-0.032818,-0.032208,0.988810
2026-08-31T18:37:05.264559,4.556719,-0.032696,-0.032208,0.988078
2026-08-31T18:37:05.294260,4.586420,-0.032940,-0.032208,0.988322
2026-08-31T18:37:05.353355,4.645515,-0.032574,-0.032574,0.987834
2026-08-31T18:37:05.353440,4.645600,-0.032086,-0.031720,0.987712
2026-08-31T18:37:05.354627,4.646787,-0.032330,-0.032208,0.987468
2026-08-31T18:37:05.385721,4.677881,-0.032208,-0.031964,0.987468
2026-08-31T18:37:05.385799,4.677959,-0.032574,-0.031842,0.987834
2026-08-31T18:37:05.414513,4.706673,-0.032818,-0.032086,0.987712
2026-08-31T18:37:05.445318,4.737478,-0.032940,-0.031720,0.987956
2026-08-31T18:37:05.445383,4.737543,-0.032452,-0.032086,0.988444
2026-08-31T18:37:05.474981,4.767141,-0.032086,-0.031598,0.987712
2026-08-31T18:37:05.505586,4.797746,-0.032208,-0.032330,0.987956
2026-08-31T18:37:05.505734,4.797894,-0.032574,-0.032086,0.988444
2026-08-31T18:37:05.533081,4.825241,-0.031598,-0.031964,0.987956
2026-08-31T18:37:05.562747,4.854907,-0.032330,-0.032330,0.988078
2026-08-31T18:37:05.562828,4.854988,-0.032818,-0.031720,0.988322
2026-08-31T18:37:05.592898,4.885058,-0.032696,-0.032086,0.987956
2026-08-31T18:37:05.625844,4.918004,-0.032452,-0.032818,0.988078
2026-08-31T18:37:05.625899,4.918059,-0.032086,-0.031476,0.987712
2026-08-31T18:37:05.654635,4.946795,-0.032696,-0.032086,0.988200
2026-08-31T18:37:05.685423,4.977583,-0.032208,-0.032086,0.987834
2026-08-31T18:37:05.685522,4.977682,-0.032696,-0.032574,0.987956
2026-08-31T18:37:05.714648,5.006808,-0.032452,-0.032330,0.988078
2026-08-31T18:37:05.744846,5.037006,-0.032696,-0.031842,0.988688
2026-08-31T18:37:05.744910,5.037070,-0.032818,-0.031842,0.988688
2026-08-31T18:37:05.772585,5.064745,-0.032574,-0.032330,0.988200
2026-08-31T18:37:05.803300,5.095460,-0.032574,-0.031964,0.987956
2026-08-31T18:37:05.803395,5.095555,-0.032574,-0.032086,0.988200
2026-08-31T18:37:05.832108,5.124268,-0.032696,-0.032086,0.987712
2026-08-31T18:37:05.862674,5.154834,-0.032574,-0.032086,0.987956
2026-08-31T18:37:05.892734,5.184894,-0.032452,-0.032086,0.987712
2026-08-31T18:37:05.892823,5.184983,-0.032574,-0.032208,0.988322
2026-08-31T18:37:05.923043,5.215203,-0.032208,-0.032330,0.987834
2026-08-31T18:37:05.923125,5.215285,-0.032574,-0.032086,0.987346
2026-08-31T18:37:05.951865,5.244025,-0.032330,-0.031598,0.988078
2026-08-31T18:37:05.983258,5.275418,-0.032330,-0.032086,0.987712
2026-08-31T18:37:05.985015,5.277175,-0.032208,-0.031598,0.988200
2026-08-31T18:37:06.014052,5.306212,-0.032452,-0.032208,0.988566
2026-08-31T18:37:06.044307,5.336467,-0.032696,-0.032086,0.987956
2026-08-31T18:37:06.075164,5.367324,-0.032940,-0.031720,0.988322
2026-08-31T18:37:06.075224,5.367384,-0.032940,-0.032086,0.988078
2026-08-31T18:37:06.105968,5.398128,-0.032330,-0.031964,0.988078
2026-08-31T18:37:06.135466,5.427626,-0.032818,-0.032452,0.988078
2026-08-31T18:37:06.135571,5.427731,-0.032452,-0.032208,0.988322
2026-08-31T18:37:06.164670,5.456830,-0.032696,-0.032208,0.988444
2026-08-31T18:37:06.192729,5.484889,-0.032696,-0.032452,0.988810
2026-08-31T18:37:06.222749,5.514909,-0.032330,-0.031720,0.988444
2026-08-31T18:37:06.222798,5.514958,-0.032574,-0.031964,0.988078
2026-08-31T18:37:06.252864,5.545024,-0.032818,-0.031842,0.988078
2026-08-31T18:37:06.252931,5.545091,-0.032574,-0.032330,0.988078
2026-08-31T18:37:06.281983,5.574143,-0.033062,-0.031842,0.987590
2026-08-31T18:37:06.312714,5.604874,-0.032940,-0.032452,0.987956
2026-08-31T18:37:06.343488,5.635648,-0.032330,-0.032208,0.988810
2026-08-31T18:37:06.343553,5.635713,-0.032452,-0.031964,0.988566
2026-08-31T18:37:06.372892,5.665052,-0.032574,-0.031842,0.988444
2026-08-31T18:37:06.403806,5.695966,-0.032330,-0.031842,0.988200
2026-08-31T18:37:06.403883,5.696043,-0.032208,-0.032208,0.988444
2026-08-31T18:37:06.431991,5.724151,-0.032452,-0.031964,0.987834
2026-08-31T18:37:06.464030,5.756190,-0.032696,-0.032574,0.987468
2026-08-31T18:37:06.464112,5.756272,-0.032940,-0.031964,0.987956
2026-08-31T18:37:06.492102,5.784262,-0.032574,-0.032086,0.988078
2026-08-31T18:37:06.523720,5.815880,-0.031842,-0.032574,0.987834
2026-08-31T18:37:06.523803,5.815963,-0.032330,-0.032330,0.987834
2026-08-31T18:37:06.552854,5.845014,-0.032208,-0.032086,0.988322
2026-08-31T18:37:06.582059,5.874219,-0.032086,-0.032208,0.988078
2026-08-31T18:37:06.615593,5.907753,-0.032696,-0.031842,0.988322
2026-08-31T18:37:06.615685,5.907845,-0.032452,-0.032086,0.988322
2026-08-31T18:37:06.644545,5.936705,-0.032452,-0.031964,0.987712
2026-08-31T18:37:06.675179,5.967339,-0.032696,-0.031598,0.988444
2026-08-31T18:37:06.675256,5.967416,-0.033062,-0.031964,0.988444
2026-08-31T18:37:06.704832,5.996992,-0.032696,-0.032086,0.988200
2026-08-31T18:37:06.733294,6.025454,-0.032940,-0.032452,0.988444
2026-08-31T18:37:06.735202,6.027362,-0.032452,-0.031720,0.988322
2026-08-31T18:37:06.764606,6.056766,-0.032696,-0.031354,0.987712
2026-08-31T18:37:06.793803,6.085963,-0.032086,-0.031964,0.988200
2026-08-31T18:37:06.794097,6.086257,-0.032452,-0.032086,0.988688
2026-08-31T18:37:06.822957,6.115117,-0.032818,-0.031476,0.988444
2026-08-31T18:37:06.852950,6.145110,-0.032574,-0.032208,0.988322
2026-08-31T18:37:06.854420,6.146580,-0.032208,-0.032574,0.988078
2026-08-31T18:37:06.884578,6.176738,-0.032696,-0.032696,0.988444
2026-08-31T18:37:06.913546,6.205706,-0.032574,-0.032330,0.987834
2026-08-31T18:37:06.913634,6.205794,-0.032574,-0.032452,0.988566
2026-08-31T18:37:06.942685,6.234845,-0.032574,-0.031964,0.988200
2026-08-31T18:37:07.033259,6.325419,-0.032330,-0.031354,0.987346
2026-08-31T18:37:07.036190,6.328350,-0.031964,-0.032574,0.987712
2026-08-31T18:37:07.036393,6.328553,-0.033062,-0.032208,0.987956
2026-08-31T18:37:07.036446,6.328606,-0.032086,-0.032330,0.987834
2026-08-31T18:37:07.065589,6.357749,-0.031720,-0.031720,0.988444
2026-08-31T18:37:07.065681,6.357841,-0.031964,-0.032086,0.988322
2026-08-31T18:37:07.094369,6.386529,-0.032696,-0.031964,0.987834
2026-08-31T18:37:07.125752,6.417912,-0.032452,-0.032208,0.988078
2026-08-31T18:37:07.125837,6.417997,-0.032452,-0.032574,0.987590
2026-08-31T18:37:07.154991,6.447151,-0.032452,-0.032086,0.988200
2026-08-31T18:37:07.184605,6.476765,-0.032818,-0.032330,0.988810
2026-08-31T18:37:07.215590,6.507750,-0.032696,-0.032330,0.987956
2026-08-31T18:37:07.215680,6.507840,-0.032330,-0.032086,0.987468
2026-08-31T18:37:07.244573,6.536733,-0.031964,-0.031842,0.987468
2026-08-31T18:37:07.275362,6.567522,-0.032452,-0.032330,0.988444
2026-08-31T18:37:07.275430,6.567590,-0.032696,-0.031598,0.988078
2026-08-31T18:37:07.304994,6.597154,-0.032452,-0.031720,0.987834
2026-08-31T18:37:07.335277,6.627437,-0.032452,-0.032086,0.987712
2026-08-31T18:37:07.335366,6.627526,-0.032696,-0.031842,0.988810
2026-08-31T18:37:07.364673,6.656833,-0.032696,-0.032086,0.988200
2026-08-31T18:37:07.395227,6.687387,-0.032696,-0.031964,0.988078
2026-08-31T18:37:07.395293,6.687453,-0.032330,-0.031964,0.988322
2026-08-31T18:37:07.426447,6.718607,-0.032208,-0.031598,0.988688
2026-08-31T18:37:07.452840,6.745000,-0.032330,-0.031598,0.987712
2026-08-31T18:37:07.452875,6.745035,-0.032330,-0.031720,0.988200
2026-08-31T18:37:07.481850,6.774010,-0.032452,-0.031964,0.988322
2026-08-31T18:37:07.512805,6.804965,-0.032940,-0.031598,0.987834
2026-08-31T18:37:07.512851,6.805011,-0.033062,-0.031842,0.988200
2026-08-31T18:37:07.541887,6.834047,-0.032086,-0.032330,0.988078
2026-08-31T18:37:07.574050,6.866210,-0.033062,-0.032208,0.988444
2026-08-31T18:37:07.574131,6.866291,-0.032696,-0.032330,0.987956
2026-08-31T18:37:07.602167,6.894327,-0.032818,-0.031720,0.988078
2026-08-31T18:37:07.633847,6.926007,-0.032818,-0.032208,0.988566
2026-08-31T18:37:07.633936,6.926096,-0.032696,-0.031476,0.988200
2026-08-31T18:37:07.661750,6.953910,-0.031842,-0.032208,0.987834
2026-08-31T18:37:07.692552,6.984712,-0.031842,-0.032086,0.988444
2026-08-31T18:37:07.724365,7.016525,-0.032818,-0.031720,0.988078
2026-08-31T18:37:07.724419,7.016579,-0.032696,-0.032086,0.988078
2026-08-31T18:37:07.755063,7.047223,-0.032208,-0.031598,0.987834
2026-08-31T18:37:07.785056,7.077216,-0.032452,-0.031842,0.987712
2026-08-31T18:37:07.815678,7.107838,-0.031720,-0.032574,0.988444
2026-08-31T18:37:07.815761,7.107921,-0.032696,-0.032208,0.988078
2026-08-31T18:37:07.844725,7.136885,-0.032086,-0.031598,0.987834
2026-08-31T18:37:07.875538,7.167698,-0.032208,-0.032086,0.988932
2026-08-31T18:37:07.875603,7.167763,-0.032574,-0.031964,0.987834
2026-08-31T18:37:07.904909,7.197069,-0.032818,-0.032208,0.987468
2026-08-31T18:37:07.935474,7.227634,-0.032208,-0.032086,0.988444
2026-08-31T18:37:07.935579,7.227739,-0.032818,-0.032330,0.988200
2026-08-31T18:37:07.964458,7.256618,-0.032696,-0.031842,0.987834
2026-08-31T18:37:07.994055,7.286215,-0.031964,-0.031842,0.988566
2026-08-31T18:37:07.994128,7.286288,-0.032452,-0.032086,0.987590
2026-08-31T18:37:08.022379,7.314539,-0.032086,-0.031964,0.987834
2026-08-31T18:37:08.052535,7.344695,-0.032574,-0.032086,0.988444
2026-08-31T18:37:08.083552,7.375712,-0.032452,-0.031720,0.988688
2026-08-31T18:37:08.083639,7.375799,-0.032940,-0.031720,0.988078
2026-08-31T18:37:08.111819,7.403979,-0.032696,-0.031964,0.988200
2026-08-31T18:37:08.143270,7.435430,-0.032818,-0.032330,0.988322
2026-08-31T18:37:08.143332,7.435492,-0.032330,-0.032208,0.988078
2026-08-31T18:37:08.176215,7.468375,-0.034770,-0.031964,0.988322
2026-08-31T18:37:08.176289,7.468449,-0.030012,-0.032696,0.989420
2026-08-31T18:37:08.202041,7.494201,-0.032696,-0.032330,0.988688
2026-08-31T18:37:08.233807,7.525967,-0.032696,-0.031476,0.987834
2026-08-31T18:37:08.233888,7.526048,-0.032696,-0.032452,0.988566
2026-08-31T18:37:08.261703,7.553863,-0.032818,-0.031720,0.988566
2026-08-31T18:37:08.292858,7.585018,-0.032208,-0.032086,0.988078
2026-08-31T18:37:08.323673,7.615833,-0.032818,-0.031354,0.987834
2026-08-31T18:37:08.352735,7.644895,-0.035746,-0.030744,0.991738
2026-08-31T18:37:08.353648,7.645808,-0.026352,-0.034160,0.983442
2026-08-31T18:37:08.383635,7.675795,-0.032818,-0.033184,0.988322
2026-08-31T18:37:08.383725,7.675885,-0.030744,-0.030378,0.988566
2026-08-31T18:37:08.411447,7.703607,-0.031720,-0.031842,0.989176
2026-08-31T18:37:08.443895,7.736055,-0.031964,-0.032330,0.988688
2026-08-31T18:37:08.474799,7.766959,-0.031964,-0.032330,0.988810
2026-08-31T18:37:08.474963,7.767123,-0.034526,-0.031598,0.987468
2026-08-31T18:37:08.502630,7.794790,-0.029036,-0.033062,0.988810
2026-08-31T18:37:08.533949,7.826109,-0.033306,-0.031476,0.987346
2026-08-31T18:37:08.534035,7.826195,-0.033428,-0.031354,0.988200
2026-08-31T18:37:08.562108,7.854268,-0.033428,-0.031720,0.987102
2026-08-31T18:37:08.593113,7.885273,-0.031720,-0.031476,0.989542
2026-08-31T18:37:08.654096,7.946256,-0.035258,-0.033672,0.985638
2026-08-31T18:37:08.654268,7.946428,-0.033062,-0.031598,0.989054
2026-08-31T18:37:08.654308,7.946468,-0.028914,-0.031720,0.988932
2026-08-31T18:37:08.681963,7.974123,-0.033184,-0.031842,0.988078
2026-08-31T18:37:08.713936,8.006096,-0.032452,-0.032452,0.988688
2026-08-31T18:37:08.714010,8.006170,-0.032940,-0.031110,0.988444
2026-08-31T18:37:08.742430,8.034590,-0.032452,-0.032208,0.988078
2026-08-31T18:37:08.773921,8.066081,-0.033062,-0.031720,0.988078
2026-08-31T18:37:08.803899,8.096059,-0.032452,-0.032086,0.988444
2026-08-31T18:37:08.803981,8.096141,-0.033306,-0.031720,0.988566
2026-08-31T18:37:08.832186,8.124346,-0.032696,-0.031842,0.987956
2026-08-31T18:37:08.863459,8.155619,-0.032330,-0.031964,0.988322
2026-08-31T18:37:08.864405,8.156565,-0.032086,-0.032086,0.987834
2026-08-31T18:37:08.894328,8.186488,-0.034160,-0.031964,0.985516
2026-08-31T18:37:08.924624,8.216784,-0.032574,-0.033184,0.986126
2026-08-31T18:37:08.924705,8.216865,-0.033184,-0.031720,0.987712
2026-08-31T18:37:08.952257,8.244417,-0.032208,-0.031720,0.988322
2026-08-31T18:37:08.983408,8.275568,-0.032574,-0.032208,0.987712
2026-08-31T18:37:08.984456,8.276616,-0.032940,-0.031842,0.988200
2026-08-31T18:37:09.014396,8.306556,-0.033428,-0.031232,0.987468
2026-08-31T18:37:09.045246,8.337406,-0.033550,-0.032818,0.988322
2026-08-31T18:37:09.075859,8.368019,-0.033062,-0.032086,0.988200
2026-08-31T18:37:09.075951,8.368111,-0.033672,-0.032330,0.987468
2026-08-31T18:37:09.104292,8.396452,-0.033550,-0.032696,0.986736
2026-08-31T18:37:09.135277,8.427437,-0.026596,-0.027084,0.998936
2026-08-31T18:37:09.135353,8.427513,-0.036844,-0.036722,0.990030
2026-08-31T18:37:09.164162,8.456322,-0.035380,-0.033184,0.978196
2026-08-31T18:37:09.193746,8.485906,-0.032086,-0.032696,0.988688
2026-08-31T18:37:09.193812,8.485972,-0.031598,-0.031964,0.986980
2026-08-31T18:37:09.222757,8.514917,-0.035136,-0.031110,0.987956
2026-08-31T18:37:09.225744,8.517904,-0.031232,-0.032574,0.989054
2026-08-31T18:37:09.254842,8.547002,-0.031354,-0.032330,0.989054
2026-08-31T18:37:09.283189,8.575349,-0.030866,-0.032452,0.988566
2026-08-31T18:37:09.312958,8.605118,-0.032940,-0.031720,0.987590
2026-08-31T18:37:09.313029,8.605189,-0.032330,-0.031598,0.987346
2026-08-31T18:37:09.342268,8.634428,-0.032696,-0.031232,0.987590
2026-08-31T18:37:09.374639,8.666799,-0.034892,-0.031476,0.986004
2026-08-31T18:37:09.374725,8.666885,-0.033306,-0.031476,0.988200
2026-08-31T18:37:09.402129,8.694289,-0.032208,-0.031964,0.989420
2026-08-31T18:37:09.433954,8.726114,-0.031476,-0.031964,0.988200
2026-08-31T18:37:09.434033,8.726193,-0.031964,-0.031842,0.987834
2026-08-31T18:37:09.462387,8.754547,-0.032086,-0.031964,0.988322
2026-08-31T18:37:09.493890,8.786050,-0.032696,-0.031598,0.988078
2026-08-31T18:37:09.493967,8.786127,-0.032696,-0.032208,0.988078
2026-08-31T18:37:09.522089,8.814249,-0.032086,-0.031842,0.987590
2026-08-31T18:37:09.552884,8.845044,-0.032696,-0.032208,0.987346
2026-08-31T18:37:09.583666,8.875826,-0.031964,-0.032208,0.988810
2026-08-31T18:37:09.583729,8.875889,-0.032208,-0.031598,0.988444
2026-08-31T18:37:09.612977,8.905137,-0.032940,-0.031720,0.987468
2026-08-31T18:37:09.613044,8.905204,-0.036600,-0.030744,0.986980
2026-08-31T18:37:09.644900,8.937060,-0.043188,-0.028304,0.988200
2026-08-31T18:37:09.672136,8.964296,-0.071248,-0.012444,0.972584
2026-08-31T18:37:09.703905,8.996065,-0.096136,-0.025986,0.997106
2026-08-31T18:37:09.703987,8.996147,-0.096014,-0.001708,0.986858
2026-08-31T18:37:09.732120,9.024280,0.058682,-0.069052,1.012722
2026-08-31T18:37:09.762562,9.054722,0.006954,-0.040870,0.985516
2026-08-31T18:37:09.795217,9.087377,-0.024034,-0.036722,0.994910
2026-08-31T18:37:09.795276,9.087436,-0.026108,-0.030378,0.976488
2026-08-31T18:37:09.821980,9.114140,-0.030988,-0.032696,0.984662
2026-08-31T18:37:09.852480,9.144640,-0.028426,-0.034282,0.987346
2026-08-31T18:37:09.853770,9.145930,-0.032818,-0.032086,0.983808
2026-08-31T18:37:09.882624,9.174784,-0.032330,-0.032574,0.989786
2026-08-31T18:37:09.913406,9.205566,-0.035502,-0.030500,0.986370
2026-08-31T18:37:09.913477,9.205637,-0.056852,-0.028548,0.987224
2026-08-31T18:37:09.943433,9.235593,-0.040382,-0.029646,0.991372
2026-08-31T18:37:09.943498,9.235658,-0.033916,-0.031964,0.986858
2026-08-31T18:37:09.971956,9.264116,-0.036356,-0.033672,0.983686
2026-08-31T18:37:10.002968,9.295128,-0.044408,-0.027938,0.987834
2026-08-31T18:37:10.033926,9.326086,-0.048434,-0.028304,0.985760
2026-08-31T18:37:10.034009,9.326169,-0.049532,-0.023790,0.977708
2026-08-31T18:37:10.062162,9.354322,-0.062220,-0.024766,0.984296
2026-08-31T18:37:10.093361,9.385521,-0.031720,-0.033306,0.998936
2026-08-31T18:37:10.123513,9.415673,0.034160,-0.042700,0.995520
2026-08-31T18:37:10.123589,9.415749,-0.028304,-0.035258,0.990884
2026-08-31T18:37:10.151832,9.443992,-0.032818,-0.034404,0.987834
2026-08-31T18:37:10.183547,9.475707,-0.031842,-0.032452,0.987590
2026-08-31T18:37:10.183615,9.475775,-0.029280,-0.032696,0.986248
2026-08-31T18:37:10.212589,9.504749,-0.031598,-0.031354,0.984174
2026-08-31T18:37:10.244037,9.536197,-0.033672,-0.031110,0.986126
2026-08-31T18:37:10.244123,9.536283,-0.037088,-0.030012,0.988200
2026-08-31T18:37:10.274711,9.566871,-0.043432,-0.028914,0.986614
2026-08-31T18:37:10.304639,9.596799,-0.035502,-0.031232,0.988322
2026-08-31T18:37:10.334115,9.626275,-0.031842,-0.032574,0.991860
2026-08-31T18:37:10.334196,9.626356,-0.031476,-0.031720,0.988810
2026-08-31T18:37:10.362713,9.654873,-0.033062,-0.031964,0.990152
2026-08-31T18:37:10.393243,9.685403,-0.033428,-0.030378,0.985272
2026-08-31T18:37:10.393303,9.685463,-0.033794,-0.031110,0.987590
2026-08-31T18:37:10.422017,9.714177,-0.030378,-0.032574,0.987590
2026-08-31T18:37:10.453910,9.746070,-0.034038,-0.031110,0.987346
2026-08-31T18:37:10.454001,9.746161,-0.034770,-0.031354,0.987224
2026-08-31T18:37:10.482029,9.774189,-0.033550,-0.032208,0.987956
2026-08-31T18:37:10.513700,9.805860,-0.030256,-0.033550,0.991250
2026-08-31T18:37:10.513771,9.805931,-0.029036,-0.033184,0.989786
2026-08-31T18:37:10.543401,9.835561,-0.029890,-0.032696,0.990152
2026-08-31T18:37:10.573919,9.866079,-0.030866,-0.033794,0.990640
2026-08-31T18:37:10.574005,9.866165,-0.032330,-0.032086,0.985028
2026-08-31T18:37:10.603375,9.895535,-0.033062,-0.030500,0.984906
2026-08-31T18:37:10.603462,9.895622,-0.032574,-0.031598,0.987590
2026-08-31T18:37:10.631862,9.924022,-0.035136,-0.032208,0.987712
2026-08-31T18:37:10.664225,9.956385,-0.035624,-0.030256,0.987590
2026-08-31T18:37:10.693827,9.985987,-0.034526,-0.031110,0.986004
2026-08-31T18:37:10.693892,9.986052,-0.032940,-0.031598,0.987590
2026-08-31T18:37:10.721984,10.014144,-0.030500,-0.031964,0.988444
2026-08-31T18:37:10.753982,10.046142,-0.029280,-0.033184,0.988200
2026-08-31T18:37:10.754072,10.046232,-0.025864,-0.033794,0.988078
2026-08-31T18:37:10.782061,10.074221,-0.018056,-0.038308,0.987956
2026-08-31T18:37:10.812947,10.105107,-0.024522,-0.032452,0.987590
2026-08-31T18:37:10.843,10.135160,-0.056120,-0.025132,0.987468
2026-08-31T18:37:10.844196,10.136356,-0.050142,-0.028304,0.987346
2026-08-31T18:37:10.874172,10.166332,-0.075762,-0.023424,0.971852
2026-08-31T18:37:10.903040,10.195200,-0.136518,0.008906,0.946476
2026-08-31T18:37:10.904441,10.196601,-0.281820,0.027450,1.003450
2026-08-31T18:37:10.934473,10.226633,0.338550,-0.166652,1.110688
2026-08-31T18:37:10.963584,10.255744,0.039772,-0.022204,0.969900
2026-08-31T18:37:10.964472,10.256632,-0.034648,-0.029280,0.964776
2026-08-31T18:37:10.994674,10.286834,-0.037088,-0.028304,0.980148
2026-08-31T18:37:11.025827,10.317987,-0.033672,-0.031476,0.980026
2026-08-31T18:37:11.025926,10.318086,-0.024766,-0.033428,0.985028
2026-08-31T18:37:11.054795,10.346955,-0.017934,-0.034770,0.990152
2026-08-31T18:37:11.083546,10.375706,-0.010614,-0.037454,0.986126
2026-08-31T18:37:11.084610,10.376770,-0.034038,-0.034404,0.984052
2026-08-31T18:37:11.114301,10.406461,-0.037942,-0.028060,0.989786
2026-08-31T18:37:11.144615,10.436775,-0.067954,-0.022204,0.988688
2026-08-31T18:37:11.145605,10.437765,-0.039528,-0.029768,0.982588
2026-08-31T18:37:11.174970,10.467130,-0.027450,-0.029524,0.988444
2026-08-31T18:37:11.204716,10.496876,-0.042212,-0.031598,0.989908
2026-08-31T18:37:11.234091,10.526251,-0.034892,-0.032940,0.990030
2026-08-31T18:37:11.234179,10.526339,-0.034282,-0.033062,0.989908
2026-08-31T18:37:11.262134,10.554294,-0.035136,-0.031232,0.985882
2026-08-31T18:37:11.293298,10.585458,-0.034770,-0.031354,0.985760
2026-08-31T18:37:11.293340,10.585500,-0.035868,-0.031598,0.986614
2026-08-31T18:37:11.322355,10.614515,-0.036844,-0.031720,0.987224
2026-08-31T18:37:11.324548,10.616708,-0.040992,-0.028060,0.981490
2026-08-31T18:37:11.352643,10.644803,-0.038674,-0.030134,0.983076
2026-08-31T18:37:11.383927,10.676087,-0.023180,-0.033672,0.995154
2026-08-31T18:37:11.384016,10.676176,-0.017446,-0.036356,0.996130
2026-08-31T18:37:11.412176,10.704336,-0.028426,-0.032818,0.992958
2026-08-31T18:37:11.443470,10.735630,-0.032452,-0.030744,0.982954
2026-08-31T18:37:11.473223,10.765383,-0.033428,-0.033062,0.989298
2026-08-31T18:37:11.473300,10.765460,-0.032818,-0.032330,0.987712
2026-08-31T18:37:11.503417,10.795577,-0.030988,-0.032208,0.989542
2026-08-31T18:37:11.533362,10.825522,-0.031110,-0.031720,0.987712
2026-08-31T18:37:11.533450,10.825610,-0.032330,-0.031720,0.987956
2026-08-31T18:37:11.562929,10.855089,-0.034770,-0.028426,0.990640
2026-08-31T18:37:11.592893,10.885053,-0.029280,-0.034648,0.984662
2026-08-31T18:37:11.592955,10.885115,-0.032574,-0.030378,0.987834
2026-08-31T18:37:11.623655,10.915815,-0.030622,-0.033062,0.985760
2026-08-31T18:37:11.653508,10.945668,-0.025620,-0.034282,0.985272
2026-08-31T18:37:11.653591,10.945751,-0.031598,-0.032940,0.986370
2026-08-31T18:37:11.682353,10.974513,-0.052948,-0.026352,0.987956
2026-08-31T18:37:11.713920,11.006080,-0.046116,-0.028670,0.982588
2026-08-31T18:37:11.714036,11.006196,-0.059780,-0.027572,0.971852
2026-08-31T18:37:11.742412,11.034572,-0.083692,-0.019642,0.988200
2026-08-31T18:37:11.773736,11.065896,-0.005002,-0.042700,1.009428
2026-08-31T18:37:11.773798,11.065958,-0.039284,-0.032696,0.991860
2026-08-31T18:37:11.802287,11.094447,-0.047458,-0.030866,0.967094
2026-08-31T18:37:11.833985,11.126145,-0.035380,-0.032086,0.982466
2026-08-31T18:37:11.834078,11.126238,-0.024400,-0.034160,0.997350
2026-08-31T18:37:11.893427,11.185587,-0.029280,-0.031720,0.990762
2026-08-31T18:37:11.893510,11.185670,-0.032940,-0.031842,0.985272
2026-08-31T18:37:11.923253,11.215413,-0.037332,-0.030622,0.986126
2026-08-31T18:37:11.923334,11.215494,-0.035746,-0.030988,0.984784
2026-08-31T18:37:11.953440,11.245600,-0.030500,-0.032574,0.992226
2026-08-31T18:37:11.953559,11.245719,-0.029646,-0.032452,0.991616
2026-08-31T18:37:11.982059,11.274219,-0.033428,-0.031232,0.987712
2026-08-31T18:37:12.013125,11.305285,-0.028792,-0.033672,0.986858
2026-08-31T18:37:12.043817,11.335977,-0.035746,-0.030744,0.980636
2026-08-31T18:37:12.043875,11.336035,-0.038186,-0.029280,0.988444
2026-08-31T18:37:12.075655,11.367815,-0.036844,-0.030988,0.983808
2026-08-31T18:37:12.075791,11.367951,-0.033916,-0.031964,0.987468
2026-08-31T18:37:12.104747,11.396907,-0.029890,-0.032330,0.990030
2026-08-31T18:37:12.135855,11.428015,-0.030012,-0.033672,0.992226
2026-08-31T18:37:12.135945,11.428105,-0.033306,-0.030988,0.986004
2026-08-31T18:37:12.164639,11.456799,-0.034648,-0.030622,0.986126
2026-08-31T18:37:12.193469,11.485629,-0.032940,-0.031110,0.986858
2026-08-31T18:37:12.223526,11.515686,-0.032452,-0.031110,0.986858
2026-08-31T18:37:12.223608,11.515768,-0.033184,-0.031476,0.987468
2026-08-31T18:37:12.252225,11.544385,-0.031476,-0.033550,0.991738
2026-08-31T18:37:12.283840,11.576000,-0.032208,-0.031720,0.986004
2026-08-31T18:37:12.283921,11.576081,-0.032818,-0.032208,0.987102
2026-08-31T18:37:12.312174,11.604334,-0.032940,-0.031476,0.987224
2026-08-31T18:37:12.343376,11.635536,-0.032696,-0.030866,0.986736
2026-08-31T18:37:12.373412,11.665572,-0.033550,-0.032086,0.987712
2026-08-31T18:37:12.373527,11.665687,-0.043920,-0.022936,0.965142
2026-08-31T18:37:12.402244,11.694404,-0.034892,-0.038552,1.010648
2026-08-31T18:37:12.433372,11.725532,-0.032574,-0.035380,0.977586
2026-08-31T18:37:12.434401,11.726561,-0.034892,-0.032452,0.991006
2026-08-31T18:37:12.464692,11.756852,-0.033062,-0.032208,0.987468
2026-08-31T18:37:12.496076,11.788236,-0.032086,-0.032574,0.990274
2026-08-31T18:37:12.496120,11.788280,-0.030622,-0.031720,0.991250
2026-08-31T18:37:12.521651,11.813811,-0.030866,-0.030866,0.991250
2026-08-31T18:37:12.552341,11.844501,-0.030622,-0.031964,0.990030
2026-08-31T18:37:12.553310,11.845470,-0.031842,-0.030500,0.987102
2026-08-31T18:37:12.582392,11.874552,-0.038308,-0.042700,0.973926
2026-08-31T18:37:12.613895,11.906055,-0.028792,-0.022570,0.994788
2026-08-31T18:37:12.613986,11.906146,-0.034038,-0.030988,0.993934
2026-08-31T18:37:12.645323,11.937483,-0.030134,-0.031842,0.980880
2026-08-31T18:37:12.676379,11.968539,-0.041114,-0.046482,0.960750
2026-08-31T18:37:12.676465,11.968625,-0.039162,-0.030012,0.996740
2026-08-31T18:37:12.704764,11.996924,-0.030500,-0.022570,1.003816
2026-08-31T18:37:12.734027,12.026187,-0.029524,-0.030378,0.993690
2026-08-31T18:37:12.734107,12.026267,-0.030866,-0.036356,0.986004
2026-08-31T18:37:12.761837,12.053997,-0.031232,-0.036234,0.986004
2026-08-31T18:37:12.793142,12.085302,-0.032940,-0.033306,0.989908
2026-08-31T18:37:12.795058,12.087218,-0.033428,-0.030134,0.990518
2026-08-31T18:37:12.825739,12.117899,-0.032574,-0.029158,0.992104
2026-08-31T18:37:12.855767,12.147927,-0.031842,-0.031110,0.989786
2026-08-31T18:37:12.855843,12.148003,-0.031842,-0.034282,0.985760
2026-08-31T18:37:12.885059,12.177219,-0.032574,-0.034404,0.988566
2026-08-31T18:37:12.915054,12.207214,-0.032330,-0.031720,0.990884
2026-08-31T18:37:12.915128,12.207288,-0.030500,-0.030378,0.993324
2026-08-31T18:37:12.943248,12.235408,-0.027328,-0.030500,0.994788
2026-08-31T18:37:12.973307,12.265467,-0.027938,-0.031842,0.993690
2026-08-31T18:37:12.973387,12.265547,-0.031598,-0.035380,0.986126
2026-08-31T18:37:13.001974,12.294134,-0.032452,-0.038308,0.986248
2026-08-31T18:37:13.033376,12.325536,-0.037820,-0.038796,0.981978
2026-08-31T18:37:13.034435,12.326595,-0.044286,-0.028792,0.967216
2026-08-31T18:37:13.064744,12.356904,-0.039894,-0.035624,0.972218
2026-08-31T18:37:13.095153,12.387313,-0.035868,-0.028548,0.989786
2026-08-31T18:37:13.123985,12.416145,-0.031598,-0.031842,0.994056
2026-08-31T18:37:13.124072,12.416232,-0.019764,-0.030988,0.993324
2026-08-31T18:37:13.152728,12.444888,-0.022448,-0.031354,0.994300
2026-08-31T18:37:13.183865,12.476025,-0.025132,-0.029890,0.995398
2026-08-31T18:37:13.183959,12.476119,-0.030256,-0.035014,0.988932
2026-08-31T18:37:13.211885,12.504045,-0.031110,-0.033794,0.988200
2026-08-31T18:37:13.243037,12.535197,-0.033672,-0.033672,0.986492
2026-08-31T18:37:13.273956,12.566116,-0.036112,-0.034160,0.983930
2026-08-31T18:37:13.274031,12.566191,-0.035136,-0.033672,0.986858
2026-08-31T18:37:13.303613,12.595773,-0.034282,-0.033428,0.988200
2026-08-31T18:37:13.303693,12.595853,-0.034770,-0.033794,0.986004
2026-08-31T18:37:13.332145,12.624305,-0.032086,-0.035746,0.984296
2026-08-31T18:37:13.364091,12.656251,-0.031354,-0.032574,0.990640
2026-08-31T18:37:13.364177,12.656337,-0.032330,-0.032086,0.990640
2026-08-31T18:37:13.392769,12.684929,-0.033550,-0.032696,0.986980
2026-08-31T18:37:13.423969,12.716129,-0.033184,-0.032940,0.987346
2026-08-31T18:37:13.424057,12.716217,-0.034770,-0.034770,0.986492
2026-08-31T18:37:13.451676,12.743836,-0.035014,-0.035258,0.984906
2026-08-31T18:37:13.483305,12.775465,-0.035502,-0.033306,0.992836
2026-08-31T18:37:13.483356,12.775516,-0.025620,-0.033916,0.994178
2026-08-31T18:37:13.512359,12.804519,-0.029036,-0.034892,0.987468
2026-08-31T18:37:13.545013,12.837173,-0.032208,-0.035746,0.986492
2026-08-31T18:37:13.576879,12.869039,-0.036722,-0.033794,0.991372
2026-08-31T18:37:13.576967,12.869127,-0.026840,-0.033428,0.992592
2026-08-31T18:37:13.604693,12.896853,-0.025986,-0.034404,0.993202
2026-08-31T18:37:13.634017,12.926177,-0.027450,-0.035136,0.989176
2026-08-31T18:37:13.634094,12.926254,-0.028426,-0.035746,0.986004
2026-08-31T18:37:13.662283,12.954443,-0.033550,-0.034648,0.985516
2026-08-31T18:37:13.693578,12.985738,-0.035868,-0.032208,0.986736
2026-08-31T18:37:13.693644,12.985804,-0.035380,-0.031720,0.989298
2026-08-31T18:37:13.721934,13.014094,-0.033550,-0.033672,0.989420
2026-08-31T18:37:13.753976,13.046136,-0.033306,-0.033062,0.989542
2026-08-31T18:37:13.754063,13.046223,-0.032574,-0.033306,0.987834
2026-08-31T18:37:13.782389,13.074549,-0.034892,-0.032208,0.988688
2026-08-31T18:37:13.814027,13.106187,-0.032818,-0.033794,0.985516
2026-08-31T18:37:13.814109,13.106269,-0.033916,-0.034404,0.987834
2026-08-31T18:37:13.843032,13.135192,-0.031720,-0.035014,0.986126
2026-08-31T18:37:13.873988,13.166148,-0.029768,-0.034648,0.989664
2026-08-31T18:37:13.874074,13.166234,-0.030622,-0.031720,0.991738
2026-08-31T18:37:13.902337,13.194497,-0.032574,-0.032086,0.989908
2026-08-31T18:37:13.932577,13.224737,-0.033916,-0.033916,0.985760
2026-08-31T18:37:13.964100,13.256260,-0.031354,-0.035258,0.987590
2026-08-31T18:37:13.964186,13.256346,-0.033428,-0.033672,0.986614
2026-08-31T18:37:13.993098,13.285258,-0.034648,-0.032452,0.987346
2026-08-31T18:37:14.023523,13.315683,-0.034282,-0.033916,0.985760
2026-08-31T18:37:14.024879,13.317039,-0.032086,-0.034770,0.987102
2026-08-31T18:37:14.055048,13.347208,-0.030012,-0.034404,0.991128
2026-08-31T18:37:14.084826,13.376986,-0.028548,-0.033550,0.992836
2026-08-31T18:37:14.114425,13.406585,-0.033184,-0.030866,0.989420
2026-08-31T18:37:14.114515,13.406675,-0.032696,-0.033062,0.986370
2026-08-31T18:37:14.143962,13.436122,-0.032086,-0.034892,0.987590
2026-08-31T18:37:14.145144,13.437304,-0.031720,-0.033672,0.989176
2026-08-31T18:37:14.175263,13.467423,-0.031232,-0.033794,0.987712
2026-08-31T18:37:14.206075,13.498235,-0.032330,-0.033184,0.985760
2026-08-31T18:37:14.206164,13.498324,-0.033672,-0.031598,0.987468
2026-08-31T18:37:14.234842,13.527002,-0.032940,-0.034526,0.987834
2026-08-31T18:37:14.263655,13.555815,-0.031842,-0.035746,0.988078
2026-08-31T18:37:14.264797,13.556957,-0.032696,-0.034526,0.984784
2026-08-31T18:37:14.295186,13.587346,-0.033184,-0.033062,0.989420
2026-08-31T18:37:14.324088,13.616248,-0.031842,-0.034160,0.989176
2026-08-31T18:37:14.324174,13.616334,-0.033550,-0.033794,0.987468
2026-08-31T18:37:14.352436,13.644596,-0.031964,-0.034160,0.987590
2026-08-31T18:37:14.383155,13.675315,-0.031720,-0.034892,0.986004
2026-08-31T18:37:14.412952,13.705112,-0.032940,-0.034404,0.986126
2026-08-31T18:37:14.413017,13.705177,-0.033184,-0.033306,0.989786
2026-08-31T18:37:14.443700,13.735860,-0.033916,-0.034648,0.987224
2026-08-31T18:37:14.443763,13.735923,-0.033306,-0.031598,0.984906
2026-08-31T18:37:14.472205,13.764365,-0.032208,-0.033916,0.983442
2026-08-31T18:37:14.503329,13.795489,-0.032452,-0.034038,0.987590
2026-08-31T18:37:14.533976,13.826136,-0.033062,-0.033062,0.988200
2026-08-31T18:37:14.534065,13.826225,-0.031232,-0.032818,0.988322
2026-08-31T18:37:14.563361,13.855521,-0.031476,-0.033306,0.989786
2026-08-31T18:37:14.563459,13.855619,-0.031842,-0.033550,0.988078
2026-08-31T18:37:14.593366,13.885526,-0.032818,-0.034648,0.986858
2026-08-31T18:37:14.623304,13.915464,-0.033306,-0.033672,0.988200
2026-08-31T18:37:14.683402,13.975562,-0.032940,-0.033672,0.986614
2026-08-31T18:37:14.683472,13.975632,-0.031110,-0.032086,0.987346
2026-08-31T18:37:14.684840,13.977000,-0.032696,-0.032940,0.991250
2026-08-31T18:37:14.684889,13.977049,-0.031476,-0.032208,0.989298
2026-08-31T18:37:14.714533,14.006693,-0.032086,-0.032940,0.988322
2026-08-31T18:37:14.745074,14.037234,-0.033184,-0.034404,0.987346
2026-08-31T18:37:14.775934,14.068094,-0.034160,-0.034770,0.986980
2026-08-31T18:37:14.776026,14.068186,-0.033672,-0.034648,0.985028
2026-08-31T18:37:14.833682,14.125842,-0.032086,-0.034282,0.988566
2026-08-31T18:37:14.833769,14.125929,-0.032208,-0.034648,0.981612
2026-08-31T18:37:14.834442,14.126602,-0.022448,-0.034404,0.995886
2026-08-31T18:37:14.864662,14.156822,-0.029524,-0.032330,0.988688
2026-08-31T18:37:14.893863,14.186023,-0.038308,-0.030988,0.987712
2026-08-31T18:37:14.923578,14.215738,-0.040016,-0.030622,0.987834
2026-08-31T18:37:14.923665,14.215825,-0.034282,-0.033306,0.988932
2026-08-31T18:37:14.952614,14.244774,-0.030866,-0.033794,0.988322
2026-08-31T18:37:14.984016,14.276176,-0.030378,-0.034282,0.988566
2026-08-31T18:37:14.984103,14.276263,-0.032086,-0.033062,0.988322
2026-08-31T18:37:15.012243,14.304403,-0.032940,-0.033306,0.987102
2026-08-31T18:37:15.044225,14.336385,-0.033062,-0.032452,0.987712
2026-08-31T18:37:15.044397,14.336557,-0.033428,-0.032818,0.987712
2026-08-31T18:37:15.072266,14.364426,-0.033062,-0.033062,0.988688
2026-08-31T18:37:15.104043,14.396203,-0.032696,-0.032940,0.988322
2026-08-31T18:37:15.104137,14.396297,-0.031720,-0.032452,0.988078
2026-08-31T18:37:15.133573,14.425733,-0.030500,-0.032940,0.987834
2026-08-31T18:37:15.133659,14.425819,-0.032086,-0.034404,0.988078
2026-08-31T18:37:15.162227,14.454387,-0.031720,-0.034282,0.988200
2026-08-31T18:37:15.193536,14.485696,-0.030866,-0.033794,0.988200
2026-08-31T18:37:15.224070,14.516230,-0.031476,-0.033428,0.988444
2026-08-31T18:37:15.224160,14.516320,-0.032696,-0.033062,0.987956
2026-08-31T18:37:15.252362,14.544522,-0.032452,-0.033062,0.988322
2026-08-31T18:37:15.283992,14.576152,-0.032330,-0.033184,0.988322
2026-08-31T18:37:15.284075,14.576235,-0.031110,-0.033306,0.988200
2026-08-31T18:37:15.312235,14.604395,-0.032452,-0.033306,0.987712
2026-08-31T18:37:15.345941,14.638101,-0.032696,-0.033062,0.987712
2026-08-31T18:37:15.346025,14.638185,-0.031720,-0.033184,0.988200
2026-08-31T18:37:15.375560,14.667720,-0.030378,-0.033550,0.987956
2026-08-31T18:37:15.403748,14.695908,-0.031964,-0.033184,0.988444
2026-08-31T18:37:15.403821,14.695981,-0.034770,-0.032574,0.988078
2026-08-31T18:37:15.432055,14.724215,-0.035136,-0.033428,0.987712
2026-08-31T18:37:15.463883,14.756043,-0.033428,-0.032696,0.987956
2026-08-31T18:37:15.463986,14.756146,-0.032330,-0.033794,0.988810
2026-08-31T18:37:15.493757,14.785917,-0.031476,-0.033306,0.987956
2026-08-31T18:37:15.523029,14.815189,-0.033428,-0.032818,0.987956
2026-08-31T18:37:15.553044,14.845204,-0.032452,-0.032818,0.987102
2026-08-31T18:37:15.584136,14.876296,-0.032696,-0.032818,0.988200
2026-08-31T18:37:15.584224,14.876384,-0.031964,-0.033306,0.987834
2026-08-31T18:37:15.612820,14.904980,-0.031720,-0.033794,0.987712
2026-08-31T18:37:15.615052,14.907212,-0.031964,-0.033550,0.988078
2026-08-31T18:37:15.644724,14.936884,-0.033062,-0.032574,0.988566
2026-08-31T18:37:15.675721,14.967881,-0.033184,-0.032696,0.987712
2026-08-31T18:37:15.675787,14.967947,-0.032696,-0.033550,0.988200
2026-08-31T18:37:15.704850,14.997010,-0.032208,-0.033794,0.987834
2026-08-31T18:37:15.733664,15.025824,-0.032696,-0.033550,0.987712
2026-08-31T18:37:15.763584,15.055744,-0.033184,-0.032696,0.988078
2026-08-31T18:37:15.763688,15.055848,-0.031964,-0.033428,0.987712
2026-08-31T18:37:15.794550,15.086710,-0.033306,-0.032940,0.987346
2026-08-31T18:37:15.794624,15.086784,-0.032574,-0.032818,0.988810
2026-08-31T18:37:15.822358,15.114518,-0.031598,-0.033794,0.987956
2026-08-31T18:37:15.853011,15.145171,-0.032452,-0.032818,0.988566
2026-08-31T18:37:15.854141,15.146301,-0.031598,-0.033550,0.987956
2026-08-31T18:37:15.895649,15.187809,-0.031476,-0.033550,0.988078
2026-08-31T18:37:15.914945,15.207105,-0.032330,-0.032818,0.987590
2026-08-31T18:37:15.915010,15.207170,-0.033062,-0.033184,0.987956
2026-08-31T18:37:15.943882,15.236042,-0.032208,-0.032940,0.987346
2026-08-31T18:37:15.974404,15.266564,-0.031598,-0.033794,0.987590
2026-08-31T18:37:15.974499,15.266659,-0.031842,-0.033306,0.988810
2026-08-31T18:37:16.005248,15.297408,-0.032452,-0.033550,0.987956
2026-08-31T18:37:16.034730,15.326890,-0.032452,-0.033550,0.988078
2026-08-31T18:37:16.066333,15.358493,-0.032696,-0.033062,0.988200
2026-08-31T18:37:16.096198,15.388358,-0.033184,-0.032818,0.988444
2026-08-31T18:37:16.096282,15.388442,-0.033062,-0.032696,0.988444
2026-08-31T18:37:16.125262,15.417422,-0.031720,-0.033062,0.988200
2026-08-31T18:37:16.125328,15.417488,-0.031842,-0.033672,0.988200
2026-08-31T18:37:16.153132,15.445292,-0.032086,-0.033550,0.988200
2026-08-31T18:37:16.183652,15.475812,-0.032330,-0.033550,0.988200
2026-08-31T18:37:16.183734,15.475894,-0.032330,-0.033062,0.988200
2026-08-31T18:37:16.212682,15.504842,-0.031964,-0.032818,0.987468
2026-08-31T18:37:16.242673,15.534833,-0.032086,-0.033428,0.987712
2026-08-31T18:37:16.273630,15.565790,-0.032208,-0.033428,0.988200
2026-08-31T18:37:16.273723,15.565883,-0.032452,-0.033550,0.988444
2026-08-31T18:37:16.302106,15.594266,-0.032208,-0.032696,0.987956
2026-08-31T18:37:16.333618,15.625778,-0.033428,-0.033428,0.987834
2026-08-31T18:37:16.333693,15.625853,-0.032086,-0.033306,0.988322
2026-08-31T18:37:16.363421,15.655581,-0.031720,-0.033794,0.988566
2026-08-31T18:37:16.363484,15.655644,-0.031232,-0.034160,0.988566
2026-08-31T18:37:16.392572,15.684732,-0.032208,-0.033306,0.987590
2026-08-31T18:37:16.424200,15.716360,-0.032696,-0.032940,0.988078
2026-08-31T18:37:16.424288,15.716448,-0.032696,-0.033184,0.987834
2026-08-31T18:37:16.452701,15.744861,-0.031232,-0.033062,0.988200
2026-08-31T18:37:16.483961,15.776121,-0.031598,-0.033672,0.988200
2026-08-31T18:37:16.484044,15.776204,-0.032208,-0.033672,0.988078
2026-08-31T18:37:16.512273,15.804433,-0.032452,-0.033916,0.988566
2026-08-31T18:37:16.542733,15.834893,-0.033306,-0.032330,0.988078
2026-08-31T18:37:16.573163,15.865323,-0.033062,-0.032330,0.987590
2026-08-31T18:37:16.602955,15.895115,-0.032330,-0.033428,0.987590
2026-08-31T18:37:16.603921,15.896081,-0.030866,-0.033428,0.988322
2026-08-31T18:37:16.633389,15.925549,-0.031598,-0.032940,0.988200
2026-08-31T18:37:16.663414,15.955574,-0.031964,-0.033062,0.988566
2026-08-31T18:37:16.663500,15.955660,-0.033794,-0.033184,0.988200
2026-08-31T18:37:16.694916,15.987076,-0.033916,-0.033306,0.988200
2026-08-31T18:37:16.723625,16.015785,-0.032086,-0.033428,0.987834
2026-08-31T18:37:16.724678,16.016838,-0.032330,-0.033550,0.988444
2026-08-31T18:37:16.754941,16.047101,-0.032940,-0.033062,0.988322
2026-08-31T18:37:16.785291,16.077451,-0.032452,-0.033306,0.987590
2026-08-31T18:37:16.785353,16.077513,-0.031964,-0.032818,0.988200
2026-08-31T18:37:16.814688,16.106848,-0.032696,-0.033550,0.987956
2026-08-31T18:37:16.845985,16.138145,-0.032696,-0.032818,0.987468
2026-08-31T18:37:16.846061,16.138221,-0.033184,-0.032208,0.988200
2026-08-31T18:37:16.874752,16.166912,-0.033550,-0.033184,0.987712
2026-08-31T18:37:16.905181,16.197341,-0.031720,-0.032940,0.987956
2026-08-31T18:37:16.935729,16.227889,-0.032208,-0.033184,0.988200
2026-08-31T18:37:16.935828,16.227988,-0.033306,-0.032940,0.988444
2026-08-31T18:37:16.965892,16.258052,-0.032696,-0.032696,0.987590
2026-08-31T18:37:16.965974,16.258134,-0.032208,-0.033062,0.987590
2026-08-31T18:37:16.994935,16.287095,-0.032086,-0.033306,0.987590
2026-08-31T18:37:17.023403,16.315563,-0.030500,-0.034038,0.987834
2026-08-31T18:37:17.053662,16.345822,-0.033184,-0.033184,0.988322
2026-08-31T18:37:17.053744,16.345904,-0.034282,-0.032818,0.987712
2026-08-31T18:37:17.082359,16.374519,-0.032818,-0.032818,0.988200
2026-08-31T18:37:17.113780,16.405940,-0.031842,-0.033306,0.988444
2026-08-31T18:37:17.113857,16.406017,-0.031476,-0.033672,0.988200
2026-08-31T18:37:17.142626,16.434786,-0.031842,-0.033428,0.988322
2026-08-31T18:37:17.174172,16.466332,-0.032696,-0.032940,0.987956
2026-08-31T18:37:17.174270,16.466430,-0.033306,-0.032696,0.987712
2026-08-31T18:37:17.202988,16.495148,-0.032696,-0.033184,0.987956
2026-08-31T18:37:17.234186,16.526346,-0.032818,-0.033062,0.987712
2026-08-31T18:37:17.234270,16.526430,-0.030988,-0.033550,0.988566
2026-08-31T18:37:17.262086,16.554246,-0.032818,-0.033184,0.986614
2026-08-31T18:37:17.293018,16.585178,-0.032940,-0.033184,0.988200
2026-08-31T18:37:17.324144,16.616304,-0.032574,-0.032818,0.987712
2026-08-31T18:37:17.324231,16.616391,-0.033184,-0.032940,0.987834
2026-08-31T18:37:17.352302,16.644462,-0.031598,-0.033062,0.988200
2026-08-31T18:37:17.384038,16.676198,-0.032574,-0.032574,0.988200
2026-08-31T18:37:17.384119,16.676279,-0.032086,-0.032940,0.987956
2026-08-31T18:37:17.412511,16.704671,-0.032696,-0.032940,0.988810
2026-08-31T18:37:17.445391,16.737551,-0.032452,-0.033550,0.988688
2026-08-31T18:37:17.445572,16.737732,-0.033184,-0.033184,0.987590
2026-08-31T18:37:17.472410,16.764570,-0.032696,-0.032940,0.987834
2026-08-31T18:37:17.506106,16.798266,-0.032818,-0.032452,0.987834
2026-08-31T18:37:17.506182,16.798342,-0.032818,-0.033062,0.987834
2026-08-31T18:37:17.533671,16.825831,-0.032818,-0.032818,0.988078
2026-08-31T18:37:17.562366,16.854526,-0.032330,-0.032818,0.987712
2026-08-31T18:37:17.562407,16.854567,-0.032574,-0.032818,0.987468
2026-08-31T18:37:17.592837,16.884997,-0.031842,-0.033062,0.987956
2026-08-31T18:37:17.623560,16.915720,-0.032940,-0.033062,0.988200
2026-08-31T18:37:17.623627,16.915787,-0.032208,-0.033062,0.987834
2026-08-31T18:37:17.652305,16.944465,-0.032452,-0.032452,0.987956
2026-08-31T18:37:17.683092,16.975252,-0.032452,-0.033184,0.988078
2026-08-31T18:37:17.713587,17.005747,-0.032818,-0.032574,0.987102
2026-08-31T18:37:17.714618,17.006778,-0.032818,-0.033428,0.988200
2026-08-31T18:37:17.744975,17.037135,-0.032330,-0.033062,0.988322
2026-08-31T18:37:17.775899,17.068059,-0.032330,-0.032696,0.987834
2026-08-31T18:37:17.776045,17.068205,-0.032574,-0.032940,0.987956
2026-08-31T18:37:17.804933,17.097093,-0.032574,-0.032818,0.988688
2026-08-31T18:37:17.835480,17.127640,-0.032452,-0.033062,0.987834
2026-08-31T18:37:17.835548,17.127708,-0.033306,-0.032452,0.987712
2026-08-31T18:37:17.864876,17.157036,-0.032208,-0.033062,0.988200
2026-08-31T18:37:17.893581,17.185741,-0.032208,-0.033306,0.988322
2026-08-31T18:37:17.923640,17.215800,-0.032208,-0.032940,0.988200
2026-08-31T18:37:17.923730,17.215890,-0.032818,-0.032330,0.987956
2026-08-31T18:37:17.952655,17.244815,-0.032208,-0.033062,0.987956
2026-08-31T18:37:17.983203,17.275363,-0.032330,-0.033428,0.987590
2026-08-31T18:37:17.984673,17.276833,-0.032818,-0.032696,0.988444
2026-08-31T18:37:18.015930,17.308090,-0.032086,-0.033550,0.987956
2026-08-31T18:37:18.015992,17.308152,-0.032208,-0.032696,0.988810
2026-08-31T18:37:18.045049,17.337209,-0.032208,-0.033184,0.987834
2026-08-31T18:37:18.074973,17.367133,-0.032574,-0.032330,0.987590
2026-08-31T18:37:18.106117,17.398277,-0.032696,-0.032818,0.988078
2026-08-31T18:37:18.106196,17.398356,-0.032452,-0.032940,0.987224
2026-08-31T18:37:18.134856,17.427016,-0.032452,-0.032574,0.987590
2026-08-31T18:37:18.164315,17.456475,-0.031476,-0.033184,0.987712
2026-08-31T18:37:18.164398,17.456558,-0.032330,-0.032940,0.988444
2026-08-31T18:37:18.193182,17.485342,-0.032208,-0.033672,0.987712
2026-08-31T18:37:18.223584,17.515744,-0.033428,-0.033184,0.987468
2026-08-31T18:37:18.253579,17.545739,-0.033550,-0.032574,0.988078
2026-08-31T18:37:18.253648,17.545808,-0.032818,-0.032574,0.987712
2026-08-31T18:37:18.313534,17.605694,-0.032086,-0.033428,0.988688
2026-08-31T18:37:18.313600,17.605760,-0.031964,-0.033428,0.988078
2026-08-31T18:37:18.314329,17.606489,-0.032818,-0.032940,0.987834
2026-08-31T18:37:18.346076,17.638236,-0.032330,-0.032940,0.988444
2026-08-31T18:37:18.346162,17.638322,-0.032818,-0.032574,0.988322
2026-08-31T18:37:18.374913,17.667073,-0.032818,-0.032452,0.987834
2026-08-31T18:37:18.405316,17.697476,-0.032696,-0.032696,0.988078
2026-08-31T18:37:18.405407,17.697567,-0.032208,-0.032940,0.989298
2026-08-31T18:37:18.433608,17.725768,-0.032208,-0.032818,0.988078
2026-08-31T18:37:18.462646,17.754806,-0.032208,-0.033184,0.987834
2026-08-31T18:37:18.494047,17.786207,-0.032208,-0.032818,0.987956
2026-08-31T18:37:18.494174,17.786334,-0.032086,-0.033184,0.987834
2026-08-31T18:37:18.522273,17.814433,-0.032452,-0.033184,0.987956
2026-08-31T18:37:18.554190,17.846350,-0.032086,-0.033306,0.988322
2026-08-31T18:37:18.554286,17.846446,-0.032086,-0.033184,0.988322
2026-08-31T18:37:18.583271,17.875431,-0.032574,-0.033062,0.987712
2026-08-31T18:37:18.612432,17.904592,-0.031964,-0.033428,0.988078
2026-08-31T18:37:18.644449,17.936609,-0.031842,-0.033428,0.988078
2026-08-31T18:37:18.644541,17.936701,-0.032452,-0.033428,0.987712
2026-08-31T18:37:18.672412,17.964572,-0.032330,-0.033062,0.987956
2026-08-31T18:37:18.706618,17.998778,-0.031842,-0.032818,0.987712
2026-08-31T18:37:18.706695,17.998855,-0.032574,-0.032818,0.987468
2026-08-31T18:37:18.735030,18.027190,-0.032818,-0.032818,0.988566
2026-08-31T18:37:18.763781,18.055941,-0.032574,-0.033062,0.988200
2026-08-31T18:37:18.763840,18.056000,-0.032574,-0.032940,0.988810
2026-08-31T18:37:18.792365,18.084525,-0.031842,-0.033184,0.987956
2026-08-31T18:37:18.823526,18.115686,-0.031720,-0.033062,0.988200
2026-08-31T18:37:18.853582,18.145742,-0.032086,-0.033062,0.987590
2026-08-31T18:37:18.853661,18.145821,-0.032086,-0.033184,0.988200
2026-08-31T18:37:18.882157,18.174317,-0.032452,-0.033550,0.987712
2026-08-31T18:37:18.914223,18.206383,-0.032940,-0.032574,0.988444
2026-08-31T18:37:18.914309,18.206469,-0.031964,-0.032818,0.988200
2026-08-31T18:37:18.943509,18.235669,-0.032208,-0.033062,0.988200
2026-08-31T18:37:18.946147,18.238307,-0.032330,-0.033062,0.988566
2026-08-31T18:37:18.972356,18.264516,-0.032696,-0.032452,0.988200
2026-08-31T18:37:19.003226,18.295386,-0.033306,-0.033184,0.987224
2026-08-31T18:37:19.033870,18.326030,-0.032330,-0.033306,0.988200
2026-08-31T18:37:19.033958,18.326118,-0.032940,-0.032818,0.987834
2026-08-31T18:37:19.062761,18.354921,-0.031476,-0.033184,0.988078
2026-08-31T18:37:19.094496,18.386656,-0.032330,-0.032452,0.987956
2026-08-31T18:37:19.094579,18.386739,-0.032574,-0.032696,0.987712
2026-08-31T18:37:19.122492,18.414652,-0.031964,-0.032208,0.988078
2026-08-31T18:37:19.154190,18.446350,-0.031720,-0.032940,0.987468
2026-08-31T18:37:19.154280,18.446440,-0.032940,-0.033062,0.987834
2026-08-31T18:37:19.182821,18.474981,-0.032574,-0.032818,0.987956
2026-08-31T18:37:19.213932,18.506092,-0.033062,-0.033184,0.988078
2026-08-31T18:37:19.214015,18.506175,-0.032818,-0.033306,0.988200
2026-08-31T18:37:19.242105,18.534265,-0.032208,-0.032818,0.987956
2026-08-31T18:37:19.274139,18.566299,-0.032574,-0.032940,0.988322
2026-08-31T18:37:19.274225,18.566385,-0.031842,-0.033062,0.988078
2026-08-31T18:37:19.302977,18.595137,-0.031842,-0.033062,0.988200
2026-08-31T18:37:19.334081,18.626241,-0.031720,-0.032940,0.988322
2026-08-31T18:37:19.334165,18.626325,-0.032086,-0.032940,0.987468
2026-08-31T18:37:19.393719,18.685879,-0.032208,-0.032696,0.987712
2026-08-31T18:37:19.393810,18.685970,-0.032452,-0.033062,0.987712
2026-08-31T18:37:19.423668,18.715828,-0.032452,-0.033672,0.987712
2026-08-31T18:37:19.423749,18.715909,-0.031964,-0.032452,0.988200
2026-08-31T18:37:19.453116,18.745276,-0.032452,-0.033184,0.987712
2026-08-31T18:37:19.453182,18.745342,-0.032818,-0.033062,0.988322
2026-08-31T18:37:19.482088,18.774248,-0.032330,-0.032452,0.987590
2026-08-31T18:37:19.513244,18.805404,-0.032696,-0.033062,0.988444
2026-08-31T18:37:19.544542,18.836702,-0.032574,-0.032940,0.988078
2026-08-31T18:37:19.544626,18.836786,-0.033062,-0.033184,0.988200
2026-08-31T18:37:19.572470,18.864630,-0.032086,-0.033062,0.986980
2026-08-31T18:37:19.603475,18.895635,-0.032696,-0.033184,0.988322
2026-08-31T18:37:19.633912,18.926072,-0.031720,-0.033550,0.987956
2026-08-31T18:37:19.634047,18.926207,-0.031476,-0.033428,0.988322
2026-08-31T18:37:19.663905,18.956065,-0.032086,-0.033062,0.987834
2026-08-31T18:37:19.663976,18.956136,-0.031598,-0.033062,0.988200
2026-08-31T18:37:19.692345,18.984505,-0.032330,-0.033428,0.988200
2026-08-31T18:37:19.722814,19.014974,-0.031964,-0.033550,0.988688
2026-08-31T18:37:19.753671,19.045831,-0.031964,-0.033184,0.988200
2026-08-31T18:37:19.753742,19.045902,-0.031232,-0.033184,0.987956
2026-08-31T18:37:19.783946,19.076106,-0.032818,-0.033062,0.988566
2026-08-31T18:37:19.784036,19.076196,-0.033428,-0.032574,0.988200
2026-08-31T18:37:19.812519,19.104679,-0.032330,-0.033062,0.988200
2026-08-31T18:37:19.843225,19.135385,-0.032208,-0.033062,0.987956
2026-08-31T18:37:19.874231,19.166391,-0.032330,-0.033062,0.987956
2026-08-31T18:37:19.874316,19.166476,-0.032208,-0.032818,0.987468
2026-08-31T18:37:19.903863,19.196023,-0.032574,-0.032574,0.988444
2026-08-31T18:37:19.903940,19.196100,-0.032940,-0.033062,0.987712
2026-08-31T18:37:19.932199,19.224359,-0.032940,-0.033062,0.987590
2026-08-31T18:37:19.964496,19.256656,-0.031964,-0.033794,0.988322
2026-08-31T18:37:19.994634,19.286794,-0.031964,-0.033184,0.988444
2026-08-31T18:37:19.994710,19.286870,-0.032330,-0.032574,0.987712
2026-08-31T18:37:20.022514,19.314674,-0.032330,-0.032940,0.988078
2026-08-31T18:37:20.053568,19.345728,-0.032574,-0.033062,0.988200
2026-08-31T18:37:20.054741,19.346901,-0.032574,-0.033672,0.987712
2026-08-31T18:37:20.084997,19.377157,-0.032452,-0.033550,0.988078
2026-08-31T18:37:20.114233,19.406393,-0.033184,-0.033550,0.987468
2026-08-31T18:37:20.114392,19.406552,-0.032208,-0.033306,0.987834
2026-08-31T18:37:20.142525,19.434685,-0.032818,-0.033184,0.987224
2026-08-31T18:37:20.173555,19.465715,-0.032330,-0.033306,0.988444
2026-08-31T18:37:20.202921,19.495081,-0.032940,-0.033306,0.988322
2026-08-31T18:37:20.202963,19.495123,-0.032452,-0.033794,0.989420
2026-08-31T18:37:20.232788,19.524948,-0.033306,-0.033428,0.988200
2026-08-31T18:37:20.234554,19.526714,-0.032452,-0.033306,0.987468
2026-08-31T18:37:20.264581,19.556741,-0.032452,-0.033306,0.988200
2026-08-31T18:37:20.296295,19.588455,-0.032574,-0.033672,0.988078
2026-08-31T18:37:20.326143,19.618303,-0.032696,-0.032940,0.988810
2026-08-31T18:37:20.326238,19.618398,-0.032818,-0.033184,0.987834
2026-08-31T18:37:20.355181,19.647341,-0.032452,-0.032574,0.988566
2026-08-31T18:37:20.384540,19.676700,-0.031964,-0.033794,0.989176
2026-08-31T18:37:20.384644,19.676804,-0.032086,-0.033306,0.988444
2026-08-31T18:37:20.413384,19.705544,-0.032696,-0.033306,0.988200
2026-08-31T18:37:20.415233,19.707393,-0.032452,-0.033184,0.987712
2026-08-31T18:37:20.446313,19.738473,-0.032574,-0.032818,0.988078
2026-08-31T18:37:20.473385,19.765545,-0.031964,-0.033794,0.987834
2026-08-31T18:37:20.503915,19.796075,-0.032696,-0.033794,0.987956
2026-08-31T18:37:20.503996,19.796156,-0.032452,-0.033184,0.988444
2026-08-31T18:37:20.532736,19.824896,-0.032086,-0.033550,0.987346
2026-08-31T18:37:20.565636,19.857796,-0.032086,-0.032818,0.988322
2026-08-31T18:37:20.596879,19.889039,-0.032208,-0.033306,0.988200
2026-08-31T18:37:20.596959,19.889119,-0.032574,-0.033794,0.988200
2026-08-31T18:37:20.624961,19.917121,-0.032574,-0.032574,0.988200
2026-08-31T18:37:20.654437,19.946597,-0.032940,-0.032940,0.988200
2026-08-31T18:37:20.654518,19.946678,-0.033062,-0.033184,0.988200
2026-08-31T18:37:20.682415,19.974575,-0.031964,-0.032940,0.988078
2026-08-31T18:37:20.714139,20.006299,-0.032574,-0.033550,0.988200
2026-08-31T18:37:20.714220,20.006380,-0.031842,-0.033062,0.987834
2026-08-31T18:37:20.743801,20.035961,-0.032452,-0.033428,0.987712
2026-08-31T18:37:20.743883,20.036043,-0.032208,-0.033062,0.987834
2026-08-31T18:37:20.772774,20.064934,-0.032208,-0.032940,0.987956
2026-08-31T18:37:20.804255,20.096415,-0.032574,-0.032940,0.987834
2026-08-31T18:37:20.804338,20.096498,-0.033062,-0.033794,0.988200
2026-08-31T18:37:20.832465,20.124625,-0.032818,-0.033184,0.988200
2026-08-31T18:37:20.863436,20.155596,-0.032330,-0.034038,0.988444
2026-08-31T18:37:20.893966,20.186126,-0.032818,-0.033428,0.988078
2026-08-31T18:37:20.894032,20.186192,-0.032574,-0.033184,0.988078
2026-08-31T18:37:20.922282,20.214442,-0.032330,-0.033306,0.988078
2026-08-31T18:37:20.953998,20.246158,-0.032452,-0.033062,0.988322
2026-08-31T18:37:20.954088,20.246248,-0.032452,-0.033062,0.988444
2026-08-31T18:37:20.982408,20.274568,-0.032940,-0.033794,0.988200
2026-08-31T18:37:21.014464,20.306624,-0.032208,-0.033306,0.988566
2026-08-31T18:37:21.014539,20.306699,-0.033062,-0.033550,0.988078
2026-08-31T18:37:21.042540,20.334700,-0.032452,-0.033062,0.987346
2026-08-31T18:37:21.074123,20.366283,-0.031598,-0.033550,0.987590
2026-08-31T18:37:21.074207,20.366367,-0.032818,-0.033428,0.988200
2026-08-31T18:37:21.105636,20.397796,-0.032208,-0.033062,0.987834
2026-08-31T18:37:21.136117,20.428277,-0.032208,-0.033428,0.988810
2026-08-31T18:37:21.136199,20.428359,-0.031720,-0.033062,0.988444
2026-08-31T18:37:21.166456,20.458616,-0.032818,-0.033062,0.987956
2026-08-31T18:37:21.197157,20.489317,-0.033184,-0.032330,0.987590
2026-08-31T18:37:21.197240,20.489400,-0.032574,-0.033306,0.988078
2026-08-31T18:37:21.225087,20.517247,-0.032696,-0.033062,0.987956
2026-08-31T18:37:21.255257,20.547417,-0.032208,-0.033184,0.987956
2026-08-31T18:37:21.283823,20.575983,-0.032818,-0.032940,0.987712
2026-08-31T18:37:21.285495,20.577655,-0.032696,-0.033062,0.987956
2026-08-31T18:37:21.315033,20.607193,-0.032696,-0.033306,0.988566
2026-08-31T18:37:21.348800,20.640960,-0.032330,-0.033672,0.987956
2026-08-31T18:37:21.348861,20.641021,-0.032574,-0.032696,0.987834
2026-08-31T18:37:21.404952,20.697112,-0.032452,-0.033184,0.988200
2026-08-31T18:37:21.405050,20.697210,-0.031964,-0.032818,0.988322
2026-08-31T18:37:21.406317,20.698477,-0.032086,-0.032696,0.987590
2026-08-31T18:37:21.435166,20.727326,-0.033184,-0.033306,0.988200
2026-08-31T18:37:21.464650,20.756810,-0.032818,-0.033062,0.988444
2026-08-31T18:37:21.464731,20.756891,-0.032208,-0.033550,0.988566
2026-08-31T18:37:21.492556,20.784716,-0.032208,-0.033428,0.987712
2026-08-31T18:37:21.523110,20.815270,-0.031964,-0.033550,0.988078
2026-08-31T18:37:21.524222,20.816382,-0.032208,-0.033550,0.988810
2026-08-31T18:37:21.615219,20.907379,-0.032208,-0.033672,0.988566
2026-08-31T18:37:21.616424,20.908584,-0.031720,-0.032940,0.987956
2026-08-31T18:37:21.616571,20.908731,-0.032208,-0.032940,0.988078
2026-08-31T18:37:21.616616,20.908776,-0.031842,-0.033184,0.987590
2026-08-31T18:37:21.643166,20.935326,-0.031354,-0.033184,0.987590
2026-08-31T18:37:21.644081,20.936241,-0.031964,-0.033916,0.988078
2026-08-31T18:37:21.672439,20.964599,-0.032208,-0.033672,0.987834
2026-08-31T18:37:21.702755,20.994915,-0.034526,-0.032574,0.987468
2026-08-31T18:37:21.733558,21.025718,-0.032330,-0.033184,0.988078
2026-08-31T18:37:21.733707,21.025867,-0.032696,-0.033428,0.987834
2026-08-31T18:37:21.763607,21.055767,-0.032574,-0.033672,0.988444
2026-08-31T18:37:21.793754,21.085914,-0.032818,-0.033428,0.987834
2026-08-31T18:37:21.793839,21.085999,-0.032086,-0.033306,0.987956
2026-08-31T18:37:21.822076,21.114236,-0.032452,-0.033306,0.988078
2026-08-31T18:37:21.853901,21.146061,-0.033428,-0.033062,0.988078
2026-08-31T18:37:21.853982,21.146142,-0.032940,-0.033672,0.988200
2026-08-31T18:37:21.883482,21.175642,-0.032208,-0.032940,0.988078
2026-08-31T18:37:21.884527,21.176687,-0.032818,-0.033672,0.987590
2026-08-31T18:37:21.913490,21.205650,-0.032574,-0.033550,0.988200
2026-08-31T18:37:21.942528,21.234688,-0.031842,-0.033184,0.988200
2026-08-31T18:37:21.972499,21.264659,-0.032574,-0.033672,0.987956
2026-08-31T18:37:22.004560,21.296720,-0.032696,-0.033550,0.988688
2026-08-31T18:37:22.004643,21.296803,-0.032574,-0.033306,0.988078
2026-08-31T18:37:22.034274,21.326434,-0.032818,-0.033428,0.988322
2026-08-31T18:37:22.034340,21.326500,-0.031964,-0.033184,0.987468
2026-08-31T18:37:22.062308,21.354468,-0.032208,-0.033428,0.988322
2026-08-31T18:37:22.093336,21.385496,-0.032940,-0.033428,0.988444
2026-08-31T18:37:22.093405,21.385565,-0.032452,-0.032574,0.988200
2026-08-31T18:37:22.122836,21.414996,-0.032452,-0.032940,0.988200
2026-08-31T18:37:22.152511,21.444671,-0.032208,-0.033062,0.987590
2026-08-31T18:37:22.182857,21.475017,-0.032086,-0.032940,0.988078
2026-08-31T18:37:22.214607,21.506767,-0.031110,-0.033306,0.988200
2026-08-31T18:37:22.214685,21.506845,-0.031964,-0.033428,0.987468
2026-08-31T18:37:22.243624,21.535784,-0.032208,-0.033062,0.988688
2026-08-31T18:37:22.243702,21.535862,-0.032940,-0.033672,0.987468
2026-08-31T18:37:22.272466,21.564626,-0.033672,-0.032818,0.987956
2026-08-31T18:37:22.303533,21.595693,-0.032818,-0.032940,0.987346
2026-08-31T18:37:22.303592,21.595752,-0.031964,-0.033306,0.988200
2026-08-31T18:37:22.332840,21.625000,-0.031842,-0.033550,0.988200
2026-08-31T18:37:22.364306,21.656466,-0.032086,-0.033550,0.988444
2026-08-31T18:37:22.364378,21.656538,-0.029036,-0.034038,0.988688
2026-08-31T18:37:22.392530,21.684690,-0.034038,-0.032574,0.987834
2026-08-31T18:37:22.423733,21.715893,-0.034038,-0.032574,0.987590
2026-08-31T18:37:22.423821,21.715981,-0.032208,-0.033062,0.988444
2026-08-31T18:37:22.452501,21.744661,-0.031964,-0.033550,0.988444
2026-08-31T18:37:22.482510,21.774670,-0.032330,-0.032696,0.987834
2026-08-31T18:37:22.514779,21.806939,-0.031964,-0.032818,0.988322
2026-08-31T18:37:22.514858,21.807018,-0.032086,-0.034282,0.988444
2026-08-31T18:37:22.542750,21.834910,-0.031232,-0.033062,0.988078
2026-08-31T18:37:22.543453,21.835613,-0.031720,-0.033306,0.988566
2026-08-31T18:37:22.572515,21.864675,-0.031232,-0.034160,0.987834
2026-08-31T18:37:22.603345,21.895505,-0.033184,-0.033184,0.988078
2026-08-31T18:37:22.603386,21.895546,-0.032818,-0.033550,0.987590
2026-08-31T18:37:22.631779,21.923939,-0.032940,-0.033184,0.987956
2026-08-31T18:37:22.663119,21.955279,-0.032940,-0.033550,0.988566
2026-08-31T18:37:22.692498,21.984658,-0.031354,-0.033672,0.988444
2026-08-31T18:37:22.723708,22.015868,-0.030500,-0.033794,0.988322
2026-08-31T18:37:22.723794,22.015954,-0.033428,-0.033062,0.987834
2026-08-31T18:37:22.754537,22.046697,-0.032696,-0.033184,0.987956
2026-08-31T18:37:22.754620,22.046780,-0.031964,-0.032940,0.988322
2026-08-31T18:37:22.782354,22.074514,-0.032818,-0.033062,0.988078
2026-08-31T18:37:22.814770,22.106930,-0.032086,-0.032696,0.988322
2026-08-31T18:37:22.814917,22.107077,-0.031842,-0.032818,0.988200
2026-08-31T18:37:22.842407,22.134567,-0.031842,-0.033672,0.987956
2026-08-31T18:37:22.872526,22.164686,-0.031964,-0.033428,0.988566
2026-08-31T18:37:22.934457,22.226617,-0.032208,-0.033306,0.988200
2026-08-31T18:37:22.934673,22.226833,-0.032696,-0.033672,0.987956
2026-08-31T18:37:22.934734,22.226894,-0.033306,-0.033428,0.987346
2026-08-31T18:37:22.964570,22.256730,-0.033794,-0.033306,0.986980
2026-08-31T18:37:22.964650,22.256810,-0.032330,-0.033672,0.988078
2026-08-31T18:37:22.992731,22.284891,-0.032330,-0.033916,0.988444
2026-08-31T18:37:23.023813,22.315973,-0.030622,-0.033428,0.987834
2026-08-31T18:37:23.023894,22.316054,-0.031354,-0.033916,0.988322
2026-08-31T18:37:23.052666,22.344826,-0.034038,-0.032940,0.989298
2026-08-31T18:37:23.082817,22.374977,-0.031720,-0.033062,0.988322
2026-08-31T18:37:23.112741,22.404901,-0.031964,-0.032940,0.988200
2026-08-31T18:37:23.143548,22.435708,-0.032818,-0.033428,0.987834
2026-08-31T18:37:23.144472,22.436632,-0.032818,-0.033550,0.988322
2026-08-31T18:37:23.172581,22.464741,-0.031964,-0.033550,0.987712
2026-08-31T18:37:23.205807,22.497967,-0.031232,-0.033550,0.988200
2026-08-31T18:37:23.205894,22.498054,-0.031598,-0.033916,0.988078
2026-08-31T18:37:23.232679,22.524839,-0.032940,-0.033062,0.987834
2026-08-31T18:37:23.265113,22.557273,-0.033306,-0.033672,0.987834
2026-08-31T18:37:23.265196,22.557356,-0.031964,-0.032818,0.987834
2026-08-31T18:37:23.293818,22.585978,-0.032452,-0.033306,0.987834
2026-08-31T18:37:23.293892,22.586052,-0.030988,-0.033428,0.988200
2026-08-31T18:37:23.322294,22.614454,-0.032208,-0.033428,0.988444
2026-08-31T18:37:23.384342,22.676502,-0.032574,-0.032696,0.987468
2026-08-31T18:37:23.384585,22.676745,-0.033550,-0.033550,0.987590
2026-08-31T18:37:23.384649,22.676809,-0.031476,-0.033184,0.988200
2026-08-31T18:37:23.412743,22.704903,-0.031232,-0.033306,0.987590
2026-08-31T18:37:23.442536,22.734696,-0.030866,-0.033794,0.988688
2026-08-31T18:37:23.472536,22.764696,-0.034404,-0.032330,0.987590
2026-08-31T18:37:23.504808,22.796968,-0.033062,-0.033184,0.987712
2026-08-31T18:37:23.504895,22.797055,-0.032818,-0.033550,0.987956
2026-08-31T18:37:23.532513,22.824673,-0.033306,-0.033916,0.987956
2026-08-31T18:37:23.563188,22.855348,-0.032574,-0.032818,0.987224
2026-08-31T18:37:23.563251,22.855411,-0.031476,-0.034038,0.986980
2026-08-31T18:37:23.592634,22.884794,-0.030378,-0.033794,0.988078
2026-08-31T18:37:23.623767,22.915927,-0.032696,-0.033550,0.987712
2026-08-31T18:37:23.623858,22.916018,-0.030744,-0.034038,0.988322
2026-08-31T18:37:23.652549,22.944709,-0.033428,-0.032818,0.987956
2026-08-31T18:37:23.683926,22.976086,-0.032574,-0.033306,0.987468
2026-08-31T18:37:23.684020,22.976180,-0.032086,-0.033184,0.988322
2026-08-31T18:37:23.712888,23.005048,-0.031354,-0.032940,0.988200
2026-08-31T18:37:23.743832,23.035992,-0.031598,-0.032818,0.988322
2026-08-31T18:37:23.743923,23.036083,-0.031476,-0.033550,0.988688
2026-08-31T18:37:23.772434,23.064594,-0.032452,-0.032818,0.988078
2026-08-31T18:37:23.803299,23.095459,-0.033184,-0.032574,0.988078
2026-08-31T18:37:23.834830,23.126990,-0.031476,-0.032818,0.987590
2026-08-31T18:37:23.834905,23.127065,-0.031476,-0.033794,0.988200
2026-08-31T18:37:23.862757,23.154917,-0.032696,-0.033550,0.987834
2026-08-31T18:37:23.893239,23.185399,-0.032208,-0.033062,0.988444
2026-08-31T18:37:23.894103,23.186263,-0.032086,-0.033428,0.987834
2026-08-31T18:37:23.922419,23.214579,-0.031842,-0.033428,0.987468
2026-08-31T18:37:23.953925,23.246085,-0.032208,-0.033916,0.988078
2026-08-31T18:37:23.954009,23.246169,-0.032208,-0.033184,0.987712
2026-08-31T18:37:23.983227,23.275387,-0.032208,-0.032574,0.988078
2026-08-31T18:37:24.013866,23.306026,-0.032208,-0.032940,0.988078
2026-08-31T18:37:24.016793,23.308953,-0.032208,-0.033428,0.988200
2026-08-31T18:37:24.042320,23.334480,-0.031354,-0.034038,0.988078
2026-08-31T18:37:24.073902,23.366062,-0.032330,-0.033184,0.987590
2026-08-31T18:37:24.073985,23.366145,-0.032452,-0.033306,0.987712
2026-08-31T18:37:24.103467,23.395627,-0.033062,-0.033062,0.988322
2026-08-31T18:37:24.133468,23.425628,-0.031354,-0.033794,0.987590
2026-08-31T18:37:24.134543,23.426703,-0.033062,-0.033184,0.988200
2026-08-31T18:37:24.163046,23.455206,-0.031964,-0.033550,0.987712
2026-08-31T18:37:24.192600,23.484760,-0.031964,-0.033062,0.988200
2026-08-31T18:37:24.223659,23.515819,-0.032818,-0.033428,0.988444
2026-08-31T18:37:24.223730,23.515890,-0.032086,-0.033550,0.987590
2026-08-31T18:37:24.252466,23.544626,-0.032452,-0.033062,0.987590
2026-08-31T18:37:24.283757,23.575917,-0.032940,-0.033794,0.987712
2026-08-31T18:37:24.283840,23.576000,-0.031720,-0.033306,0.987590
2026-08-31T18:37:24.312346,23.604506,-0.031232,-0.033306,0.987468
2026-08-31T18:37:24.343769,23.635929,-0.030378,-0.033550,0.988566
2026-08-31T18:37:24.343850,23.636010,-0.033916,-0.033184,0.986370
2026-08-31T18:37:24.372856,23.665016,-0.033550,-0.032940,0.987102
2026-08-31T18:37:24.404304,23.696464,-0.032452,-0.033184,0.987956
2026-08-31T18:37:24.404379,23.696539,-0.032086,-0.033794,0.987956
2026-08-31T18:37:24.432900,23.725060,-0.031720,-0.033672,0.988444
2026-08-31T18:37:24.467465,23.759625,-0.032696,-0.032452,0.988078
2026-08-31T18:37:24.467525,23.759685,-0.032208,-0.033184,0.988444
2026-08-31T18:37:24.492850,23.785010,-0.032574,-0.032940,0.987834
2026-08-31T18:37:24.523900,23.816060,-0.031598,-0.033184,0.987956
2026-08-31T18:37:24.523989,23.816149,-0.033062,-0.033550,0.987956
2026-08-31T18:37:24.552785,23.844945,-0.032818,-0.033550,0.988322
2026-08-31T18:37:24.583995,23.876155,-0.031598,-0.033306,0.988200
2026-08-31T18:37:24.584081,23.876241,-0.032696,-0.033184,0.987712
2026-08-31T18:37:24.613359,23.905519,-0.032818,-0.032818,0.988200
2026-08-31T18:37:24.642421,23.934581,-0.032330,-0.033062,0.987834
2026-08-31T18:37:24.673401,23.965561,-0.031720,-0.034282,0.988322
2026-08-31T18:37:24.673479,23.965639,-0.032696,-0.033306,0.988322
2026-08-31T18:37:24.702181,23.994341,-0.032208,-0.032940,0.988688
2026-08-31T18:37:24.735407,24.027567,-0.032818,-0.032940,0.987468
2026-08-31T18:37:24.735459,24.027619,-0.032330,-0.033184,0.988200
2026-08-31T18:37:24.794127,24.086287,-0.032330,-0.033062,0.988322
2026-08-31T18:37:24.794219,24.086379,-0.031842,-0.033672,0.988200
2026-08-31T18:37:24.795067,24.087227,-0.032452,-0.033672,0.988078
2026-08-31T18:37:24.825208,24.117368,-0.032208,-0.033062,0.987834
2026-08-31T18:37:24.855619,24.147779,-0.032330,-0.033306,0.988200
2026-08-31T18:37:24.855705,24.147865,-0.032452,-0.033306,0.987956
2026-08-31T18:37:24.885116,24.177276,-0.031720,-0.033672,0.987834
2026-08-31T18:37:24.914265,24.206425,-0.032330,-0.033672,0.988566
2026-08-31T18:37:24.914341,24.206501,-0.031842,-0.033306,0.988200
2026-08-31T18:37:24.942829,24.234989,-0.031842,-0.032940,0.987834
2026-08-31T18:37:24.972892,24.265052,-0.032452,-0.033184,0.988566
2026-08-31T18:37:25.003129,24.295289,-0.033428,-0.033062,0.987834
2026-08-31T18:37:25.004279,24.296439,-0.033184,-0.032940,0.987590
2026-08-31T18:37:25.034135,24.326295,-0.031598,-0.033062,0.988322
2026-08-31T18:37:25.034228,24.326388,-0.031720,-0.033916,0.988200
2026-08-31T18:37:25.062366,24.354526,-0.031476,-0.034160,0.988322
2026-08-31T18:37:25.093359,24.385519,-0.032330,-0.033428,0.988200
2026-08-31T18:37:25.123765,24.415925,-0.032696,-0.032940,0.987712
2026-08-31T18:37:25.124810,24.416970,-0.032452,-0.033184,0.988688
2026-08-31T18:37:25.155197,24.447357,-0.032208,-0.033184,0.988200
2026-08-31T18:37:25.184444,24.476604,-0.031598,-0.033550,0.987956
2026-08-31T18:37:25.184532,24.476692,-0.032208,-0.033428,0.988078
2026-08-31T18:37:25.212728,24.504888,-0.031110,-0.032696,0.987468
2026-08-31T18:37:25.243305,24.535465,-0.032574,-0.033306,0.988200
2026-08-31T18:37:25.244571,24.536731,-0.033062,-0.033550,0.987712
2026-08-31T18:37:25.275229,24.567389,-0.031964,-0.033428,0.987712
2026-08-31T18:37:25.305320,24.597480,-0.031964,-0.033550,0.988200
2026-08-31T18:37:25.336125,24.628285,-0.032574,-0.033184,0.988078
2026-08-31T18:37:25.336204,24.628364,-0.032330,-0.033672,0.987834
2026-08-31T18:37:25.365135,24.657295,-0.032452,-0.032818,0.988078
2026-08-31T18:37:25.396006,24.688166,-0.031720,-0.034160,0.987468
2026-08-31T18:37:25.396094,24.688254,-0.031842,-0.033550,0.987834
2026-08-31T18:37:25.425153,24.717313,-0.031720,-0.032696,0.987712
2026-08-31T18:37:25.453616,24.745776,-0.031842,-0.033062,0.988200
2026-08-31T18:37:25.483910,24.776070,-0.031598,-0.032940,0.987956
2026-08-31T18:37:25.484854,24.777014,-0.032574,-0.033184,0.987956
2026-08-31T18:37:25.514198,24.806358,-0.033184,-0.033184,0.987834
2026-08-31T18:37:25.514277,24.806437,-0.032086,-0.033306,0.987346
2026-08-31T18:37:25.543381,24.835541,-0.031476,-0.033672,0.987224
2026-08-31T18:37:25.573388,24.865548,-0.032330,-0.032696,0.988078
2026-08-31T18:37:25.604543,24.896703,-0.031964,-0.032818,0.987834
2026-08-31T18:37:25.604614,24.896774,-0.031476,-0.033306,0.987468
2026-08-31T18:37:25.634234,24.926394,-0.031842,-0.034038,0.987468
2026-08-31T18:37:25.666260,24.958420,-0.031598,-0.033306,0.988078
2026-08-31T18:37:25.666345,24.958505,-0.032208,-0.033428,0.988322
2026-08-31T18:37:25.695612,24.987772,-0.032208,-0.032940,0.987834
2026-08-31T18:37:25.726364,25.018524,-0.032574,-0.033306,0.987468
2026-08-31T18:37:25.726449,25.018609,-0.032086,-0.032696,0.987712
2026-08-31T18:37:25.754926,25.047086,-0.031842,-0.033794,0.988078
2026-08-31T18:37:25.785648,25.077808,-0.032208,-0.032940,0.987834
2026-08-31T18:37:25.785721,25.077881,-0.032452,-0.033428,0.987468
2026-08-31T18:37:25.815482,25.107642,-0.032574,-0.032696,0.987956
2026-08-31T18:37:25.844486,25.136646,-0.030622,-0.033916,0.988444
2026-08-31T18:37:25.844571,25.136731,-0.031354,-0.033916,0.988444
2026-08-31T18:37:25.872675,25.164835,-0.032818,-0.032940,0.987712
2026-08-31T18:37:25.904468,25.196628,-0.031232,-0.032818,0.987590
2026-08-31T18:37:25.904560,25.196720,-0.032818,-0.032574,0.986858
2026-08-31T18:37:25.934110,25.226270,-0.032452,-0.033184,0.988444
2026-08-31T18:37:25.965638,25.257798,-0.031842,-0.033306,0.988444
2026-08-31T18:37:25.994020,25.286180,-0.032208,-0.032574,0.988444
2026-08-31T18:37:25.995663,25.287823,-0.032452,-0.032818,0.987590
2026-08-31T18:37:26.025998,25.318158,-0.033062,-0.032696,0.987712
2026-08-31T18:37:26.026107,25.318267,-0.032086,-0.033184,0.987956
2026-08-31T18:37:26.055197,25.347357,-0.031354,-0.033672,0.987712
2026-08-31T18:37:26.085078,25.377238,-0.032086,-0.033306,0.988078
2026-08-31T18:37:26.114948,25.407108,-0.031964,-0.032940,0.988322
2026-08-31T18:37:26.115024,25.407184,-0.031842,-0.033550,0.988688
2026-08-31T18:37:26.145230,25.437390,-0.032086,-0.033306,0.988444
2026-08-31T18:37:26.176201,25.468361,-0.032330,-0.032818,0.987956
2026-08-31T18:37:26.176284,25.468444,-0.031598,-0.033184,0.987468
2026-08-31T18:37:26.205091,25.497251,-0.031720,-0.033550,0.988078
2026-08-31T18:37:26.234845,25.527005,-0.031720,-0.033794,0.988200
2026-08-31T18:37:26.264878,25.557038,-0.032574,-0.033428,0.987834
2026-08-31T18:37:26.264952,25.557112,-0.032940,-0.033916,0.987590
2026-08-31T18:37:26.293959,25.586119,-0.031842,-0.033428,0.988078
2026-08-31T18:37:26.294047,25.586207,-0.032086,-0.033306,0.987834
2026-08-31T18:37:26.322514,25.614674,-0.031964,-0.033184,0.987590
2026-08-31T18:37:26.353712,25.645872,-0.031842,-0.033062,0.987834
2026-08-31T18:37:26.354978,25.647138,-0.032330,-0.033184,0.987346
2026-08-31T18:37:26.385348,25.677508,-0.032818,-0.033184,0.987834
2026-08-31T18:37:26.415323,25.707483,-0.032452,-0.032940,0.987712
2026-08-31T18:37:26.444457,25.736617,-0.031964,-0.033184,0.987712
2026-08-31T18:37:26.444542,25.736702,-0.032086,-0.033062,0.988566
2026-08-31T18:37:26.472892,25.765052,-0.032452,-0.032208,0.987712
2026-08-31T18:37:26.504453,25.796613,-0.032452,-0.033184,0.987346
2026-08-31T18:37:26.504560,25.796720,-0.032818,-0.032940,0.987712
2026-08-31T18:37:26.533532,25.825692,-0.032086,-0.033794,0.987834
2026-08-31T18:37:26.566584,25.858744,-0.031964,-0.033306,0.988078
2026-08-31T18:37:26.566661,25.858821,-0.032086,-0.033550,0.987712
2026-08-31T18:37:26.595368,25.887528,-0.031598,-0.033184,0.987834
2026-08-31T18:37:26.626079,25.918239,-0.032940,-0.033428,0.987590
2026-08-31T18:37:26.626158,25.918318,-0.032208,-0.032940,0.987468
2026-08-31T18:37:26.655321,25.947481,-0.032696,-0.033184,0.987834
2026-08-31T18:37:26.684746,25.976906,-0.031720,-0.033306,0.987712
2026-08-31T18:37:26.714805,26.006965,-0.031842,-0.033672,0.987590
2026-08-31T18:37:26.714876,26.007036,-0.032208,-0.033550,0.987956
2026-08-31T18:37:26.742835,26.034995,-0.032330,-0.033550,0.987712
2026-08-31T18:37:26.776072,26.068232,-0.032452,-0.032452,0.988200
2026-08-31T18:37:26.776161,26.068321,-0.032818,-0.033062,0.987712
2026-08-31T18:37:26.806318,26.098478,-0.031964,-0.032696,0.987956
2026-08-31T18:37:26.806407,26.098567,-0.031842,-0.033306,0.988322
2026-08-31T18:37:26.835651,26.127811,-0.032086,-0.032940,0.988078
2026-08-31T18:37:26.863647,26.155807,-0.032086,-0.033428,0.988444
2026-08-31T18:37:26.893415,26.185575,-0.032452,-0.032940,0.988078
2026-08-31T18:37:26.893493,26.185653,-0.032696,-0.033306,0.987712
2026-08-31T18:37:26.922477,26.214637,-0.032696,-0.033428,0.988322
2026-08-31T18:37:26.954693,26.246853,-0.031964,-0.033062,0.987834
2026-08-31T18:37:26.954780,26.246940,-0.032208,-0.033428,0.988200
2026-08-31T18:37:26.982918,26.275078,-0.032574,-0.032452,0.987712
2026-08-31T18:37:27.013298,26.305458,-0.032452,-0.033184,0.987956
2026-08-31T18:37:27.044392,26.336552,-0.031842,-0.032940,0.988444
2026-08-31T18:37:27.044480,26.336640,-0.031720,-0.033306,0.988322
2026-08-31T18:37:27.072602,26.364762,-0.032818,-0.033184,0.988566
2026-08-31T18:37:27.104328,26.396488,-0.032208,-0.033306,0.987712
2026-08-31T18:37:27.105485,26.397645,-0.032452,-0.033428,0.987712
2026-08-31T18:37:27.135582,26.427742,-0.032086,-0.033428,0.987834
2026-08-31T18:37:27.135638,26.427798,-0.032574,-0.033184,0.988078
2026-08-31T18:37:27.165552,26.457712,-0.032696,-0.033184,0.987468
2026-08-31T18:37:27.195177,26.487337,-0.032208,-0.033306,0.987834
2026-08-31T18:37:27.226205,26.518365,-0.032208,-0.033428,0.988322
2026-08-31T18:37:27.226286,26.518446,-0.031720,-0.033672,0.988688
2026-08-31T18:37:27.255228,26.547388,-0.031964,-0.034038,0.987224
2026-08-31T18:37:27.286134,26.578294,-0.032086,-0.033428,0.988078
2026-08-31T18:37:27.286247,26.578407,-0.032086,-0.032818,0.988200
2026-08-31T18:37:27.316382,26.608542,-0.031964,-0.033428,0.987956
2026-08-31T18:37:27.343915,26.636075,-0.032696,-0.033062,0.988200
2026-08-31T18:37:27.345781,26.637941,-0.032330,-0.034038,0.988200
2026-08-31T18:37:27.375187,26.667347,-0.032330,-0.033184,0.987834
2026-08-31T18:37:27.406743,26.698903,-0.031964,-0.033306,0.987834
2026-08-31T18:37:27.406834,26.698994,-0.031964,-0.033306,0.988688
2026-08-31T18:37:27.435331,26.727491,-0.032452,-0.033306,0.988322
2026-08-31T18:37:27.466437,26.758597,-0.031354,-0.033672,0.988200
2026-08-31T18:37:27.494543,26.786703,-0.033062,-0.032940,0.988200
2026-08-31T18:37:27.494631,26.786791,-0.032452,-0.032940,0.987834
2026-08-31T18:37:27.522784,26.814944,-0.031964,-0.032818,0.987590
2026-08-31T18:37:27.553834,26.845994,-0.031354,-0.032940,0.987834
2026-08-31T18:37:27.553933,26.846093,-0.031842,-0.033062,0.988566
2026-08-31T18:37:27.583150,26.875310,-0.031964,-0.032574,0.987224
2026-08-31T18:37:27.614531,26.906691,-0.032086,-0.032940,0.987346
2026-08-31T18:37:27.614638,26.906798,-0.032696,-0.032940,0.987468
2026-08-31T18:37:27.641800,26.933960,-0.031720,-0.032574,0.987956
2026-08-31T18:37:27.672903,26.965063,-0.031964,-0.033062,0.987956
2026-08-31T18:37:27.705820,26.997980,-0.031964,-0.033306,0.987346
2026-08-31T18:37:27.705883,26.998043,-0.031964,-0.033062,0.987712
2026-08-31T18:37:27.734762,27.026922,-0.031964,-0.033306,0.986980
2026-08-31T18:37:27.764394,27.056554,-0.031842,-0.032574,0.988078
2026-08-31T18:37:27.764471,27.056631,-0.032818,-0.033550,0.988444
2026-08-31T18:37:27.793980,27.086140,-0.032574,-0.033306,0.987956
2026-08-31T18:37:27.794062,27.086222,-0.031476,-0.032818,0.987956
2026-08-31T18:37:27.822953,27.115113,-0.031964,-0.033672,0.987712
2026-08-31T18:37:27.853416,27.145576,-0.031842,-0.033672,0.987346
2026-08-31T18:37:27.885656,27.177816,-0.031598,-0.033672,0.988444
2026-08-31T18:37:27.885761,27.177921,-0.032574,-0.033550,0.987712
2026-08-31T18:37:27.912739,27.204899,-0.032452,-0.033062,0.987956
2026-08-31T18:37:27.944442,27.236602,-0.032452,-0.033428,0.988078
2026-08-31T18:37:27.944557,27.236717,-0.031232,-0.032818,0.989054
2026-08-31T18:37:27.972699,27.264859,-0.031720,-0.032940,0.987956
2026-08-31T18:37:28.003541,27.295701,-0.031842,-0.033306,0.987834
2026-08-31T18:37:28.034049,27.326209,-0.031720,-0.033550,0.988200
2026-08-31T18:37:28.034136,27.326296,-0.032086,-0.033916,0.987956
2026-08-31T18:37:28.062600,27.354760,-0.032940,-0.032696,0.987224
2026-08-31T18:37:28.093837,27.385997,-0.031720,-0.033062,0.988200
2026-08-31T18:37:28.094874,27.387034,-0.031598,-0.034038,0.987956
2026-08-31T18:37:28.124864,27.417024,-0.032330,-0.032818,0.987956
2026-08-31T18:37:28.153931,27.446091,-0.032086,-0.033306,0.987712
2026-08-31T18:37:28.153999,27.446159,-0.032696,-0.032818,0.987590
2026-08-31T18:37:28.184161,27.476321,-0.031598,-0.033184,0.988078
2026-08-31T18:37:28.184243,27.476403,-0.032208,-0.033306,0.987956
2026-08-31T18:37:28.212725,27.504885,-0.031842,-0.033428,0.987590
2026-08-31T18:37:28.243837,27.535997,-0.032086,-0.033184,0.987590
2026-08-31T18:37:28.274097,27.566257,-0.032330,-0.032940,0.988078
2026-08-31T18:37:28.274199,27.566359,-0.030988,-0.033428,0.988322
2026-08-31T18:37:28.302778,27.594938,-0.031720,-0.033550,0.987468
2026-08-31T18:37:28.334078,27.626238,-0.031964,-0.034038,0.987346
2026-08-31T18:37:28.335792,27.627952,-0.031964,-0.033672,0.987590
2026-08-31T18:37:28.365478,27.657638,-0.032330,-0.033306,0.987834
2026-08-31T18:37:28.394621,27.686781,-0.032818,-0.033428,0.988200
2026-08-31T18:37:28.394710,27.686870,-0.031842,-0.033428,0.987834
2026-08-31T18:37:28.453849,27.746009,-0.032330,-0.032940,0.988322
2026-08-31T18:37:28.453943,27.746103,-0.032574,-0.033062,0.987834
2026-08-31T18:37:28.484326,27.776486,-0.032086,-0.033306,0.987224
2026-08-31T18:37:28.484408,27.776568,-0.031476,-0.033184,0.988444
2026-08-31T18:37:28.512621,27.804781,-0.031964,-0.032696,0.988322
2026-08-31T18:37:28.542650,27.834810,-0.031964,-0.033062,0.988078
2026-08-31T18:37:28.573785,27.865945,-0.031964,-0.032940,0.987834
2026-08-31T18:37:28.574367,27.866527,-0.032452,-0.033184,0.987468
2026-08-31T18:37:28.602564,27.894724,-0.032940,-0.033062,0.987224
2026-08-31T18:37:28.635646,27.927806,-0.030988,-0.033794,0.988322
2026-08-31T18:37:28.635712,27.927872,-0.030866,-0.033062,0.988444
2026-08-31T18:37:28.666111,27.958271,-0.031110,-0.033306,0.987712
2026-08-31T18:37:28.666198,27.958358,-0.032452,-0.033184,0.988078
2026-08-31T18:37:28.695263,27.987423,-0.033062,-0.032574,0.987224
2026-08-31T18:37:28.724604,28.016764,-0.031232,-0.034160,0.987468
2026-08-31T18:37:28.724693,28.016853,-0.031720,-0.033672,0.988322
2026-08-31T18:37:28.752593,28.044753,-0.031476,-0.032452,0.988444
2026-08-31T18:37:28.783564,28.075724,-0.031476,-0.033428,0.988322
2026-08-31T18:37:28.814383,28.106543,-0.032818,-0.032574,0.986980
2026-08-31T18:37:28.814471,28.106631,-0.034282,-0.032818,0.986614
2026-08-31T18:37:28.842487,28.134647,-0.032574,-0.031598,0.988078
2026-08-31T18:37:28.874212,28.166372,-0.024766,-0.034648,0.990030
2026-08-31T18:37:28.874300,28.166460,-0.028914,-0.034648,0.986858
2026-08-31T18:37:28.905785,28.197945,-0.035746,-0.034404,0.987590
2026-08-31T18:37:28.936135,28.228295,-0.038796,-0.032818,0.986614
2026-08-31T18:37:28.936220,28.228380,-0.033916,-0.031232,0.988078
2026-08-31T18:37:28.965513,28.257673,-0.029890,-0.031964,0.993812
2026-08-31T18:37:28.995257,28.287417,-0.029768,-0.034770,0.988810
2026-08-31T18:37:29.026323,28.318483,-0.031598,-0.034892,0.986614
2026-08-31T18:37:29.026414,28.318574,-0.033672,-0.033672,0.985272
2026-08-31T18:37:29.055796,28.347956,-0.035624,-0.033306,0.988200
2026-08-31T18:37:29.055860,28.348020,-0.032696,-0.032452,0.989054
2026-08-31T18:37:29.084875,28.377035,-0.031842,-0.032574,0.989420
2026-08-31T18:37:29.113524,28.405684,-0.031964,-0.033306,0.985882
2026-08-31T18:37:29.144149,28.436309,-0.030866,-0.032940,0.987468
2026-08-31T18:37:29.144240,28.436400,-0.030378,-0.036112,0.989054
2026-08-31T18:37:29.173988,28.466148,-0.032452,-0.032940,0.988322
2026-08-31T18:37:29.174070,28.466230,-0.032940,-0.033184,0.988322
2026-08-31T18:37:29.202975,28.495135,-0.033062,-0.031842,0.986370
2026-08-31T18:37:29.233891,28.526051,-0.035258,-0.031598,0.989420
2026-08-31T18:37:29.266304,28.558464,-0.028914,-0.036478,0.983320
2026-08-31T18:37:29.266399,28.558559,-0.030134,-0.035380,0.987468
2026-08-31T18:37:29.295202,28.587362,-0.026718,-0.035624,0.991616
2026-08-31T18:37:29.323919,28.616079,-0.036112,-0.030622,0.988444
2026-08-31T18:37:29.324956,28.617116,-0.034526,-0.031598,0.984784
2026-08-31T18:37:29.355453,28.647613,-0.032574,-0.034526,0.988322
2026-08-31T18:37:29.385612,28.677772,-0.032818,-0.033672,0.986858
2026-08-31T18:37:29.386370,28.678530,-0.032330,-0.033428,0.988078
2026-08-31T18:37:29.415687,28.707847,-0.033184,-0.032574,0.989054
2026-08-31T18:37:29.444009,28.736169,-0.032330,-0.033184,0.987590
2026-08-31T18:37:29.445064,28.737224,-0.031964,-0.034038,0.988444
2026-08-31T18:37:29.475274,28.767434,-0.031720,-0.034770,0.984906
2026-08-31T18:37:29.505682,28.797842,-0.031232,-0.034038,0.987834
2026-08-31T18:37:29.537196,28.829356,-0.032818,-0.032940,0.988932
2026-08-31T18:37:29.537265,28.829425,-0.031720,-0.032818,0.987956
2026-08-31T18:37:29.566607,28.858767,-0.032940,-0.033062,0.986370
2026-08-31T18:37:29.566692,28.858852,-0.032574,-0.033306,0.986858
2026-08-31T18:37:29.595265,28.887425,-0.031476,-0.033672,0.987956
2026-08-31T18:37:29.623661,28.915821,-0.031720,-0.033672,0.989542
2026-08-31T18:37:29.654362,28.946522,-0.031598,-0.032452,0.987834
2026-08-31T18:37:29.654460,28.946620,-0.032208,-0.034648,0.987468
2026-08-31T18:37:29.684077,28.976237,-0.032818,-0.033550,0.987468
2026-08-31T18:37:29.714457,29.006617,-0.031720,-0.033184,0.988444
2026-08-31T18:37:29.714543,29.006703,-0.032208,-0.033794,0.988932
2026-08-31T18:37:29.742727,29.034887,-0.032940,-0.032818,0.988688
2026-08-31T18:37:29.774429,29.066589,-0.031964,-0.034160,0.987224
2026-08-31T18:37:29.774496,29.066656,-0.030500,-0.034526,0.989176
2026-08-31T18:37:29.804270,29.096430,-0.031232,-0.033428,0.989054
2026-08-31T18:37:29.834821,29.126981,-0.031720,-0.033672,0.987224
2026-08-31T18:37:29.834988,29.127148,-0.030988,-0.033672,0.990030
2026-08-31T18:37:29.862761,29.154921,-0.039772,-0.034160,0.987468
2026-08-31T18:37:29.893555,29.185715,-0.089670,-0.028304,0.936472
2026-08-31T18:37:29.924382,29.216542,-0.213500,-0.075640,0.889868
2026-08-31T18:37:29.924473,29.216633,-0.479216,-0.072834,1.084214
2026-08-31T18:37:29.952579,29.244739,0.206180,-0.009882,1.090192
2026-08-31T18:37:29.984893,29.277053,0.100772,-0.013176,0.990396
2026-08-31T18:37:29.984973,29.277133,-0.015128,-0.005124,0.962702
2026-08-31T18:37:30.013030,29.305190,-0.082228,-0.098088,0.789462
2026-08-31T18:37:30.044133,29.336293,-0.039772,-0.057584,1.083970
2026-08-31T18:37:30.044203,29.336363,-0.039406,0.004026,0.916342
2026-08-31T18:37:30.072572,29.364732,-0.026352,-0.027938,0.983930
2026-08-31T18:37:30.106315,29.398475,-0.029524,-0.026718,1.002718
2026-08-31T18:37:30.106401,29.398561,-0.034892,-0.030622,0.996130
2026-08-31T18:37:30.135213,29.427373,-0.035380,-0.039040,0.981002
2026-08-31T18:37:30.163619,29.455779,-0.028060,-0.033184,0.982344
2026-08-31T18:37:30.193441,29.485601,0.000976,-0.044896,0.998570
2026-08-31T18:37:30.194355,29.486515,0.154208,-0.077836,0.977098
2026-08-31T18:37:30.223255,29.515415,0.548878,-0.201910,0.895114
2026-08-31T18:37:30.254401,29.546561,-0.698572,-0.393572,1.060912
2026-08-31T18:37:30.254535,29.546695,-0.222040,0.236558,0.430782
2026-08-31T18:37:30.282688,29.574848,0.055632,-0.030988,1.010892
2026-08-31T18:37:30.313533,29.605693,-0.080154,-0.106994,0.985760
2026-08-31T18:37:30.314518,29.606678,-0.019032,-0.031354,1.012600
2026-08-31T18:37:30.345396,29.637556,-0.021594,-0.037820,0.994788
2026-08-31T18:37:30.376229,29.668389,-0.036722,-0.036722,0.991494
2026-08-31T18:37:30.376316,29.668476,-0.032818,-0.035746,0.987346
2026-08-31T18:37:30.405291,29.697451,-0.032086,-0.035624,0.988566
2026-08-31T18:37:30.435422,29.727582,-0.032696,-0.035868,0.987834
2026-08-31T18:37:30.464541,29.756701,-0.032330,-0.035990,0.987102
2026-08-31T18:37:30.464656,29.756816,-0.033062,-0.035624,0.988322
2026-08-31T18:37:30.494115,29.786275,-0.032696,-0.035380,0.987346
2026-08-31T18:37:30.494203,29.786363,-0.032208,-0.034892,0.987468
2026-08-31T18:37:30.553803,29.845963,-0.032696,-0.035624,0.987590
2026-08-31T18:37:30.553870,29.846030,-0.032086,-0.036112,0.987834
2026-08-31T18:37:30.584830,29.876990,-0.032574,-0.035868,0.987956
2026-08-31T18:37:30.584891,29.877051,-0.032208,-0.035502,0.987834
2026-08-31T18:37:30.612756,29.904916,-0.032208,-0.034648,0.987834
2026-08-31T18:37:30.643511,29.935671,-0.032208,-0.035136,0.988444
2026-08-31T18:37:30.674397,29.966557,-0.032330,-0.035624,0.987712
2026-08-31T18:37:30.674473,29.966633,-0.031354,-0.035380,0.987956
2026-08-31T18:37:30.703614,29.995774,-0.032330,-0.035380,0.987956
2026-08-31T18:37:30.736644,30.028804,-0.032330,-0.035746,0.987712
2026-08-31T18:37:30.736731,30.028891,-0.032086,-0.035136,0.987102
2026-08-31T18:37:30.764929,30.057089,-0.031842,-0.035502,0.987956
2026-08-31T18:37:30.795951,30.088111,-0.031476,-0.035624,0.987712
2026-08-31T18:37:30.796020,30.088180,-0.032330,-0.035502,0.987468
2026-08-31T18:37:30.825459,30.117619,-0.032330,-0.035258,0.988078
2026-08-31T18:37:30.856499,30.148659,-0.031842,-0.035258,0.988444
2026-08-31T18:37:30.856586,30.148746,-0.031842,-0.035258,0.987956
2026-08-31T18:37:30.885303,30.177463,-0.032574,-0.035502,0.987468
2026-08-31T18:37:30.914646,30.206806,-0.032086,-0.035380,0.987590
2026-08-31T18:37:30.914736,30.206896,-0.031720,-0.034648,0.988078
2026-08-31T18:37:30.942796,30.234956,-0.032330,-0.035014,0.988078
2026-08-31T18:37:30.973908,30.266068,-0.032330,-0.035746,0.988566
2026-08-31T18:37:30.973976,30.266136,-0.032208,-0.035136,0.987224
2026-08-31T18:37:31.005042,30.297202,-0.032330,-0.034770,0.988200
2026-08-31T18:37:31.036538,30.328698,-0.032330,-0.035380,0.988200
2026-08-31T18:37:31.036614,30.328774,-0.032208,-0.035380,0.987712
2026-08-31T18:37:31.065155,30.357315,-0.032208,-0.035502,0.987956
2026-08-31T18:37:31.093740,30.385900,-0.032574,-0.035258,0.987956
2026-08-31T18:37:31.124029,30.416189,-0.032574,-0.035136,0.987712
2026-08-31T18:37:31.124111,30.416271,-0.032086,-0.035868,0.987712
2026-08-31T18:37:31.153875,30.446035,-0.032208,-0.035136,0.987956
2026-08-31T18:37:31.153951,30.446111,-0.032574,-0.035136,0.988200
2026-08-31T18:37:31.183049,30.475209,-0.032086,-0.035014,0.987956
2026-08-31T18:37:31.213578,30.505738,-0.032452,-0.035624,0.988322
2026-08-31T18:37:31.244497,30.536657,-0.032208,-0.035380,0.987956
2026-08-31T18:37:31.244578,30.536738,-0.032452,-0.035502,0.988078
2026-08-31T18:37:31.273767,30.565927,-0.032696,-0.035258,0.987590
2026-08-31T18:37:31.273865,30.566025,-0.032452,-0.035380,0.987956
2026-08-31T18:37:31.304589,30.596749,-0.032940,-0.035502,0.987712
2026-08-31T18:37:31.334215,30.626375,-0.032086,-0.035868,0.987834
2026-08-31T18:37:31.334301,30.626461,-0.032452,-0.035380,0.987834
2026-08-31T18:37:31.362784,30.654944,-0.032574,-0.035380,0.987712
2026-08-31T18:37:31.394465,30.686625,-0.032452,-0.035502,0.987834
2026-08-31T18:37:31.394572,30.686732,-0.032696,-0.035380,0.987468
2026-08-31T18:37:31.422730,30.714890,-0.033062,-0.035624,0.987590
2026-08-31T18:37:31.453999,30.746159,-0.032330,-0.035380,0.987712
2026-08-31T18:37:31.454069,30.746229,-0.031964,-0.035258,0.987834
2026-08-31T18:37:31.514022,30.806182,-0.032208,-0.035380,0.988078
2026-08-31T18:37:31.514103,30.806263,-0.032208,-0.035502,0.987956
2026-08-31T18:37:31.543319,30.835479,-0.032452,-0.035624,0.987590
2026-08-31T18:37:31.544372,30.836532,-0.031476,-0.035380,0.988200
2026-08-31T18:37:31.573402,30.865562,-0.032086,-0.035136,0.987834
2026-08-31T18:37:31.603904,30.896064,-0.032330,-0.035380,0.987346
2026-08-31T18:37:31.635661,30.927821,-0.032330,-0.035136,0.987346
2026-08-31T18:37:31.635779,30.927939,-0.032452,-0.035502,0.987712
2026-08-31T18:37:31.663359,30.955519,-0.032452,-0.035136,0.987834
2026-08-31T18:37:31.665103,30.957263,-0.032574,-0.035502,0.987834
2026-08-31T18:37:31.695364,30.987524,-0.032330,-0.035868,0.987468
2026-08-31T18:37:31.723886,31.016046,-0.032696,-0.035014,0.988566
2026-08-31T18:37:31.753933,31.046093,-0.032330,-0.035380,0.988200
2026-08-31T18:37:31.754,31.046160,-0.032086,-0.034892,0.987712
2026-08-31T18:37:31.813689,31.105849,-0.031964,-0.035014,0.988078
2026-08-31T18:37:31.816019,31.108179,-0.032330,-0.035380,0.987712
2026-08-31T18:37:31.816110,31.108270,-0.032452,-0.035014,0.988566
2026-08-31T18:37:31.845343,31.137503,-0.032452,-0.035136,0.988200
2026-08-31T18:37:31.874841,31.167001,-0.032208,-0.034648,0.987834
2026-08-31T18:37:31.874924,31.167084,-0.031964,-0.035258,0.988200
2026-08-31T18:37:31.903641,31.195801,-0.032208,-0.034526,0.987102
2026-08-31T18:37:31.934313,31.226473,-0.031720,-0.035014,0.988322
2026-08-31T18:37:31.934395,31.226555,-0.031964,-0.035136,0.987712
2026-08-31T18:37:31.966149,31.258309,-0.032452,-0.035502,0.987712
2026-08-31T18:37:31.966234,31.258394,-0.032208,-0.035014,0.987712
2026-08-31T18:37:31.995393,31.287553,-0.032208,-0.034648,0.988200
2026-08-31T18:37:32.024,31.316160,-0.031964,-0.035624,0.987590
2026-08-31T18:37:32.053278,31.345438,-0.032452,-0.035380,0.987224
2026-08-31T18:37:32.054218,31.346378,-0.031720,-0.034892,0.987468
2026-08-31T18:37:32.083977,31.376137,-0.032696,-0.035380,0.987102
2026-08-31T18:37:32.114502,31.406662,-0.032086,-0.035136,0.987590
2026-08-31T18:37:32.114592,31.406752,-0.032086,-0.035380,0.987956
2026-08-31T18:37:32.143104,31.435264,-0.032818,-0.035258,0.987956
2026-08-31T18:37:32.173055,31.465215,-0.032208,-0.035136,0.987834
2026-08-31T18:37:32.206679,31.498839,-0.031476,-0.035624,0.987590
2026-08-31T18:37:32.206742,31.498902,-0.032452,-0.034892,0.987346
2026-08-31T18:37:32.235355,31.527515,-0.032208,-0.035380,0.987102
2026-08-31T18:37:32.263711,31.555871,-0.032330,-0.035502,0.988200
2026-08-31T18:37:32.265060,31.557220,-0.031964,-0.034526,0.988566
2026-08-31T18:37:32.295489,31.587649,-0.031842,-0.035746,0.987468
2026-08-31T18:37:32.326311,31.618471,-0.032086,-0.035136,0.987590
2026-08-31T18:37:32.326406,31.618566,-0.031598,-0.035014,0.987468
2026-08-31T18:37:32.355523,31.647683,-0.032696,-0.035014,0.987834
2026-08-31T18:37:32.384196,31.676356,-0.032574,-0.035258,0.987346
2026-08-31T18:37:32.384270,31.676430,-0.032208,-0.035258,0.987468
2026-08-31T18:37:32.412921,31.705081,-0.032940,-0.035380,0.987956
2026-08-31T18:37:32.444623,31.736783,-0.032452,-0.035014,0.987224
2026-08-31T18:37:32.444709,31.736869,-0.032818,-0.035502,0.988078
2026-08-31T18:37:32.472790,31.764950,-0.032208,-0.035502,0.988322
2026-08-31T18:37:32.504441,31.796601,-0.031720,-0.034648,0.988322
2026-08-31T18:37:32.504524,31.796684,-0.031964,-0.034526,0.987590
2026-08-31T18:37:32.532621,31.824781,-0.032086,-0.035014,0.987834
2026-08-31T18:37:32.563525,31.855685,-0.031964,-0.035258,0.987834
2026-08-31T18:37:32.594020,31.886180,-0.031964,-0.034770,0.987834
2026-08-31T18:37:32.594106,31.886266,-0.031232,-0.035014,0.988078
2026-08-31T18:37:32.624229,31.916389,-0.032574,-0.035014,0.988444
2026-08-31T18:37:32.624306,31.916466,-0.032208,-0.035136,0.988200
2026-08-31T18:37:32.652766,31.944926,-0.032330,-0.035624,0.987834
2026-08-31T18:37:32.682764,31.974924,-0.032696,-0.035380,0.988078
2026-08-31T18:37:32.713793,32.005953,-0.032574,-0.035502,0.988078
2026-08-31T18:37:32.713839,32.005999,-0.032696,-0.035014,0.986858
2026-08-31T18:37:32.742536,32.034696,-0.031598,-0.035380,0.987224
2026-08-31T18:37:32.773898,32.066058,-0.031842,-0.035258,0.987590
2026-08-31T18:37:32.774858,32.067018,-0.032208,-0.035380,0.987590
2026-08-31T18:37:32.805509,32.097669,-0.032330,-0.035014,0.987956
2026-08-31T18:37:32.836297,32.128457,-0.032330,-0.034892,0.988200
2026-08-31T18:37:32.836382,32.128542,-0.031964,-0.035380,0.987468
2026-08-31T18:37:32.865261,32.157421,-0.031964,-0.035014,0.987834
2026-08-31T18:37:32.894093,32.186253,-0.032330,-0.035258,0.987956
2026-08-31T18:37:32.895090,32.187250,-0.032452,-0.035136,0.987712
2026-08-31T18:37:32.925432,32.217592,-0.032330,-0.035136,0.987590
2026-08-31T18:37:32.953695,32.245855,-0.032696,-0.034648,0.988322
2026-08-31T18:37:32.953744,32.245904,-0.032818,-0.035136,0.987712
2026-08-31T18:37:32.982886,32.275046,-0.031842,-0.035380,0.988078
2026-08-31T18:37:33.013944,32.306104,-0.032086,-0.035746,0.987956
2026-08-31T18:37:33.014906,32.307066,-0.032452,-0.034648,0.987712
2026-08-31T18:37:33.045395,32.337555,-0.032208,-0.034648,0.987590
2026-08-31T18:37:33.074280,32.366440,-0.032330,-0.034892,0.987834
2026-08-31T18:37:33.074382,32.366542,-0.032940,-0.035136,0.987346
2026-08-31T18:37:33.103321,32.395481,-0.032086,-0.035136,0.987834
2026-08-31T18:37:33.163976,32.456136,-0.031964,-0.035258,0.987346
2026-08-31T18:37:33.167013,32.459173,-0.031842,-0.035136,0.987468
2026-08-31T18:37:33.167163,32.459323,-0.032574,-0.035014,0.988078
2026-08-31T18:37:33.167208,32.459368,-0.032330,-0.034892,0.987834
2026-08-31T18:37:33.195209,32.487369,-0.032330,-0.035380,0.988444
2026-08-31T18:37:33.223414,32.515574,-0.032208,-0.035258,0.987712
2026-08-31T18:37:33.253756,32.545916,-0.032086,-0.034892,0.988444
2026-08-31T18:37:33.255018,32.547178,-0.032574,-0.035136,0.987468
2026-08-31T18:37:33.283344,32.575504,-0.032452,-0.035624,0.987346
2026-08-31T18:37:33.314631,32.606791,-0.032574,-0.034892,0.987834
2026-08-31T18:37:33.314717,32.606877,-0.032208,-0.035014,0.988078
2026-08-31T18:37:33.342778,32.634938,-0.032208,-0.035014,0.987956
2026-08-31T18:37:33.374202,32.666362,-0.031842,-0.035136,0.988688
2026-08-31T18:37:33.404898,32.697058,-0.032330,-0.035380,0.987834
2026-08-31T18:37:33.404955,32.697115,-0.032086,-0.035380,0.988200
2026-08-31T18:37:33.434353,32.726513,-0.031842,-0.035258,0.987956
2026-08-31T18:37:33.434401,32.726561,-0.031842,-0.035136,0.987956
2026-08-31T18:37:33.465256,32.757416,-0.032330,-0.034770,0.987590
2026-08-31T18:37:33.494138,32.786298,-0.032086,-0.035380,0.987102
2026-08-31T18:37:33.495212,32.787372,-0.032818,-0.035136,0.987834
2026-08-31T18:37:33.525496,32.817656,-0.032818,-0.035014,0.988078
2026-08-31T18:37:33.553516,32.845676,-0.032330,-0.035380,0.988078
2026-08-31T18:37:33.584967,32.877127,-0.033306,-0.035014,0.988078
2026-08-31T18:37:33.585041,32.877201,-0.031842,-0.035258,0.987712
2026-08-31T18:37:33.613502,32.905662,-0.032818,-0.035502,0.987712
2026-08-31T18:37:33.614508,32.906668,-0.032330,-0.035502,0.987468
2026-08-31T18:37:33.642657,32.934817,-0.031964,-0.035746,0.988322
2026-08-31T18:37:33.674194,32.966354,-0.032208,-0.034892,0.988078
2026-08-31T18:37:33.674288,32.966448,-0.032574,-0.035380,0.987468
2026-08-31T18:37:33.703,32.995160,-0.032330,-0.035258,0.987468
2026-08-31T18:37:33.736154,33.028314,-0.032330,-0.035502,0.987102
2026-08-31T18:37:33.766284,33.058444,-0.032696,-0.034770,0.988078
2026-08-31T18:37:33.766363,33.058523,-0.032330,-0.035380,0.987712
2026-08-31T18:37:33.796595,33.088755,-0.031842,-0.035258,0.987834
2026-08-31T18:37:33.796684,33.088844,-0.032208,-0.035014,0.987346
2026-08-31T18:37:33.825776,33.117936,-0.032208,-0.035746,0.987468
2026-08-31T18:37:33.855598,33.147758,-0.032330,-0.035380,0.987956
2026-08-31T18:37:33.884792,33.176952,-0.032086,-0.034892,0.987834
2026-08-31T18:37:33.884864,33.177024,-0.032330,-0.035258,0.987712
2026-08-31T18:37:33.912939,33.205099,-0.032452,-0.035380,0.988322
2026-08-31T18:37:33.943468,33.235628,-0.032086,-0.035258,0.987346
2026-08-31T18:37:33.974563,33.266723,-0.032452,-0.034892,0.988200
2026-08-31T18:37:33.974692,33.266852,-0.032086,-0.034404,0.987834
2026-08-31T18:37:34.003235,33.295395,-0.031964,-0.035136,0.987956
2026-08-31T18:37:34.037003,33.329163,-0.031964,-0.035136,0.987956
2026-08-31T18:37:34.037140,33.329300,-0.032208,-0.035624,0.988200
2026-08-31T18:37:34.065332,33.357492,-0.031476,-0.034648,0.987956
2026-08-31T18:37:34.093703,33.385863,-0.032330,-0.035136,0.988078
2026-08-31T18:37:34.123187,33.415347,-0.032208,-0.034892,0.987712
2026-08-31T18:37:34.124353,33.416513,-0.032696,-0.035136,0.987834
2026-08-31T18:37:34.154465,33.446625,-0.031964,-0.035258,0.988078
2026-08-31T18:37:34.154550,33.446710,-0.032452,-0.035136,0.987712
2026-08-31T18:37:34.182733,33.474893,-0.032330,-0.035014,0.987834
2026-08-31T18:37:34.213656,33.505816,-0.032330,-0.035136,0.987712
2026-08-31T18:37:34.243874,33.536034,-0.032208,-0.035014,0.987712
2026-08-31T18:37:34.245708,33.537868,-0.032574,-0.035014,0.988078
2026-08-31T18:37:34.275945,33.568105,-0.032208,-0.034892,0.987956
2026-08-31T18:37:34.276005,33.568165,-0.032330,-0.035746,0.987590
2026-08-31T18:37:34.305769,33.597929,-0.031842,-0.035624,0.987834
2026-08-31T18:37:34.335931,33.628091,-0.032574,-0.035136,0.988200
2026-08-31T18:37:34.363844,33.656004,-0.031720,-0.035380,0.988688
2026-08-31T18:37:34.365652,33.657812,-0.032208,-0.035014,0.987712
2026-08-31T18:37:34.395501,33.687661,-0.032452,-0.035014,0.987590
2026-08-31T18:37:34.424763,33.716923,-0.032086,-0.034282,0.987834
2026-08-31T18:37:34.424846,33.717006,-0.031842,-0.035380,0.987590
2026-08-31T18:37:34.453076,33.745236,-0.032574,-0.035502,0.987712
2026-08-31T18:37:34.483903,33.776063,-0.032452,-0.034892,0.987590
2026-08-31T18:37:34.514165,33.806325,-0.032574,-0.035380,0.987346
2026-08-31T18:37:34.514253,33.806413,-0.031598,-0.035136,0.987956
2026-08-31T18:37:34.544350,33.836510,-0.032330,-0.034892,0.987712
2026-08-31T18:37:34.544441,33.836601,-0.031720,-0.034526,0.987956
2026-08-31T18:37:34.572446,33.864606,-0.032208,-0.034892,0.987468
2026-08-31T18:37:34.604139,33.896299,-0.032086,-0.035746,0.987712
2026-08-31T18:37:34.637185,33.929345,-0.032208,-0.034770,0.988078
2026-08-31T18:37:34.637266,33.929426,-0.032086,-0.035502,0.988078
2026-08-31T18:37:34.666776,33.958936,-0.032818,-0.035014,0.987468
2026-08-31T18:37:34.666861,33.959021,-0.032940,-0.034892,0.987834
2026-08-31T18:37:34.695481,33.987641,-0.032452,-0.035136,0.987834
2026-08-31T18:37:34.724052,34.016212,-0.032330,-0.035136,0.987468
2026-08-31T18:37:34.725332,34.017492,-0.032818,-0.035380,0.988078
2026-08-31T18:37:34.755652,34.047812,-0.032330,-0.034892,0.987834
2026-08-31T18:37:34.785368,34.077528,-0.032818,-0.035380,0.987834
2026-08-31T18:37:34.816130,34.108290,-0.032696,-0.035014,0.987834
2026-08-31T18:37:34.816219,34.108379,-0.032330,-0.035624,0.987468
2026-08-31T18:37:34.845240,34.137400,-0.032208,-0.034526,0.987468
2026-08-31T18:37:34.874371,34.166531,-0.032208,-0.035258,0.987834
2026-08-31T18:37:34.874444,34.166604,-0.031964,-0.034892,0.986736
2026-08-31T18:37:34.905759,34.197919,-0.033184,-0.035136,0.987346
2026-08-31T18:37:34.935498,34.227658,-0.032208,-0.035258,0.988444
2026-08-31T18:37:34.966369,34.258529,-0.032208,-0.035136,0.987834
2026-08-31T18:37:34.966455,34.258615,-0.032452,-0.035502,0.987346
2026-08-31T18:37:34.995481,34.287641,-0.032574,-0.035990,0.987834
2026-08-31T18:37:35.024877,34.317037,-0.033184,-0.035136,0.988322
2026-08-31T18:37:35.024977,34.317137,-0.031964,-0.035014,0.987834
2026-08-31T18:37:35.055261,34.347421,-0.032208,-0.035014,0.987712
2026-08-31T18:37:35.055338,34.347498,-0.031842,-0.035258,0.987834
2026-08-31T18:37:35.083145,34.375305,-0.031964,-0.035624,0.987346
2026-08-31T18:37:35.113683,34.405843,-0.032208,-0.034892,0.987590
2026-08-31T18:37:35.144659,34.436819,-0.032208,-0.035136,0.987712
2026-08-31T18:37:35.144753,34.436913,-0.032086,-0.035502,0.988200
2026-08-31T18:37:35.172679,34.464839,-0.032208,-0.034770,0.988200
2026-08-31T18:37:35.206629,34.498789,-0.032574,-0.035014,0.987834
2026-08-31T18:37:35.206709,34.498869,-0.032208,-0.035136,0.988078
2026-08-31T18:37:35.235173,34.527333,-0.032086,-0.035502,0.987468
2026-08-31T18:37:35.264834,34.556994,-0.032330,-0.035380,0.987590
2026-08-31T18:37:35.264918,34.557078,-0.032086,-0.035258,0.988322
2026-08-31T18:37:35.293042,34.585202,-0.031842,-0.034770,0.987834
2026-08-31T18:37:35.323855,34.616015,-0.032086,-0.035380,0.987712
2026-08-31T18:37:35.323921,34.616081,-0.032330,-0.035502,0.987712
2026-08-31T18:37:35.352841,34.645001,-0.031964,-0.035136,0.987590
2026-08-31T18:37:35.384539,34.676699,-0.032574,-0.034404,0.988078
2026-08-31T18:37:35.384649,34.676809,-0.032574,-0.035136,0.987956
2026-08-31T18:37:35.412767,34.704927,-0.032208,-0.034892,0.987102
2026-08-31T18:37:35.444466,34.736626,-0.031964,-0.035014,0.988078
2026-08-31T18:37:35.444555,34.736715,-0.032818,-0.035136,0.988444
2026-08-31T18:37:35.472673,34.764833,-0.032452,-0.035624,0.988200
2026-08-31T18:37:35.504816,34.796976,-0.032330,-0.035014,0.987834
2026-08-31T18:37:35.504902,34.797062,-0.032208,-0.035380,0.987346
2026-08-31T18:37:35.533525,34.825685,-0.032452,-0.035380,0.987712
2026-08-31T18:37:35.562694,34.854854,-0.032086,-0.035014,0.988322
2026-08-31T18:37:35.593550,34.885710,-0.032330,-0.035380,0.987712
2026-08-31T18:37:35.594793,34.886953,-0.032696,-0.034648,0.988322
2026-08-31T18:37:35.625360,34.917520,-0.032086,-0.035380,0.988078
2026-08-31T18:37:35.655810,34.947970,-0.032208,-0.034892,0.988322
2026-08-31T18:37:35.684772,34.976932,-0.031720,-0.034648,0.988444
2026-08-31T18:37:35.684863,34.977023,-0.032208,-0.035136,0.987712
2026-08-31T18:37:35.713620,35.005780,-0.032208,-0.035136,0.987956
2026-08-31T18:37:35.714616,35.006776,-0.032208,-0.034892,0.987834
2026-08-31T18:37:35.743412,35.035572,-0.032086,-0.035258,0.988322
2026-08-31T18:37:35.773481,35.065641,-0.032574,-0.035258,0.987712
2026-08-31T18:37:35.805495,35.097655,-0.032574,-0.035258,0.987102
2026-08-31T18:37:35.805595,35.097755,-0.031964,-0.034892,0.987956
2026-08-31T18:37:35.835717,35.127877,-0.032086,-0.034892,0.987956
2026-08-31T18:37:35.865071,35.157231,-0.032086,-0.035014,0.987712
2026-08-31T18:37:35.896793,35.188953,-0.032818,-0.035136,0.987102
2026-08-31T18:37:35.896860,35.189020,-0.031964,-0.034892,0.987956
2026-08-31T18:37:35.926676,35.218836,-0.032574,-0.035624,0.987468
2026-08-31T18:37:35.926757,35.218917,-0.032940,-0.034648,0.988078
2026-08-31T18:37:35.955613,35.247773,-0.032452,-0.034404,0.987590
2026-08-31T18:37:35.983765,35.275925,-0.032330,-0.035624,0.987712
2026-08-31T18:37:36.012909,35.305069,-0.033306,-0.035502,0.988322
2026-08-31T18:37:36.044268,35.336428,-0.032086,-0.034404,0.987468
2026-08-31T18:37:36.044356,35.336516,-0.032330,-0.035258,0.988200
2026-08-31T18:37:36.073858,35.366018,-0.032452,-0.035502,0.987468
2026-08-31T18:37:36.073967,35.366127,-0.032208,-0.035014,0.987590
2026-08-31T18:37:36.110438,35.402598,-0.032330,-0.035380,0.987346
2026-08-31T18:37:36.134640,35.426800,-0.032818,-0.035014,0.987834
2026-08-31T18:37:36.165055,35.457215,-0.032452,-0.035014,0.987346
2026-08-31T18:37:36.165147,35.457307,-0.032330,-0.035258,0.987468
2026-08-31T18:37:36.194692,35.486852,-0.032086,-0.035258,0.988078
2026-08-31T18:37:36.226729,35.518889,-0.032696,-0.035136,0.987712
2026-08-31T18:37:36.226819,35.518979,-0.031842,-0.035014,0.988078
2026-08-31T18:37:36.256538,35.548698,-0.032208,-0.035136,0.987956
2026-08-31T18:37:36.256618,35.548778,-0.032452,-0.035258,0.987468
2026-08-31T18:37:36.285796,35.577956,-0.032086,-0.034892,0.987956
2026-08-31T18:37:36.314812,35.606972,-0.032208,-0.034770,0.988200
2026-08-31T18:37:36.314892,35.607052,-0.032208,-0.034770,0.988078
2026-08-31T18:37:36.342619,35.634779,-0.031842,-0.034770,0.988322
2026-08-31T18:37:36.374224,35.666384,-0.032208,-0.035380,0.987712
2026-08-31T18:37:36.374289,35.666449,-0.032330,-0.035136,0.988078
2026-08-31T18:37:36.403916,35.696076,-0.031964,-0.034770,0.987712
2026-08-31T18:37:36.433681,35.725841,-0.032330,-0.035136,0.987468
2026-08-31T18:37:36.464012,35.756172,-0.032086,-0.035380,0.987956
2026-08-31T18:37:36.465744,35.757904,-0.032818,-0.035258,0.987956
2026-08-31T18:37:36.496827,35.788987,-0.031720,-0.035136,0.987712
2026-08-31T18:37:36.526359,35.818519,-0.032574,-0.035014,0.987956
2026-08-31T18:37:36.526427,35.818587,-0.032086,-0.035258,0.987712
2026-08-31T18:37:36.555117,35.847277,-0.032818,-0.035380,0.987956
2026-08-31T18:37:36.583515,35.875675,-0.032330,-0.035136,0.987956
2026-08-31T18:37:36.584441,35.876601,-0.031964,-0.035014,0.988078
2026-08-31T18:37:36.613472,35.905632,-0.032086,-0.035014,0.988078
2026-08-31T18:37:36.642977,35.935137,-0.031964,-0.035014,0.988200
2026-08-31T18:37:36.674527,35.966687,-0.032574,-0.034892,0.988322
2026-08-31T18:37:36.674610,35.966770,-0.032208,-0.035014,0.988200
2026-08-31T18:37:36.704185,35.996345,-0.032574,-0.034648,0.988200
2026-08-31T18:37:36.705497,35.997657,-0.032452,-0.034770,0.987956
2026-08-31T18:37:36.735748,36.027908,-0.032330,-0.035014,0.987712
2026-08-31T18:37:36.766456,36.058616,-0.031598,-0.035502,0.987224
2026-08-31T18:37:36.766542,36.058702,-0.031964,-0.034770,0.987956
2026-08-31T18:37:36.795476,36.087636,-0.032452,-0.035258,0.988078
2026-08-31T18:37:36.825405,36.117565,-0.032696,-0.035136,0.987590
2026-08-31T18:37:36.825474,36.117634,-0.032330,-0.034770,0.987956
2026-08-31T18:37:36.856149,36.148309,-0.031720,-0.035136,0.987834
2026-08-31T18:37:36.885884,36.178044,-0.031964,-0.035258,0.988200
2026-08-31T18:37:36.914795,36.206955,-0.031964,-0.034770,0.987956
2026-08-31T18:37:36.914874,36.207034,-0.031720,-0.035136,0.988322
2026-08-31T18:37:36.943333,36.235493,-0.032818,-0.035258,0.987590
2026-08-31T18:37:36.974887,36.267047,-0.032086,-0.035868,0.987102
2026-08-31T18:37:36.974954,36.267114,-0.032208,-0.035868,0.987590
2026-08-31T18:37:37.002696,36.294856,-0.032086,-0.034526,0.988322
2026-08-31T18:37:37.034580,36.326740,-0.032452,-0.035136,0.987346
2026-08-31T18:37:37.034666,36.326826,-0.032086,-0.034892,0.988200
2026-08-31T18:37:37.063245,36.355405,-0.032452,-0.035380,0.988322
2026-08-31T18:37:37.094692,36.386852,-0.032574,-0.034770,0.988078
2026-08-31T18:37:37.094776,36.386936,-0.032452,-0.035502,0.988566
2026-08-31T18:37:37.126998,36.419158,-0.032574,-0.035502,0.987834
2026-08-31T18:37:37.156389,36.448549,-0.032696,-0.035258,0.987956
2026-08-31T18:37:37.156467,36.448627,-0.032452,-0.035136,0.987590
2026-08-31T18:37:37.185792,36.477952,-0.032574,-0.034648,0.988322
2026-08-31T18:37:37.214928,36.507088,-0.032086,-0.035380,0.988078
2026-08-31T18:37:37.215021,36.507181,-0.032330,-0.034892,0.987956
2026-08-31T18:37:37.243769,36.535929,-0.032452,-0.035258,0.987712
2026-08-31T18:37:37.273340,36.565500,-0.032452,-0.035136,0.987712
2026-08-31T18:37:37.304720,36.596880,-0.031720,-0.035014,0.988078
2026-08-31T18:37:37.304781,36.596941,-0.032452,-0.035258,0.988078
2026-08-31T18:37:37.332971,36.625131,-0.032452,-0.035502,0.987590
2026-08-31T18:37:37.363722,36.655882,-0.032574,-0.035258,0.987224
2026-08-31T18:37:37.394825,36.686985,-0.032574,-0.034770,0.987956
2026-08-31T18:37:37.394915,36.687075,-0.032696,-0.034648,0.988200
2026-08-31T18:37:37.424678,36.716838,-0.032086,-0.035502,0.987712
2026-08-31T18:37:37.424768,36.716928,-0.032330,-0.034770,0.987834
2026-08-31T18:37:37.452890,36.745050,-0.031964,-0.035014,0.988444
2026-08-31T18:37:37.483537,36.775697,-0.032696,-0.035014,0.987102
2026-08-31T18:37:37.514762,36.806922,-0.032452,-0.034648,0.987590
2026-08-31T18:37:37.514848,36.807008,-0.031964,-0.034770,0.987346
2026-08-31T18:37:37.544725,36.836885,-0.032330,-0.035746,0.987468
2026-08-31T18:37:37.544809,36.836969,-0.032940,-0.034526,0.987956
2026-08-31T18:37:37.572848,36.865008,-0.032086,-0.034892,0.987590
2026-08-31T18:37:37.607433,36.899593,-0.032574,-0.034770,0.987956
2026-08-31T18:37:37.634720,36.926880,-0.031720,-0.034648,0.987590
2026-08-31T18:37:37.634800,36.926960,-0.032330,-0.035258,0.987468
2026-08-31T18:37:37.662896,36.955056,-0.031598,-0.034892,0.987834
2026-08-31T18:37:37.724610,37.016770,-0.032086,-0.035258,0.987956
2026-08-31T18:37:37.724703,37.016863,-0.032574,-0.034892,0.987346
2026-08-31T18:37:37.724729,37.016889,-0.032086,-0.035258,0.987590
2026-08-31T18:37:37.755371,37.047531,-0.032696,-0.034770,0.988200
2026-08-31T18:37:37.755412,37.047572,-0.032330,-0.035014,0.987834
2026-08-31T18:37:37.784745,37.076905,-0.032208,-0.035014,0.987834
2026-08-31T18:37:37.814034,37.106194,-0.032330,-0.035014,0.988078
2026-08-31T18:37:37.815703,37.107863,-0.032330,-0.034526,0.988078
2026-08-31T18:37:37.845538,37.137698,-0.032818,-0.035380,0.987956
2026-08-31T18:37:37.874801,37.166961,-0.032208,-0.034770,0.988688
2026-08-31T18:37:37.874893,37.167053,-0.032696,-0.034770,0.987834
2026-08-31T18:37:37.903295,37.195455,-0.033428,-0.035380,0.987956
2026-08-31T18:37:37.934169,37.226329,-0.031598,-0.035014,0.988200
2026-08-31T18:37:37.936208,37.228368,-0.031964,-0.035380,0.988200
2026-08-31T18:37:37.965489,37.257649,-0.031964,-0.034770,0.987956
2026-08-31T18:37:37.994949,37.287109,-0.032696,-0.034892,0.987346
2026-08-31T18:37:38.026268,37.318428,-0.032330,-0.035746,0.988200
2026-08-31T18:37:38.026335,37.318495,-0.032330,-0.035136,0.987468
2026-08-31T18:37:38.055560,37.347720,-0.032452,-0.035380,0.988078
2026-08-31T18:37:38.084921,37.377081,-0.032330,-0.035014,0.987712
2026-08-31T18:37:38.085009,37.377169,-0.032208,-0.035380,0.987590
2026-08-31T18:37:38.112870,37.405030,-0.032574,-0.035502,0.987712
2026-08-31T18:37:38.143706,37.435866,-0.032208,-0.034770,0.987956
2026-08-31T18:37:38.174658,37.466818,-0.032818,-0.035380,0.988200
2026-08-31T18:37:38.174760,37.466920,-0.032574,-0.035502,0.987468
2026-08-31T18:37:38.204890,37.497050,-0.032208,-0.035014,0.987590
2026-08-31T18:37:38.205141,37.497301,-0.032696,-0.035502,0.988200
2026-08-31T18:37:38.232527,37.524687,-0.032452,-0.034526,0.987956
2026-08-31T18:37:38.264301,37.556461,-0.032452,-0.034770,0.987590
2026-08-31T18:37:38.264362,37.556522,-0.032208,-0.034770,0.988322
2026-08-31T18:37:38.293375,37.585535,-0.033306,-0.035136,0.987712
2026-08-31T18:37:38.324784,37.616944,-0.032452,-0.034648,0.987956
2026-08-31T18:37:38.324899,37.617059,-0.031720,-0.034892,0.988200
2026-08-31T18:37:38.355635,37.647795,-0.032818,-0.034770,0.987712
2026-08-31T18:37:38.383881,37.676041,-0.031842,-0.035136,0.987956
2026-08-31T18:37:38.413083,37.705243,-0.032208,-0.035014,0.988078
2026-08-31T18:37:38.413135,37.705295,-0.032330,-0.034526,0.988078
2026-08-31T18:37:38.443236,37.735396,-0.032818,-0.034892,0.987468
2026-08-31T18:37:38.474566,37.766726,-0.031964,-0.035380,0.987956
2026-08-31T18:37:38.474647,37.766807,-0.032086,-0.035380,0.988078
2026-08-31T18:37:38.503572,37.795732,-0.031964,-0.035380,0.987712
2026-08-31T18:37:38.534808,37.826968,-0.032452,-0.035136,0.987956
2026-08-31T18:37:38.534898,37.827058,-0.032086,-0.034526,0.987590
2026-08-31T18:37:38.562860,37.855020,-0.033184,-0.035014,0.987834
2026-08-31T18:37:38.594390,37.886550,-0.032940,-0.034892,0.987834
2026-08-31T18:37:38.594465,37.886625,-0.032452,-0.035136,0.988200
2026-08-31T18:37:38.626381,37.918541,-0.032452,-0.035258,0.986980
2026-08-31T18:37:38.656121,37.948281,-0.032208,-0.035258,0.987956
2026-08-31T18:37:38.656204,37.948364,-0.031476,-0.034526,0.987590
2026-08-31T18:37:38.683196,37.975356,-0.032086,-0.034892,0.987956
2026-08-31T18:37:38.713813,38.005973,-0.032086,-0.035380,0.987834
2026-08-31T18:37:38.744539,38.036699,-0.032452,-0.035136,0.987590
2026-08-31T18:37:38.744624,38.036784,-0.031964,-0.035258,0.988078
2026-08-31T18:37:38.774076,38.066236,-0.032330,-0.034282,0.988078
2026-08-31T18:37:38.774135,38.066295,-0.032330,-0.034770,0.987468
2026-08-31T18:37:38.803158,38.095318,-0.032330,-0.035136,0.987468
2026-08-31T18:37:38.834839,38.126999,-0.031476,-0.034892,0.987590
2026-08-31T18:37:38.834926,38.127086,-0.031842,-0.034892,0.987834
2026-08-31T18:37:38.865579,38.157739,-0.032330,-0.035502,0.987712
2026-08-31T18:37:38.895431,38.187591,-0.032208,-0.035014,0.988444
2026-08-31T18:37:38.956344,38.248504,-0.032330,-0.034770,0.988566
2026-08-31T18:37:38.956574,38.248734,-0.032086,-0.034770,0.987834
2026-08-31T18:37:38.956628,38.248788,-0.032574,-0.034526,0.987834
2026-08-31T18:37:38.986402,38.278562,-0.031476,-0.035136,0.987590
2026-08-31T18:37:38.986484,38.278644,-0.032086,-0.034892,0.987712
2026-08-31T18:37:39.015590,38.307750,-0.032574,-0.035136,0.988200
2026-08-31T18:37:39.045807,38.337967,-0.031842,-0.035014,0.987590
2026-08-31T18:37:39.045893,38.338053,-0.032086,-0.034160,0.988200
2026-08-31T18:37:39.073789,38.365949,-0.031598,-0.035014,0.988322
2026-08-31T18:37:39.103884,38.396044,-0.032330,-0.034892,0.987468
2026-08-31T18:37:39.134978,38.427138,-0.032330,-0.034892,0.988078
2026-08-31T18:37:39.135067,38.427227,-0.032330,-0.035380,0.987834
2026-08-31T18:37:39.163159,38.455319,-0.032940,-0.034648,0.987956
2026-08-31T18:37:39.194256,38.486416,-0.032330,-0.035136,0.987102
2026-08-31T18:37:39.194320,38.486480,-0.032330,-0.034770,0.988200
2026-08-31T18:37:39.225925,38.518085,-0.032086,-0.034526,0.987834
2026-08-31T18:37:39.256725,38.548885,-0.032208,-0.035014,0.987834
2026-08-31T18:37:39.256838,38.548998,-0.031598,-0.035258,0.987346
2026-08-31T18:37:39.285530,38.577690,-0.032574,-0.034892,0.987590
2026-08-31T18:37:39.316636,38.608796,-0.032330,-0.034892,0.987956
2026-08-31T18:37:39.316729,38.608889,-0.032086,-0.034770,0.988200
2026-08-31T18:37:39.345475,38.637635,-0.031964,-0.035136,0.987346
2026-08-31T18:37:39.374784,38.666944,-0.032208,-0.035014,0.987956
2026-08-31T18:37:39.405010,38.697170,-0.032330,-0.034770,0.987468
2026-08-31T18:37:39.405077,38.697237,-0.032208,-0.035502,0.987468
2026-08-31T18:37:39.434280,38.726440,-0.032574,-0.034892,0.987834
2026-08-31T18:37:39.434365,38.726525,-0.032330,-0.035258,0.987468
2026-08-31T18:37:39.462916,38.755076,-0.032208,-0.035258,0.987712
2026-08-31T18:37:39.495019,38.787179,-0.032086,-0.034892,0.987834
2026-08-31T18:37:39.495100,38.787260,-0.032452,-0.035136,0.988200
2026-08-31T18:37:39.525924,38.818084,-0.032208,-0.034526,0.987224
2026-08-31T18:37:39.555892,38.848052,-0.031964,-0.034648,0.987834
2026-08-31T18:37:39.555974,38.848134,-0.032452,-0.034770,0.988200
2026-08-31T18:37:39.583641,38.875801,-0.032940,-0.034526,0.987712
2026-08-31T18:37:39.614219,38.906379,-0.031598,-0.035136,0.988078
2026-08-31T18:37:39.614286,38.906446,-0.032452,-0.035136,0.988322
2026-08-31T18:37:39.643085,38.935245,-0.031964,-0.035136,0.988078
2026-08-31T18:37:39.673797,38.965957,-0.032574,-0.034648,0.988078
2026-08-31T18:37:39.706536,38.998696,-0.032574,-0.035014,0.988078
2026-08-31T18:37:39.706609,38.998769,-0.031842,-0.035258,0.987834
2026-08-31T18:37:39.732942,39.025102,-0.032330,-0.034892,0.987590
2026-08-31T18:37:39.764865,39.057025,-0.032208,-0.034526,0.987712
2026-08-31T18:37:39.764958,39.057118,-0.031964,-0.035014,0.987834
2026-08-31T18:37:39.793115,39.085275,-0.032330,-0.035014,0.987956
2026-08-31T18:37:39.826962,39.119122,-0.032574,-0.035502,0.987712
2026-08-31T18:37:39.827045,39.119205,-0.032086,-0.035136,0.987590
2026-08-31T18:37:39.884746,39.176906,-0.032330,-0.034892,0.987346
2026-08-31T18:37:39.884916,39.177076,-0.032086,-0.035136,0.987346
2026-08-31T18:37:39.884956,39.177116,-0.031842,-0.034892,0.987468
2026-08-31T18:37:39.914003,39.206163,-0.032330,-0.035380,0.988200
2026-08-31T18:37:39.914066,39.206226,-0.031720,-0.035136,0.987712
2026-08-31T18:37:39.942808,39.234968,-0.032452,-0.035014,0.987956
2026-08-31T18:37:39.974031,39.266191,-0.032208,-0.034892,0.987956
2026-08-31T18:37:40.004763,39.296923,-0.032696,-0.034892,0.987590
2026-08-31T18:37:40.004841,39.297001,-0.032696,-0.035502,0.987834
2026-08-31T18:37:40.033096,39.325256,-0.031842,-0.034892,0.987346
2026-08-31T18:37:40.063888,39.356048,-0.031842,-0.035136,0.987346
2026-08-31T18:37:40.095591,39.387751,-0.032452,-0.034770,0.987224
2026-08-31T18:37:40.095678,39.387838,-0.032086,-0.034892,0.987712
2026-08-31T18:37:40.125737,39.417897,-0.031842,-0.035014,0.988322
2026-08-31T18:37:40.156088,39.448248,-0.032452,-0.034892,0.987712
2026-08-31T18:37:40.156169,39.448329,-0.032208,-0.035136,0.987834
2026-08-31T18:37:40.186440,39.478600,-0.031964,-0.035136,0.987956
2026-08-31T18:37:40.186526,39.478686,-0.031842,-0.034648,0.988200
2026-08-31T18:37:40.215578,39.507738,-0.032452,-0.034770,0.987834
2026-08-31T18:37:40.245094,39.537254,-0.032696,-0.035136,0.987956
2026-08-31T18:37:40.245170,39.537330,-0.032208,-0.035136,0.987956
2026-08-31T18:37:40.273171,39.565331,-0.032208,-0.034526,0.987468
2026-08-31T18:37:40.304077,39.596237,-0.032574,-0.035624,0.987712
2026-08-31T18:37:40.334838,39.626998,-0.032940,-0.035380,0.987834
2026-08-31T18:37:40.334920,39.627080,-0.032696,-0.034892,0.987468
2026-08-31T18:37:40.362973,39.655133,-0.032452,-0.034648,0.987956
2026-08-31T18:37:40.394723,39.686883,-0.032818,-0.034770,0.988322
2026-08-31T18:37:40.395909,39.688069,-0.032452,-0.035624,0.988688
2026-08-31T18:37:40.425631,39.717791,-0.031720,-0.035258,0.987834
2026-08-31T18:37:40.455248,39.747408,-0.032696,-0.034892,0.987834
2026-08-31T18:37:40.486504,39.778664,-0.031598,-0.035136,0.987956
2026-08-31T18:37:40.486582,39.778742,-0.031964,-0.035014,0.987468
2026-08-31T18:37:40.515627,39.807787,-0.031964,-0.034770,0.987590
2026-08-31T18:37:40.544345,39.836505,-0.031598,-0.035136,0.987956
2026-08-31T18:37:40.544427,39.836587,-0.032330,-0.035380,0.987834
2026-08-31T18:37:40.604826,39.896986,-0.031964,-0.034404,0.987590
2026-08-31T18:37:40.604900,39.897060,-0.032574,-0.034648,0.987590
2026-08-31T18:37:40.633850,39.926010,-0.032086,-0.034648,0.988200
2026-08-31T18:37:40.633913,39.926073,-0.032086,-0.034892,0.988078
2026-08-31T18:37:40.662840,39.955000,-0.031842,-0.034770,0.988566
2026-08-31T18:37:40.694910,39.987070,-0.032330,-0.035014,0.988200
2026-08-31T18:37:40.695002,39.987162,-0.032574,-0.035014,0.988200
2026-08-31T18:37:40.723696,40.015856,-0.031476,-0.035380,0.987834
2026-08-31T18:37:40.755835,40.047995,-0.031964,-0.035136,0.988444
2026-08-31T18:37:40.786669,40.078829,-0.032330,-0.035380,0.987834
2026-08-31T18:37:40.786759,40.078919,-0.031842,-0.034892,0.988200
2026-08-31T18:37:40.816705,40.108865,-0.032452,-0.035380,0.987956
2026-08-31T18:37:40.816797,40.108957,-0.032452,-0.034648,0.988444
2026-08-31T18:37:40.845605,40.137765,-0.032330,-0.034160,0.988200
2026-08-31T18:37:40.873938,40.166098,-0.032208,-0.034892,0.988200
2026-08-31T18:37:40.906256,40.198416,-0.031964,-0.035258,0.987224
2026-08-31T18:37:40.906321,40.198481,-0.032452,-0.034892,0.988078
2026-08-31T18:37:40.935338,40.227498,-0.032452,-0.035014,0.987834
2026-08-31T18:37:40.965024,40.257184,-0.033062,-0.035258,0.987834
2026-08-31T18:37:40.965114,40.257274,-0.032208,-0.035014,0.987834
2026-08-31T18:37:40.993223,40.285383,-0.032574,-0.034892,0.988444
2026-08-31T18:37:41.024288,40.316448,-0.032452,-0.034892,0.987956
2026-08-31T18:37:41.026273,40.318433,-0.031598,-0.034770,0.987956
2026-08-31T18:37:41.084149,40.376309,-0.032452,-0.035502,0.988444
2026-08-31T18:37:41.084212,40.376372,-0.032452,-0.034526,0.988200
2026-08-31T18:37:41.085072,40.377232,-0.032208,-0.034770,0.988444
2026-08-31T18:37:41.115433,40.407593,-0.031964,-0.035136,0.987712
2026-08-31T18:37:41.144334,40.436494,-0.031476,-0.035502,0.987956
2026-08-31T18:37:41.146233,40.438393,-0.032208,-0.034282,0.987834
2026-08-31T18:37:41.175507,40.467667,-0.032086,-0.035502,0.987712
2026-08-31T18:37:41.206533,40.498693,-0.032330,-0.035014,0.987956
2026-08-31T18:37:41.206610,40.498770,-0.032574,-0.035014,0.987712
2026-08-31T18:37:41.235751,40.527911,-0.032330,-0.035014,0.987712
2026-08-31T18:37:41.266562,40.558722,-0.032574,-0.035014,0.987712
2026-08-31T18:37:41.266650,40.558810,-0.032086,-0.035014,0.987834
2026-08-31T18:37:41.296619,40.588779,-0.032330,-0.035258,0.987956
2026-08-31T18:37:41.326665,40.618825,-0.032574,-0.035136,0.988566
2026-08-31T18:37:41.326808,40.618968,-0.032452,-0.035380,0.987956
2026-08-31T18:37:41.356128,40.648288,-0.033184,-0.035014,0.987834
2026-08-31T18:37:41.383994,40.676154,-0.032208,-0.035136,0.987834
2026-08-31T18:37:41.385290,40.677450,-0.032574,-0.034526,0.987712
2026-08-31T18:37:41.415694,40.707854,-0.032696,-0.035014,0.987224
2026-08-31T18:37:41.446795,40.738955,-0.032696,-0.035136,0.987956
2026-08-31T18:37:41.446883,40.739043,-0.033062,-0.034770,0.987834
2026-08-31T18:37:41.475511,40.767671,-0.032330,-0.034892,0.987224
2026-08-31T18:37:41.506235,40.798395,-0.032574,-0.035014,0.987590
2026-08-31T18:37:41.534364,40.826524,-0.032208,-0.035014,0.988078
2026-08-31T18:37:41.534434,40.826594,-0.032086,-0.034892,0.987712
2026-08-31T18:37:41.562659,40.854819,-0.032818,-0.035380,0.987712
2026-08-31T18:37:41.594564,40.886724,-0.032330,-0.035258,0.988200
2026-08-31T18:37:41.594622,40.886782,-0.032818,-0.035258,0.987834
2026-08-31T18:37:41.626245,40.918405,-0.032696,-0.035380,0.987712
2026-08-31T18:37:41.656864,40.949024,-0.031964,-0.035624,0.987956
2026-08-31T18:37:41.656955,40.949115,-0.032818,-0.035258,0.987956
2026-08-31T18:37:41.685601,40.977761,-0.032818,-0.035380,0.987468
2026-08-31T18:37:41.715730,41.007890,-0.032330,-0.034526,0.987834
2026-08-31T18:37:41.744924,41.037084,-0.032330,-0.035258,0.987956
2026-08-31T18:37:41.744998,41.037158,-0.032086,-0.035502,0.987834
2026-08-31T18:37:41.773010,41.065170,-0.032086,-0.035258,0.987468
2026-08-31T18:37:41.805544,41.097704,-0.031842,-0.034526,0.988078
2026-08-31T18:37:41.805685,41.097845,-0.031598,-0.034892,0.988078
2026-08-31T18:37:41.833969,41.126129,-0.032086,-0.034770,0.988078
2026-08-31T18:37:41.834035,41.126195,-0.032208,-0.035136,0.987590
2026-08-31T18:37:41.863227,41.155387,-0.031964,-0.035380,0.987834
2026-08-31T18:37:41.893960,41.186120,-0.031720,-0.035502,0.988200
2026-08-31T18:37:41.926618,41.218778,-0.032330,-0.034770,0.987834
2026-08-31T18:37:41.926733,41.218893,-0.032208,-0.035258,0.987712
2026-08-31T18:37:41.956493,41.248653,-0.032208,-0.034770,0.988078
2026-08-31T18:37:41.984960,41.277120,-0.032574,-0.035380,0.987590
2026-08-31T18:37:41.985045,41.277205,-0.032452,-0.035136,0.987834
2026-08-31T18:37:42.013154,41.305314,-0.032452,-0.034648,0.987834
2026-08-31T18:37:42.044609,41.336769,-0.032452,-0.034648,0.987590
2026-08-31T18:37:42.044684,41.336844,-0.033062,-0.035014,0.987956
2026-08-31T18:37:42.072595,41.364755,-0.032452,-0.035014,0.987834
2026-08-31T18:37:42.105155,41.397315,-0.032208,-0.035502,0.987468
2026-08-31T18:37:42.105234,41.397394,-0.031964,-0.035014,0.987712
2026-08-31T18:37:42.133160,41.425320,-0.032452,-0.035014,0.988078
2026-08-31T18:37:42.163659,41.455819,-0.032208,-0.035258,0.988078
2026-08-31T18:37:42.195083,41.487243,-0.031842,-0.035014,0.987346
2026-08-31T18:37:42.195175,41.487335,-0.032330,-0.034770,0.987590
2026-08-31T18:37:42.223555,41.515715,-0.031964,-0.034648,0.987468
2026-08-31T18:37:42.254822,41.546982,-0.032208,-0.035014,0.987956
2026-08-31T18:37:42.261028,41.553188,-0.032330,-0.035380,0.987468
2026-08-31T18:37:42.285812,41.577972,-0.031842,-0.035502,0.987590
2026-08-31T18:37:42.316143,41.608303,-0.032696,-0.035380,0.987590
2026-08-31T18:37:42.316210,41.608370,-0.032574,-0.035136,0.987712
2026-08-31T18:37:42.345678,41.637838,-0.031354,-0.035014,0.987590
2026-08-31T18:37:42.375532,41.667692,-0.032086,-0.035136,0.988200
2026-08-31T18:37:42.407334,41.699494,-0.032330,-0.035014,0.987712
2026-08-31T18:37:42.407409,41.699569,-0.032330,-0.035014,0.987834
2026-08-31T18:37:42.435591,41.727751,-0.032086,-0.034648,0.987956
2026-08-31T18:37:42.465040,41.757200,-0.032818,-0.035136,0.987834
2026-08-31T18:37:42.465127,41.757287,-0.032330,-0.035258,0.987712
2026-08-31T18:37:42.493293,41.785453,-0.032330,-0.035136,0.987834
2026-08-31T18:37:42.524117,41.816277,-0.031842,-0.035624,0.987834
2026-08-31T18:37:42.524812,41.816972,-0.032086,-0.035624,0.987590
2026-08-31T18:37:42.552974,41.845134,-0.032818,-0.035014,0.987468
2026-08-31T18:37:42.584889,41.877049,-0.032330,-0.034770,0.987834
2026-08-31T18:37:42.584981,41.877141,-0.032940,-0.034892,0.987590
2026-08-31T18:37:42.613637,41.905797,-0.033062,-0.034892,0.987346
2026-08-31T18:37:42.644845,41.937005,-0.032330,-0.034526,0.987590
2026-08-31T18:37:42.644956,41.937116,-0.032330,-0.035258,0.988322
2026-08-31T18:37:42.673492,41.965652,-0.032086,-0.034770,0.987712
2026-08-31T18:37:42.704783,41.996943,-0.032452,-0.035380,0.988200
2026-08-31T18:37:42.704906,41.997066,-0.032208,-0.035502,0.988078
2026-08-31T18:37:42.733301,42.025461,-0.032574,-0.034770,0.987834
2026-08-31T18:37:42.764438,42.056598,-0.032086,-0.034770,0.987346
2026-08-31T18:37:42.764491,42.056651,-0.032330,-0.035014,0.987712
2026-08-31T18:37:42.791972,42.084132,-0.032086,-0.035014,0.988200
2026-08-31T18:37:42.825867,42.118027,-0.032330,-0.034770,0.987712
2026-08-31T18:37:42.825908,42.118068,-0.032452,-0.035014,0.988200
2026-08-31T18:37:42.856282,42.148442,-0.031964,-0.034404,0.987956
2026-08-31T18:37:42.886622,42.178782,-0.032086,-0.034526,0.987590
2026-08-31T18:37:42.886711,42.178871,-0.032208,-0.035014,0.987834
2026-08-31T18:37:42.915694,42.207854,-0.031354,-0.035014,0.988078
2026-08-31T18:37:42.945542,42.237702,-0.032452,-0.035136,0.987956
2026-08-31T18:37:42.975084,42.267244,-0.032086,-0.034770,0.987834
2026-08-31T18:37:42.975171,42.267331,-0.032574,-0.035258,0.988200
2026-08-31T18:37:43.003263,42.295423,-0.032330,-0.035014,0.987956
2026-08-31T18:37:43.034353,42.326513,-0.032452,-0.034892,0.987224
2026-08-31T18:37:43.034428,42.326588,-0.032086,-0.035258,0.988322
2026-08-31T18:37:43.062792,42.354952,-0.032818,-0.035014,0.987712
2026-08-31T18:37:43.095151,42.387311,-0.032208,-0.035136,0.988444
2026-08-31T18:37:43.095232,42.387392,-0.032208,-0.035014,0.988078
2026-08-31T18:37:43.123667,42.415827,-0.032330,-0.034892,0.987712
2026-08-31T18:37:43.154894,42.447054,-0.032574,-0.034892,0.987468
2026-08-31T18:37:43.154982,42.447142,-0.031964,-0.035136,0.987468
2026-08-31T18:37:43.183189,42.475349,-0.032208,-0.035136,0.988322
2026-08-31T18:37:43.214693,42.506853,-0.032208,-0.034892,0.987834
2026-08-31T18:37:43.214777,42.506937,-0.031720,-0.035502,0.987590
2026-08-31T18:37:43.244792,42.536952,-0.031598,-0.034892,0.988444
2026-08-31T18:37:43.244875,42.537035,-0.032330,-0.034770,0.987956
2026-08-31T18:37:43.273302,42.565462,-0.032818,-0.034648,0.987712
2026-08-31T18:37:43.303664,42.595824,-0.032330,-0.035014,0.987224
2026-08-31T18:37:43.334933,42.627093,-0.031964,-0.035136,0.987346
2026-08-31T18:37:43.335029,42.627189,-0.031842,-0.035014,0.987468
2026-08-31T18:37:43.363132,42.655292,-0.032452,-0.034892,0.988322
2026-08-31T18:37:43.395047,42.687207,-0.032452,-0.034404,0.987834
2026-08-31T18:37:43.395133,42.687293,-0.032330,-0.035258,0.987346
2026-08-31T18:37:43.454992,42.747152,-0.031964,-0.034526,0.988444
2026-08-31T18:37:43.455069,42.747229,-0.032330,-0.035136,0.987346
2026-08-31T18:37:43.483808,42.775968,-0.031964,-0.035380,0.988078
2026-08-31T18:37:43.484775,42.776935,-0.031964,-0.035258,0.987590
2026-08-31T18:37:43.514251,42.806411,-0.032208,-0.035258,0.987590
2026-08-31T18:37:43.514312,42.806472,-0.032574,-0.035014,0.987590
2026-08-31T18:37:43.542989,42.835149,-0.032086,-0.035014,0.988444
2026-08-31T18:37:43.573835,42.865995,-0.032574,-0.035014,0.988200
2026-08-31T18:37:43.604351,42.896511,-0.032086,-0.034892,0.987834
2026-08-31T18:37:43.605862,42.898022,-0.032330,-0.034892,0.987346
2026-08-31T18:37:43.636712,42.928872,-0.031964,-0.035136,0.987834
2026-08-31T18:37:43.636799,42.928959,-0.032330,-0.035380,0.987590
2026-08-31T18:37:43.665734,42.957894,-0.032208,-0.034892,0.988200
2026-08-31T18:37:43.696563,42.988723,-0.032940,-0.034892,0.987834
2026-08-31T18:37:43.726195,43.018355,-0.031720,-0.034770,0.987224
2026-08-31T18:37:43.726261,43.018421,-0.032940,-0.035380,0.987834
2026-08-31T18:37:43.756378,43.048538,-0.031842,-0.035990,0.988322
2026-08-31T18:37:43.786645,43.078805,-0.031964,-0.035014,0.987956
2026-08-31T18:37:43.786733,43.078893,-0.032696,-0.035136,0.988200
2026-08-31T18:37:43.815759,43.107919,-0.032208,-0.035136,0.988444
2026-08-31T18:37:43.845715,43.137875,-0.032330,-0.034892,0.988078
2026-08-31T18:37:43.876370,43.168530,-0.032086,-0.035014,0.988322
2026-08-31T18:37:43.876453,43.168613,-0.032330,-0.035136,0.987956
2026-08-31T18:37:43.905939,43.198099,-0.032086,-0.035258,0.987590
2026-08-31T18:37:43.935145,43.227305,-0.032818,-0.034526,0.988444
2026-08-31T18:37:43.935216,43.227376,-0.032452,-0.034892,0.987834
2026-08-31T18:37:43.963804,43.255964,-0.032940,-0.034892,0.987224
2026-08-31T18:37:43.964643,43.256803,-0.032086,-0.034526,0.987468
2026-08-31T18:37:43.993681,43.285841,-0.032574,-0.035014,0.988322
2026-08-31T18:37:44.024449,43.316609,-0.032452,-0.034282,0.987956
2026-08-31T18:37:44.024544,43.316704,-0.032452,-0.035258,0.987468
2026-08-31T18:37:44.053128,43.345288,-0.032330,-0.034648,0.987590
2026-08-31T18:37:44.084249,43.376409,-0.032696,-0.035258,0.987712
2026-08-31T18:37:44.085960,43.378120,-0.032452,-0.034892,0.987712
2026-08-31T18:37:44.115815,43.407975,-0.032940,-0.034282,0.987956
2026-08-31T18:37:44.145039,43.437199,-0.032208,-0.035502,0.987590
2026-08-31T18:37:44.145124,43.437284,-0.032696,-0.035014,0.987834
2026-08-31T18:37:44.174105,43.466265,-0.032574,-0.035258,0.987834
2026-08-31T18:37:44.203772,43.495932,-0.032208,-0.034892,0.988200
2026-08-31T18:37:44.234016,43.526176,-0.032330,-0.035624,0.987956
2026-08-31T18:37:44.234088,43.526248,-0.032696,-0.034648,0.987834
2026-08-31T18:37:44.296088,43.588248,-0.032330,-0.035624,0.987834
2026-08-31T18:37:44.296312,43.588472,-0.032208,-0.034526,0.988444
2026-08-31T18:37:44.296384,43.588544,-0.031964,-0.035014,0.987590
2026-08-31T18:37:44.325387,43.617547,-0.032452,-0.035258,0.987956
2026-08-31T18:37:44.353699,43.645859,-0.033062,-0.035136,0.987712
2026-08-31T18:37:44.384939,43.677099,-0.032452,-0.035014,0.988078
2026-08-31T18:37:44.385029,43.677189,-0.033306,-0.034892,0.987590
2026-08-31T18:37:44.414383,43.706543,-0.031964,-0.035380,0.987712
2026-08-31T18:37:44.414468,43.706628,-0.032330,-0.035014,0.987956
2026-08-31T18:37:44.443139,43.735299,-0.032574,-0.035258,0.987834
2026-08-31T18:37:44.474841,43.767001,-0.032208,-0.034648,0.987590
2026-08-31T18:37:44.474905,43.767065,-0.032452,-0.035624,0.988078
2026-08-31T18:37:44.503050,43.795210,-0.032818,-0.034892,0.988200
2026-08-31T18:37:44.533018,43.825178,-0.032086,-0.035380,0.988078
2026-08-31T18:37:44.564562,43.856722,-0.032452,-0.035258,0.987712
2026-08-31T18:37:44.564652,43.856812,-0.032330,-0.034770,0.987956
2026-08-31T18:37:44.594967,43.887127,-0.032330,-0.035136,0.987346
2026-08-31T18:37:44.625733,43.917893,-0.032208,-0.035014,0.987956
2026-08-31T18:37:44.625812,43.917972,-0.032574,-0.035136,0.987834
2026-08-31T18:37:44.653385,43.945545,-0.031964,-0.034770,0.987712
2026-08-31T18:37:44.684534,43.976694,-0.031964,-0.034648,0.987468
2026-08-31T18:37:44.684600,43.976760,-0.032330,-0.035502,0.987956
2026-08-31T18:37:44.712667,44.004827,-0.032452,-0.034892,0.987468
2026-08-31T18:37:44.743996,44.036156,-0.032818,-0.034892,0.987346
2026-08-31T18:37:44.775166,44.067326,-0.031964,-0.034892,0.988200
2026-08-31T18:37:44.775251,44.067411,-0.032696,-0.034648,0.987712
2026-08-31T18:37:44.804410,44.096570,-0.032330,-0.035136,0.988078
2026-08-31T18:37:44.804499,44.096659,-0.032330,-0.035014,0.987712
2026-08-31T18:37:44.833157,44.125317,-0.032940,-0.035380,0.987956
2026-08-31T18:37:44.864861,44.157021,-0.032818,-0.034648,0.987346
2026-08-31T18:37:44.864926,44.157086,-0.032574,-0.034770,0.987712
2026-08-31T18:37:44.893669,44.185829,-0.031720,-0.035014,0.987224
2026-08-31T18:37:44.925862,44.218022,-0.032574,-0.034648,0.987956
2026-08-31T18:37:44.957070,44.249230,-0.032330,-0.035258,0.988444
2026-08-31T18:37:44.957147,44.249307,-0.032208,-0.035014,0.987956
2026-08-31T18:37:44.985759,44.277919,-0.032330,-0.034648,0.987956
2026-08-31T18:37:45.016740,44.308900,-0.032086,-0.034892,0.987956
2026-08-31T18:37:45.016824,44.308984,-0.032574,-0.035380,0.988078
2026-08-31T18:37:45.045786,44.337946,-0.032696,-0.035258,0.987956
2026-08-31T18:37:45.074485,44.366645,-0.032086,-0.034770,0.988566
2026-08-31T18:37:45.076532,44.368692,-0.031964,-0.035136,0.987590
2026-08-31T18:37:45.106569,44.398729,-0.032696,-0.034648,0.988444
2026-08-31T18:37:45.135881,44.428041,-0.032208,-0.034526,0.987834
2026-08-31T18:37:45.165838,44.457998,-0.032940,-0.034892,0.987224
2026-08-31T18:37:45.166411,44.458571,-0.032330,-0.034648,0.987468
2026-08-31T18:37:45.196230,44.488390,-0.032452,-0.035624,0.987712
2026-08-31T18:37:45.196288,44.488448,-0.032330,-0.035014,0.987956
2026-08-31T18:37:45.255103,44.547263,-0.032208,-0.035258,0.987956
2026-08-31T18:37:45.255192,44.547352,-0.032452,-0.034770,0.987346
2026-08-31T18:37:45.284432,44.576592,-0.032940,-0.035014,0.987712
2026-08-31T18:37:45.284524,44.576684,-0.032818,-0.034892,0.987834
2026-08-31T18:37:45.313436,44.605596,-0.032330,-0.034892,0.987834
2026-08-31T18:37:45.344848,44.637008,-0.033062,-0.035502,0.987834
2026-08-31T18:37:45.344942,44.637102,-0.032208,-0.035502,0.987834
2026-08-31T18:37:45.373320,44.665480,-0.032818,-0.034770,0.987956
2026-08-31T18:37:45.405060,44.697220,-0.032452,-0.035136,0.988322
2026-08-31T18:37:45.405169,44.697329,-0.031720,-0.034648,0.988078
2026-08-31T18:37:45.433376,44.725536,-0.033062,-0.035136,0.987956
2026-08-31T18:37:45.464425,44.756585,-0.032574,-0.035258,0.987590
2026-08-31T18:37:45.464501,44.756661,-0.032208,-0.035502,0.987590
2026-08-31T18:37:45.493113,44.785273,-0.032818,-0.035258,0.987956
2026-08-31T18:37:45.525494,44.817654,-0.031720,-0.034404,0.988444
2026-08-31T18:37:45.525577,44.817737,-0.032086,-0.034526,0.987834
2026-08-31T18:37:45.553430,44.845590,-0.032208,-0.034526,0.988566
2026-08-31T18:37:45.584993,44.877153,-0.032452,-0.035014,0.987956
2026-08-31T18:37:45.585060,44.877220,-0.032208,-0.035014,0.988200
2026-08-31T18:37:45.613118,44.905278,-0.032574,-0.035624,0.988322
2026-08-31T18:37:45.644420,44.936580,-0.032330,-0.035136,0.988322
2026-08-31T18:37:45.675178,44.967338,-0.032452,-0.034648,0.988078
2026-08-31T18:37:45.675234,44.967394,-0.032208,-0.035136,0.987590
2026-08-31T18:37:45.703023,44.995183,-0.032208,-0.034892,0.988322
2026-08-31T18:37:45.735086,45.027246,-0.032574,-0.035014,0.988200
2026-08-31T18:37:45.735175,45.027335,-0.032330,-0.034770,0.988078
2026-08-31T18:37:45.763126,45.055286,-0.031964,-0.035624,0.987956
2026-08-31T18:37:45.794651,45.086811,-0.032330,-0.035624,0.988078
2026-08-31T18:37:45.794717,45.086877,-0.032330,-0.035014,0.987956
2026-08-31T18:37:45.826316,45.118476,-0.032208,-0.035014,0.987712
2026-08-31T18:37:45.855869,45.148029,-0.032330,-0.035136,0.987712
2026-08-31T18:37:45.885164,45.177324,-0.031842,-0.035258,0.987834
2026-08-31T18:37:45.885254,45.177414,-0.032086,-0.035136,0.988322
2026-08-31T18:37:45.914230,45.206390,-0.032574,-0.035258,0.987956
2026-08-31T18:37:45.914304,45.206464,-0.032452,-0.034892,0.988322
2026-08-31T18:37:45.942843,45.235003,-0.032452,-0.035380,0.987712
2026-08-31T18:37:45.975258,45.267418,-0.031720,-0.035014,0.987956
2026-08-31T18:37:45.975328,45.267488,-0.032574,-0.035136,0.987956
2026-08-31T18:37:46.003195,45.295355,-0.032086,-0.035014,0.987468
2026-08-31T18:37:46.034016,45.326176,-0.031720,-0.034526,0.987590
2026-08-31T18:37:46.064248,45.356408,-0.031110,-0.035136,0.987956
2026-08-31T18:37:46.066165,45.358325,-0.032818,-0.034892,0.987956
2026-08-31T18:37:46.096365,45.388525,-0.032574,-0.034892,0.987834
2026-08-31T18:37:46.126391,45.418551,-0.033184,-0.035136,0.987468
2026-08-31T18:37:46.126456,45.418616,-0.032818,-0.035136,0.987590
2026-08-31T18:37:46.155560,45.447720,-0.032818,-0.034892,0.988200
2026-08-31T18:37:46.186924,45.479084,-0.032696,-0.034770,0.987834
2026-08-31T18:37:46.187015,45.479175,-0.033306,-0.035014,0.987956
2026-08-31T18:37:46.215580,45.507740,-0.031964,-0.035258,0.988444
2026-08-31T18:37:46.245111,45.537271,-0.032330,-0.035502,0.988078
2026-08-31T18:37:46.245207,45.537367,-0.031964,-0.034892,0.988444
2026-08-31T18:37:46.273447,45.565607,-0.032208,-0.035380,0.988444
2026-08-31T18:37:46.304488,45.596648,-0.032208,-0.034648,0.987834
2026-08-31T18:37:46.305408,45.597568,-0.032086,-0.035380,0.987468
2026-08-31T18:37:46.335874,45.628034,-0.032086,-0.035014,0.987590
2026-08-31T18:37:46.366704,45.658864,-0.031842,-0.035136,0.988200
2026-08-31T18:37:46.366782,45.658942,-0.032696,-0.034770,0.988200
2026-08-31T18:37:46.395593,45.687753,-0.032574,-0.035136,0.987712
2026-08-31T18:37:46.427063,45.719223,-0.032574,-0.034648,0.987468
2026-08-31T18:37:46.427125,45.719285,-0.033062,-0.034770,0.988200
2026-08-31T18:37:46.455843,45.748003,-0.032208,-0.034648,0.988078
2026-08-31T18:37:46.485839,45.777999,-0.032574,-0.035014,0.988078
2026-08-31T18:37:46.515306,45.807466,-0.032696,-0.035136,0.988322
2026-08-31T18:37:46.515392,45.807552,-0.032452,-0.035868,0.987468
2026-08-31T18:37:46.543804,45.835964,-0.032208,-0.034892,0.988200
2026-08-31T18:37:46.577274,45.869434,-0.032452,-0.034770,0.988200
2026-08-31T18:37:46.577346,45.869506,-0.032208,-0.035136,0.988078
2026-08-31T18:37:46.602913,45.895073,-0.032940,-0.034770,0.987468
2026-08-31T18:37:46.634994,45.927154,-0.032452,-0.035380,0.987590
2026-08-31T18:37:46.635087,45.927247,-0.032330,-0.035014,0.987712
2026-08-31T18:37:46.663441,45.955601,-0.032208,-0.034892,0.987956
2026-08-31T18:37:46.694954,45.987114,-0.032818,-0.035014,0.987712
2026-08-31T18:37:46.695028,45.987188,-0.032452,-0.035502,0.988200
2026-08-31T18:37:46.723789,46.015949,-0.032940,-0.035014,0.987712
2026-08-31T18:37:46.754212,46.046372,-0.032330,-0.035258,0.987956
2026-08-31T18:37:46.785017,46.077177,-0.031842,-0.034892,0.988078
2026-08-31T18:37:46.785100,46.077260,-0.031842,-0.035136,0.987834
2026-08-31T18:37:46.813249,46.105409,-0.033062,-0.034892,0.987834
2026-08-31T18:37:46.845705,46.137865,-0.031964,-0.034770,0.987956
2026-08-31T18:37:46.845915,46.138075,-0.032452,-0.034892,0.988200
2026-08-31T18:37:46.872804,46.164964,-0.032330,-0.035136,0.988444
2026-08-31T18:37:46.905063,46.197223,-0.032086,-0.034892,0.987590
2026-08-31T18:37:46.905161,46.197321,-0.031964,-0.035014,0.987468
2026-08-31T18:37:46.935793,46.227953,-0.032696,-0.035014,0.987346
2026-08-31T18:37:46.966594,46.258754,-0.031720,-0.035258,0.987834
2026-08-31T18:37:46.966685,46.258845,-0.032574,-0.035380,0.987834
2026-08-31T18:37:46.996077,46.288237,-0.032696,-0.034892,0.988078
2026-08-31T18:37:47.026683,46.318843,-0.033184,-0.035136,0.988200
2026-08-31T18:37:47.026768,46.318928,-0.032330,-0.035136,0.987590
2026-08-31T18:37:47.055427,46.347587,-0.032330,-0.034770,0.987834
2026-08-31T18:37:47.084806,46.376966,-0.032940,-0.034770,0.988322
2026-08-31T18:37:47.084874,46.377034,-0.032086,-0.035136,0.987834
2026-08-31T18:37:47.113455,46.405615,-0.031842,-0.035258,0.987712
2026-08-31T18:37:47.145145,46.437305,-0.032330,-0.034892,0.987712
2026-08-31T18:37:47.145235,46.437395,-0.031964,-0.034648,0.987956
2026-08-31T18:37:47.173049,46.465209,-0.032086,-0.035014,0.988078
2026-08-31T18:37:47.204995,46.497155,-0.032086,-0.035136,0.988078
2026-08-31T18:37:47.205084,46.497244,-0.032208,-0.035014,0.987346
2026-08-31T18:37:47.233130,46.525290,-0.032574,-0.034770,0.987102
2026-08-31T18:37:47.264909,46.557069,-0.032696,-0.035014,0.987956
2026-08-31T18:37:47.265033,46.557193,-0.032086,-0.035502,0.987956
2026-08-31T18:37:47.293275,46.585435,-0.032696,-0.035014,0.988200
2026-08-31T18:37:47.325617,46.617777,-0.032452,-0.035136,0.987834
2026-08-31T18:37:47.325722,46.617882,-0.032696,-0.035380,0.987834
2026-08-31T18:37:47.352954,46.645114,-0.032208,-0.034648,0.987346
2026-08-31T18:37:47.384001,46.676161,-0.032696,-0.035624,0.988444
2026-08-31T18:37:47.444996,46.737156,-0.032330,-0.034892,0.987834
2026-08-31T18:37:47.446528,46.738688,-0.032940,-0.034648,0.987834
2026-08-31T18:37:47.446593,46.738753,-0.032818,-0.035014,0.988078
2026-08-31T18:37:47.475986,46.768146,-0.032452,-0.034648,0.987834
2026-08-31T18:37:47.506443,46.798603,-0.032208,-0.034892,0.987590
2026-08-31T18:37:47.506507,46.798667,-0.032696,-0.035014,0.987956
2026-08-31T18:37:47.534050,46.826210,-0.031598,-0.034770,0.987956
2026-08-31T18:37:47.564015,46.856175,-0.031842,-0.034892,0.988078
2026-08-31T18:37:47.564097,46.856257,-0.032208,-0.035624,0.987834
2026-08-31T18:37:47.592960,46.885120,-0.033184,-0.034892,0.988200
2026-08-31T18:37:47.626303,46.918463,-0.032208,-0.035136,0.987712
2026-08-31T18:37:47.626376,46.918536,-0.031720,-0.034770,0.988688
2026-08-31T18:37:47.654137,46.946297,-0.031842,-0.034404,0.987224
2026-08-31T18:37:47.683039,46.975199,-0.031720,-0.034282,0.987224
2026-08-31T18:37:47.715009,47.007169,-0.032330,-0.034892,0.987834
2026-08-31T18:37:47.715088,47.007248,-0.031964,-0.034770,0.987834
2026-08-31T18:37:47.743199,47.035359,-0.032086,-0.034648,0.987346
2026-08-31T18:37:47.774992,47.067152,-0.032696,-0.034648,0.987712
2026-08-31T18:37:47.775082,47.067242,-0.031964,-0.035136,0.988078
2026-08-31T18:37:47.802924,47.095084,-0.032208,-0.034770,0.987346
2026-08-31T18:37:47.833898,47.126058,-0.031964,-0.035136,0.987590
2026-08-31T18:37:47.833950,47.126110,-0.032208,-0.034892,0.988566
2026-08-31T18:37:47.862658,47.154818,-0.032574,-0.035258,0.988200
2026-08-31T18:37:47.894414,47.186574,-0.032452,-0.035014,0.987956
2026-08-31T18:37:47.894481,47.186641,-0.032330,-0.035380,0.987956
2026-08-31T18:37:47.923327,47.215487,-0.032330,-0.035502,0.987834
2026-08-31T18:37:47.955116,47.247276,-0.032940,-0.034404,0.987590
2026-08-31T18:37:47.955215,47.247375,-0.032818,-0.035136,0.987468
2026-08-31T18:37:47.983198,47.275358,-0.032330,-0.035136,0.988078
2026-08-31T18:37:48.015205,47.307365,-0.032818,-0.035380,0.987468
2026-08-31T18:37:48.015283,47.307443,-0.031476,-0.034892,0.988078
2026-08-31T18:37:48.043337,47.335497,-0.032208,-0.034648,0.987590
2026-08-31T18:37:48.075188,47.367348,-0.032452,-0.035014,0.987590
2026-08-31T18:37:48.075259,47.367419,-0.032574,-0.034648,0.987834
2026-08-31T18:37:48.103056,47.395216,-0.032574,-0.035380,0.987590
2026-08-31T18:37:48.134324,47.426484,-0.032452,-0.035136,0.987346
2026-08-31T18:37:48.163914,47.456074,-0.032086,-0.035136,0.987834
2026-08-31T18:37:48.165783,47.457943,-0.032086,-0.035136,0.987346
2026-08-31T18:37:48.196382,47.488542,-0.032086,-0.034770,0.987712
2026-08-31T18:37:48.227159,47.519319,-0.032086,-0.034892,0.987956
2026-08-31T18:37:48.227242,47.519402,-0.031964,-0.034282,0.987712
2026-08-31T18:37:48.255910,47.548070,-0.033062,-0.034892,0.987956
2026-08-31T18:37:48.284557,47.576717,-0.032574,-0.034648,0.987956
2026-08-31T18:37:48.314078,47.606238,-0.032208,-0.035136,0.987956
2026-08-31T18:37:48.314161,47.606321,-0.031598,-0.034404,0.987590
2026-08-31T18:37:48.344262,47.636422,-0.031964,-0.035502,0.987590
2026-08-31T18:37:48.344325,47.636485,-0.032940,-0.035258,0.987956
2026-08-31T18:37:48.373229,47.665389,-0.032574,-0.034770,0.988444
2026-08-31T18:37:48.404771,47.696931,-0.032452,-0.035258,0.988566
2026-08-31T18:37:48.405932,47.698092,-0.032574,-0.034892,0.987712
2026-08-31T18:37:48.435851,47.728011,-0.032330,-0.034526,0.987834
2026-08-31T18:37:48.465816,47.757976,-0.032696,-0.034282,0.987224
2026-08-31T18:37:48.497037,47.789197,-0.032086,-0.034404,0.987224
2026-08-31T18:37:48.497146,47.789306,-0.031964,-0.034892,0.987834
2026-08-31T18:37:48.526607,47.818767,-0.032208,-0.035502,0.987712
2026-08-31T18:37:48.556355,47.848515,-0.032086,-0.035258,0.988200
2026-08-31T18:37:48.556431,47.848591,-0.032818,-0.034770,0.987834
2026-08-31T18:37:48.585635,47.877795,-0.032208,-0.034648,0.988200
2026-08-31T18:37:48.614255,47.906415,-0.031964,-0.034648,0.987834
2026-08-31T18:37:48.675277,47.967437,-0.032574,-0.035014,0.987956
2026-08-31T18:37:48.675357,47.967517,-0.032086,-0.034770,0.987834
2026-08-31T18:37:48.678248,47.970408,-0.032208,-0.034160,0.988322
2026-08-31T18:37:48.706643,47.998803,-0.031720,-0.034526,0.987712
2026-08-31T18:37:48.706734,47.998894,-0.032330,-0.035014,0.988322
2026-08-31T18:37:48.736226,48.028386,-0.032330,-0.034648,0.987468
2026-08-31T18:37:48.765839,48.057999,-0.032574,-0.034770,0.988078
2026-08-31T18:37:48.796237,48.088397,-0.032452,-0.035136,0.987712
2026-08-31T18:37:48.796382,48.088542,-0.032330,-0.034282,0.988322
2026-08-31T18:37:48.826069,48.118229,-0.031720,-0.035746,0.988200
2026-08-31T18:37:48.856475,48.148635,-0.032208,-0.035380,0.987956
2026-08-31T18:37:48.856566,48.148726,-0.032208,-0.034770,0.987834
2026-08-31T18:37:48.885914,48.178074,-0.032574,-0.034892,0.987956
2026-08-31T18:37:48.914738,48.206898,-0.032208,-0.035014,0.988078
2026-08-31T18:37:48.946819,48.238979,-0.031720,-0.035136,0.988200
2026-08-31T18:37:48.946892,48.239052,-0.032208,-0.035258,0.987834
2026-08-31T18:37:48.976195,48.268355,-0.032208,-0.035136,0.987956
2026-08-31T18:37:49.004730,48.296890,-0.033062,-0.034526,0.987346
2026-08-31T18:37:49.004795,48.296955,-0.032574,-0.034648,0.987590
2026-08-31T18:37:49.033769,48.325929,-0.032452,-0.034892,0.987956
2026-08-31T18:37:49.034672,48.326832,-0.032330,-0.034770,0.987712
2026-08-31T18:37:49.063467,48.355627,-0.032330,-0.035258,0.987590
2026-08-31T18:37:49.094560,48.386720,-0.032086,-0.034648,0.988078
2026-08-31T18:37:49.095448,48.387608,-0.032330,-0.035380,0.988444
2026-08-31T18:37:49.123527,48.415687,-0.031598,-0.035136,0.988322
2026-08-31T18:37:49.154242,48.446402,-0.032574,-0.034648,0.987834
2026-08-31T18:37:49.184445,48.476605,-0.032452,-0.034770,0.988444
2026-08-31T18:37:49.184528,48.476688,-0.032208,-0.034892,0.987834
2026-08-31T18:37:49.213340,48.505500,-0.033062,-0.034892,0.988200
2026-08-31T18:37:49.244364,48.536524,-0.032086,-0.034892,0.987712
2026-08-31T18:37:49.244413,48.536573,-0.031964,-0.034770,0.987590
2026-08-31T18:37:49.273095,48.565255,-0.032818,-0.035502,0.988078
2026-08-31T18:37:49.304109,48.596269,-0.031964,-0.035258,0.987834
2026-08-31T18:37:49.335008,48.627168,-0.032208,-0.035502,0.987590
2026-08-31T18:37:49.335088,48.627248,-0.032208,-0.034892,0.987712
2026-08-31T18:37:49.364564,48.656724,-0.032696,-0.035258,0.987224
2026-08-31T18:37:49.364694,48.656854,-0.033184,-0.035502,0.988078
2026-08-31T18:37:49.393764,48.685924,-0.031842,-0.034892,0.988200
2026-08-31T18:37:49.424861,48.717021,-0.032696,-0.034770,0.987346
2026-08-31T18:37:49.454085,48.746245,-0.032208,-0.035136,0.987712
2026-08-31T18:37:49.455704,48.747864,-0.031720,-0.034526,0.987590
2026-08-31T18:37:49.485677,48.777837,-0.032452,-0.034526,0.987834
2026-08-31T18:37:49.516346,48.808506,-0.032208,-0.034892,0.987590
2026-08-31T18:37:49.516432,48.808592,-0.032574,-0.034404,0.987834
2026-08-31T18:37:49.544159,48.836319,-0.032452,-0.034404,0.988078
2026-08-31T18:37:49.575432,48.867592,-0.032208,-0.034282,0.987956
2026-08-31T18:37:49.575517,48.867677,-0.032696,-0.034892,0.987590
2026-08-31T18:37:49.603377,48.895537,-0.032208,-0.035014,0.988322
2026-08-31T18:37:49.635089,48.927249,-0.032574,-0.034648,0.987712
2026-08-31T18:37:49.635182,48.927342,-0.032330,-0.034892,0.987590
2026-08-31T18:37:49.663117,48.955277,-0.032330,-0.034526,0.988322
2026-08-31T18:37:49.695520,48.987680,-0.032086,-0.035014,0.988566
2026-08-31T18:37:49.695579,48.987739,-0.032330,-0.035136,0.988078
2026-08-31T18:37:49.723657,49.015817,-0.032452,-0.035136,0.987346
2026-08-31T18:37:49.755141,49.047301,-0.031720,-0.035258,0.987834
2026-08-31T18:37:49.755241,49.047401,-0.031842,-0.034648,0.987224
2026-08-31T18:37:49.783871,49.076031,-0.032086,-0.034526,0.987834
2026-08-31T18:37:49.815083,49.107243,-0.032452,-0.035014,0.987956
2026-08-31T18:37:49.815219,49.107379,-0.032452,-0.035014,0.987590
2026-08-31T18:37:49.843296,49.135456,-0.032208,-0.034892,0.988078
2026-08-31T18:37:49.873983,49.166143,-0.032452,-0.034770,0.987712
2026-08-31T18:37:49.904506,49.196666,-0.032086,-0.034770,0.987590
2026-08-31T18:37:49.905377,49.197537,-0.032330,-0.034892,0.988078
2026-08-31T18:37:49.935928,49.228088,-0.032452,-0.035380,0.987590
2026-08-31T18:37:49.966073,49.258233,-0.032940,-0.035624,0.987956
2026-08-31T18:37:49.966115,49.258275,-0.031842,-0.034648,0.987956
2026-08-31T18:37:49.995594,49.287754,-0.032208,-0.034770,0.987834
2026-08-31T18:37:50.027032,49.319192,-0.032696,-0.034282,0.987590
2026-08-31T18:37:50.027093,49.319253,-0.032330,-0.034892,0.988322
2026-08-31T18:37:50.056047,49.348207,-0.032818,-0.034526,0.988566
2026-08-31T18:37:50.086865,49.379025,-0.032574,-0.035136,0.988322
2026-08-31T18:37:50.086958,49.379118,-0.031842,-0.034892,0.988444
2026-08-31T18:37:50.115811,49.407971,-0.032574,-0.034526,0.987468
2026-08-31T18:37:50.146819,49.438979,-0.032452,-0.035014,0.988200
2026-08-31T18:37:50.146908,49.439068,-0.032574,-0.034770,0.987590
2026-08-31T18:37:50.176839,49.468999,-0.032208,-0.034892,0.987590
2026-08-31T18:37:50.204301,49.496461,-0.032208,-0.035014,0.988200
2026-08-31T18:37:50.234343,49.526503,-0.032452,-0.035014,0.987956
2026-08-31T18:37:50.234422,49.526582,-0.032940,-0.034526,0.987712
2026-08-31T18:37:50.263510,49.555670,-0.032208,-0.034892,0.988322
2026-08-31T18:37:50.295602,49.587762,-0.032330,-0.035136,0.987468
2026-08-31T18:37:50.295687,49.587847,-0.032208,-0.034892,0.987102
2026-08-31T18:37:50.324211,49.616371,-0.032574,-0.034648,0.988322
2026-08-31T18:37:50.354699,49.646859,-0.032574,-0.034648,0.987834
2026-08-31T18:37:50.354780,49.646940,-0.032452,-0.034648,0.988078
2026-08-31T18:37:50.383582,49.675742,-0.032574,-0.034648,0.987956
2026-08-31T18:37:50.415085,49.707245,-0.032086,-0.034770,0.987468
2026-08-31T18:37:50.415178,49.707338,-0.032574,-0.035258,0.987956
2026-08-31T18:37:50.443389,49.735549,-0.032574,-0.034770,0.987712
2026-08-31T18:37:50.474418,49.766578,-0.031964,-0.035258,0.988078
2026-08-31T18:37:50.474487,49.766647,-0.032452,-0.035014,0.987834
2026-08-31T18:37:50.503378,49.795538,-0.032086,-0.035014,0.987590
2026-08-31T18:37:50.534955,49.827115,-0.032818,-0.035014,0.988078
2026-08-31T18:37:50.535044,49.827204,-0.032208,-0.034892,0.987712
2026-08-31T18:37:50.563367,49.855527,-0.032086,-0.034282,0.988078
2026-08-31T18:37:50.594301,49.886461,-0.032208,-0.034526,0.987834
2026-08-31T18:37:50.625625,49.917785,-0.031842,-0.035502,0.987468
2026-08-31T18:37:50.625727,49.917887,-0.033062,-0.034892,0.987224
2026-08-31T18:37:50.653391,49.945551,-0.032208,-0.035136,0.987834
2026-08-31T18:37:50.685002,49.977162,-0.032696,-0.035136,0.988078
2026-08-31T18:37:50.685083,49.977243,-0.032330,-0.034770,0.987834
2026-08-31T18:37:50.713749,50.005909,-0.032208,-0.034892,0.987102
2026-08-31T18:37:50.743756,50.035916,-0.031842,-0.034892,0.987956
2026-08-31T18:37:50.774414,50.066574,-0.032452,-0.034648,0.988566
2026-08-31T18:37:50.777202,50.069362,-0.031842,-0.034648,0.987468
2026-08-31T18:37:50.805918,50.098078,-0.031842,-0.034770,0.987468
2026-08-31T18:37:50.836824,50.128984,-0.032452,-0.034770,0.988322
2026-08-31T18:37:50.836907,50.129067,-0.031720,-0.035258,0.988200
2026-08-31T18:37:50.866754,50.158914,-0.033184,-0.034770,0.986858
2026-08-31T18:37:50.866835,50.158995,-0.032208,-0.035136,0.987590
2026-08-31T18:37:50.896170,50.188330,-0.032330,-0.034770,0.987712
2026-08-31T18:37:50.927247,50.219407,-0.032330,-0.034648,0.987712
2026-08-31T18:37:50.927328,50.219488,-0.032330,-0.034892,0.987834
2026-08-31T18:37:50.955794,50.247954,-0.032452,-0.035014,0.987590
2026-08-31T18:37:50.984353,50.276513,-0.032086,-0.035136,0.987956
2026-08-31T18:37:51.013773,50.305933,-0.031720,-0.034770,0.988444
2026-08-31T18:37:51.014665,50.306825,-0.032086,-0.035014,0.988200
2026-08-31T18:37:51.043431,50.335591,-0.032330,-0.035502,0.987956
2026-08-31T18:37:51.075104,50.367264,-0.032208,-0.034526,0.987590
2026-08-31T18:37:51.075180,50.367340,-0.031842,-0.034526,0.988322
2026-08-31T18:37:51.103341,50.395501,-0.032330,-0.035136,0.988200
2026-08-31T18:37:51.134393,50.426553,-0.032574,-0.034526,0.988322
2026-08-31T18:37:51.136227,50.428387,-0.031720,-0.035014,0.987834
2026-08-31T18:37:51.165855,50.458015,-0.032452,-0.034892,0.988200
2026-08-31T18:37:51.197588,50.489748,-0.031598,-0.035136,0.988200
2026-08-31T18:37:51.197660,50.489820,-0.032330,-0.035136,0.987834
2026-08-31T18:37:51.226471,50.518631,-0.032208,-0.034770,0.987712
2026-08-31T18:37:51.256108,50.548268,-0.033062,-0.034892,0.987956
2026-08-31T18:37:51.256192,50.548352,-0.032940,-0.035014,0.988200
2026-08-31T18:37:51.283941,50.576101,-0.032818,-0.034404,0.988200
2026-08-31T18:37:51.315073,50.607233,-0.032452,-0.034282,0.987346
2026-08-31T18:37:51.315162,50.607322,-0.032452,-0.035136,0.988200
2026-08-31T18:37:51.343870,50.636030,-0.031964,-0.034648,0.988322
2026-08-31T18:37:51.374343,50.666503,-0.032452,-0.035014,0.988322
2026-08-31T18:37:51.404651,50.696811,-0.032574,-0.034892,0.988078
2026-08-31T18:37:51.404744,50.696904,-0.032696,-0.034648,0.988078
2026-08-31T18:37:51.433346,50.725506,-0.032452,-0.035014,0.987590
2026-08-31T18:37:51.464548,50.756708,-0.032696,-0.034648,0.988200
2026-08-31T18:37:51.464640,50.756800,-0.032452,-0.034160,0.987834
2026-08-31T18:37:51.524695,50.816855,-0.032208,-0.034892,0.987468
2026-08-31T18:37:51.526034,50.818194,-0.032574,-0.034770,0.988078
2026-08-31T18:37:51.555994,50.848154,-0.032452,-0.035258,0.988078
2026-08-31T18:37:51.556076,50.848236,-0.031964,-0.035014,0.987590
2026-08-31T18:37:51.583850,50.876010,-0.032574,-0.035258,0.987834
2026-08-31T18:37:51.615279,50.907439,-0.032696,-0.034892,0.987102
2026-08-31T18:37:51.615363,50.907523,-0.032818,-0.035014,0.987956
2026-08-31T18:37:51.643691,50.935851,-0.032940,-0.034526,0.987956
2026-08-31T18:37:51.674570,50.966730,-0.030988,-0.034892,0.988200
2026-08-31T18:37:51.674640,50.966800,-0.032086,-0.034648,0.987956
2026-08-31T18:37:51.703005,50.995165,-0.031842,-0.034770,0.988322
2026-08-31T18:37:51.734852,51.027012,-0.032208,-0.034892,0.986980
2026-08-31T18:37:51.734919,51.027079,-0.032208,-0.034892,0.988200
2026-08-31T18:37:51.763336,51.055496,-0.032574,-0.034892,0.987468
2026-08-31T18:37:51.795521,51.087681,-0.032086,-0.035014,0.988444
2026-08-31T18:37:51.795621,51.087781,-0.031964,-0.034648,0.988078
2026-08-31T18:37:51.824231,51.116391,-0.032452,-0.035380,0.987956
2026-08-31T18:37:51.854739,51.146899,-0.032208,-0.034892,0.987956
2026-08-31T18:37:51.854819,51.146979,-0.032086,-0.034892,0.988078
2026-08-31T18:37:51.883206,51.175366,-0.031842,-0.035014,0.987712
2026-08-31T18:37:51.913974,51.206134,-0.032330,-0.035380,0.987834
2026-08-31T18:37:51.944051,51.236211,-0.032452,-0.035258,0.987224
2026-08-31T18:37:51.945682,51.237842,-0.032330,-0.035014,0.987346
2026-08-31T18:37:51.976027,51.268187,-0.031842,-0.035258,0.988322
2026-08-31T18:37:52.006896,51.299056,-0.032574,-0.034770,0.988078
2026-08-31T18:37:52.006979,51.299139,-0.032208,-0.035502,0.987712
2026-08-31T18:37:52.036009,51.328169,-0.031964,-0.035258,0.987346
2026-08-31T18:37:52.065439,51.357599,-0.032696,-0.035136,0.988322
2026-08-31T18:37:52.065519,51.357679,-0.031964,-0.035380,0.987712
2026-08-31T18:37:52.094105,51.386265,-0.032330,-0.035014,0.987590
2026-08-31T18:37:52.124307,51.416467,-0.032330,-0.035258,0.987956
2026-08-31T18:37:52.125660,51.417820,-0.032208,-0.035014,0.988200
2026-08-31T18:37:52.155721,51.447881,-0.032208,-0.034770,0.988200
2026-08-31T18:37:52.184808,51.476968,-0.032208,-0.034648,0.987834
2026-08-31T18:37:52.184897,51.477057,-0.032330,-0.035258,0.987956
2026-08-31T18:37:52.213224,51.505384,-0.031964,-0.035014,0.988444
2026-08-31T18:37:52.244626,51.536786,-0.032330,-0.034892,0.987712
2026-08-31T18:37:52.246059,51.538219,-0.032574,-0.034770,0.987956
2026-08-31T18:37:52.276096,51.568256,-0.032452,-0.035136,0.987834
2026-08-31T18:37:52.307016,51.599176,-0.032330,-0.034648,0.987224
2026-08-31T18:37:52.307094,51.599254,-0.032696,-0.035136,0.988322
2026-08-31T18:37:52.364851,51.657011,-0.032452,-0.035258,0.988322
2026-08-31T18:37:52.364937,51.657097,-0.032452,-0.035136,0.987834
2026-08-31T18:37:52.365718,51.657878,-0.031842,-0.034892,0.987834
2026-08-31T18:37:52.396897,51.689057,-0.032208,-0.034770,0.987956
2026-08-31T18:37:52.426693,51.718853,-0.031842,-0.035014,0.987834
2026-08-31T18:37:52.456778,51.748938,-0.032574,-0.034892,0.987712
2026-08-31T18:37:52.456866,51.749026,-0.032574,-0.035014,0.987956
2026-08-31T18:37:52.486948,51.779108,-0.032086,-0.035380,0.987468
2026-08-31T18:37:52.487043,51.779203,-0.032574,-0.035014,0.988200
2026-08-31T18:37:52.515972,51.808132,-0.032086,-0.034892,0.987468
2026-08-31T18:37:52.546123,51.838283,-0.032574,-0.034526,0.988322
2026-08-31T18:37:52.574065,51.866225,-0.032574,-0.035014,0.987712
2026-08-31T18:37:52.604753,51.896913,-0.032574,-0.034892,0.987956
2026-08-31T18:37:52.604829,51.896989,-0.032086,-0.035014,0.987834
2026-08-31T18:37:52.634490,51.926650,-0.032208,-0.035502,0.987712
2026-08-31T18:37:52.634578,51.926738,-0.032696,-0.035136,0.987468
2026-08-31T18:37:52.663302,51.955462,-0.032574,-0.034648,0.987712
2026-08-31T18:37:52.695827,51.987987,-0.032330,-0.034770,0.987590
2026-08-31T18:37:52.695912,51.988072,-0.032452,-0.034892,0.987956
2026-08-31T18:37:52.724524,52.016684,-0.031598,-0.035136,0.987468
2026-08-31T18:37:52.785407,52.077567,-0.032574,-0.035014,0.987834
2026-08-31T18:37:52.785635,52.077795,-0.032696,-0.034648,0.987956
2026-08-31T18:37:52.785711,52.077871,-0.033062,-0.035014,0.987834
2026-08-31T18:37:52.813282,52.105442,-0.032574,-0.035014,0.987834
2026-08-31T18:37:52.844354,52.136514,-0.032574,-0.034892,0.987712
2026-08-31T18:37:52.873631,52.165791,-0.032574,-0.035136,0.988322
2026-08-31T18:37:52.874827,52.166987,-0.032574,-0.034770,0.987834
2026-08-31T18:37:52.906125,52.198285,-0.032574,-0.035136,0.987956
2026-08-31T18:37:52.906172,52.198332,-0.032696,-0.035258,0.987956
2026-08-31T18:37:52.935523,52.227683,-0.031720,-0.035136,0.988200
2026-08-31T18:37:52.963931,52.256091,-0.032330,-0.034770,0.987834
2026-08-31T18:37:52.996888,52.289048,-0.032452,-0.034648,0.987834
2026-08-31T18:37:52.996946,52.289106,-0.032574,-0.035136,0.988200
2026-08-31T18:37:53.026309,52.318469,-0.032696,-0.034526,0.987468
2026-08-31T18:37:53.085434,52.377594,-0.032940,-0.034770,0.987346
2026-08-31T18:37:53.085666,52.377826,-0.032574,-0.035136,0.987712
2026-08-31T18:37:53.085727,52.377887,-0.032208,-0.034770,0.988932
2026-08-31T18:37:53.114210,52.406370,-0.032696,-0.034526,0.987712
2026-08-31T18:37:53.115319,52.407479,-0.032086,-0.035136,0.987956
2026-08-31T18:37:53.143568,52.435728,-0.032940,-0.034404,0.987590
2026-08-31T18:37:53.175063,52.467223,-0.032452,-0.035380,0.988322
2026-08-31T18:37:53.175144,52.467304,-0.032574,-0.035624,0.988322
2026-08-31T18:37:53.203439,52.495599,-0.032330,-0.035136,0.987834
2026-08-31T18:37:53.234540,52.526700,-0.032330,-0.034892,0.988444
2026-08-31T18:37:53.235572,52.527732,-0.032940,-0.035136,0.987712
2026-08-31T18:37:53.265896,52.558056,-0.032330,-0.035014,0.987956
2026-08-31T18:37:53.296415,52.588575,-0.032452,-0.034770,0.987956
2026-08-31T18:37:53.328310,52.620470,-0.033062,-0.035014,0.987956
2026-08-31T18:37:53.328390,52.620550,-0.032208,-0.034892,0.987956
2026-08-31T18:37:53.355578,52.647738,-0.032818,-0.035014,0.987956
2026-08-31T18:37:53.384689,52.676849,-0.032330,-0.033916,0.988200
2026-08-31T18:37:53.384757,52.676917,-0.032330,-0.034770,0.987712
2026-08-31T18:37:53.414016,52.706176,-0.032452,-0.034648,0.987102
2026-08-31T18:37:53.414106,52.706266,-0.032574,-0.035136,0.987590
2026-08-31T18:37:53.444253,52.736413,-0.031964,-0.035014,0.987834
2026-08-31T18:37:53.474470,52.766630,-0.032696,-0.034648,0.987712
2026-08-31T18:37:53.504751,52.796911,-0.032330,-0.034404,0.987956
2026-08-31T18:37:53.504837,52.796997,-0.032696,-0.035136,0.988078
2026-08-31T18:37:53.533140,52.825300,-0.032330,-0.035258,0.988200
2026-08-31T18:37:53.565681,52.857841,-0.032452,-0.035258,0.987956
2026-08-31T18:37:53.565747,52.857907,-0.032940,-0.035014,0.987712
2026-08-31T18:37:53.593824,52.885984,-0.031964,-0.034648,0.987712
2026-08-31T18:37:53.627085,52.919245,-0.031964,-0.035014,0.987712
2026-08-31T18:37:53.627168,52.919328,-0.032574,-0.034892,0.988688
2026-08-31T18:37:53.656124,52.948284,-0.033062,-0.035136,0.988688
2026-08-31T18:37:53.685276,52.977436,-0.032696,-0.034770,0.988322
2026-08-31T18:37:53.685366,52.977526,-0.031476,-0.034770,0.988078
2026-08-31T18:37:53.714037,53.006197,-0.032330,-0.035380,0.988444
2026-08-31T18:37:53.745559,53.037719,-0.032696,-0.035624,0.988322
2026-08-31T18:37:53.745643,53.037803,-0.032574,-0.035136,0.988200
2026-08-31T18:37:53.773291,53.065451,-0.032208,-0.034404,0.987712
2026-08-31T18:37:53.804134,53.096294,-0.032452,-0.034648,0.988078
2026-08-31T18:37:53.804204,53.096364,-0.032208,-0.034892,0.987956
2026-08-31T18:37:53.833289,53.125449,-0.032208,-0.035014,0.987712
2026-08-31T18:37:53.864493,53.156653,-0.032818,-0.035136,0.987956
2026-08-31T18:37:53.864590,53.156750,-0.032818,-0.035136,0.987712
2026-08-31T18:37:53.893383,53.185543,-0.032574,-0.035014,0.988444
2026-08-31T18:37:53.923829,53.215989,-0.032818,-0.034892,0.988078
2026-08-31T18:37:53.953466,53.245626,-0.032452,-0.034892,0.987834
2026-08-31T18:37:53.982989,53.275149,-0.032330,-0.035258,0.987590
2026-08-31T18:37:53.985058,53.277218,-0.032208,-0.035502,0.988322
2026-08-31T18:37:54.014542,53.306702,-0.032452,-0.035014,0.988810
2026-08-31T18:37:54.014640,53.306800,-0.032330,-0.035136,0.987224
2026-08-31T18:37:54.043381,53.335541,-0.032452,-0.035258,0.987590
2026-08-31T18:37:54.104622,53.396782,-0.032818,-0.034892,0.988444
2026-08-31T18:37:54.104715,53.396875,-0.032086,-0.034648,0.988078
2026-08-31T18:37:54.105556,53.397716,-0.032696,-0.034648,0.987834
2026-08-31T18:37:54.134519,53.426679,-0.032208,-0.034770,0.987834
2026-08-31T18:37:54.134606,53.426766,-0.031964,-0.035258,0.988078
2026-08-31T18:37:54.163198,53.455358,-0.032086,-0.035014,0.988078
2026-08-31T18:37:54.193606,53.485766,-0.032086,-0.034892,0.987590
2026-08-31T18:37:54.224702,53.516862,-0.032330,-0.035502,0.988444
2026-08-31T18:37:54.225600,53.517760,-0.031842,-0.035136,0.988200
2026-08-31T18:37:54.256007,53.548167,-0.032574,-0.035502,0.988444
2026-08-31T18:37:54.286674,53.578834,-0.032574,-0.034770,0.988322
2026-08-31T18:37:54.286752,53.578912,-0.032330,-0.035258,0.987712
2026-08-31T18:37:54.315701,53.607861,-0.033062,-0.035136,0.987590
2026-08-31T18:37:54.346861,53.639021,-0.031842,-0.034648,0.988200
2026-08-31T18:37:54.346926,53.639086,-0.032208,-0.035014,0.988078
2026-08-31T18:37:54.376301,53.668461,-0.032330,-0.034648,0.988322
2026-08-31T18:37:54.406973,53.699133,-0.032330,-0.035258,0.988078
2026-08-31T18:37:54.407056,53.699216,-0.032208,-0.034526,0.988200
2026-08-31T18:37:54.435761,53.727921,-0.032818,-0.034770,0.988078
2026-08-31T18:37:54.464750,53.756910,-0.032574,-0.034404,0.987712
2026-08-31T18:37:54.465954,53.758114,-0.032330,-0.035014,0.988322
2026-08-31T18:37:54.496074,53.788234,-0.032330,-0.035014,0.987956
2026-08-31T18:37:54.527140,53.819300,-0.032940,-0.035746,0.987712
2026-08-31T18:37:54.527204,53.819364,-0.031964,-0.034648,0.987834
2026-08-31T18:37:54.555664,53.847824,-0.032452,-0.034404,0.988078
2026-08-31T18:37:54.585809,53.877969,-0.032208,-0.035380,0.987712
2026-08-31T18:37:54.615221,53.907381,-0.032696,-0.034892,0.987468
2026-08-31T18:37:54.615330,53.907490,-0.032452,-0.035014,0.987834
2026-08-31T18:37:54.643691,53.935851,-0.032330,-0.034770,0.987956
2026-08-31T18:37:54.675259,53.967419,-0.032086,-0.034770,0.987956
2026-08-31T18:37:54.675338,53.967498,-0.032696,-0.034770,0.987834
2026-08-31T18:37:54.703729,53.995889,-0.032452,-0.034160,0.987712
2026-08-31T18:37:54.735140,54.027300,-0.032452,-0.035014,0.988200
2026-08-31T18:37:54.735219,54.027379,-0.032208,-0.034770,0.987834
2026-08-31T18:37:54.763359,54.055519,-0.033428,-0.034770,0.988078
2026-08-31T18:37:54.795707,54.087867,-0.031354,-0.034892,0.987834
2026-08-31T18:37:54.795791,54.087951,-0.032452,-0.034404,0.988200
2026-08-31T18:37:54.824663,54.116823,-0.032330,-0.034648,0.988322
2026-08-31T18:37:54.825700,54.117860,-0.032940,-0.034770,0.988444
2026-08-31T18:37:54.856070,54.148230,-0.032818,-0.034770,0.988200
2026-08-31T18:37:54.885808,54.177968,-0.032574,-0.035502,0.988566
2026-08-31T18:37:54.946338,54.238498,-0.032452,-0.034648,0.988200
2026-08-31T18:37:54.946637,54.238797,-0.032208,-0.034892,0.987712
2026-08-31T18:37:54.946697,54.238857,-0.031842,-0.035014,0.988078
2026-08-31T18:37:54.977294,54.269454,-0.032208,-0.035502,0.986980
2026-08-31T18:37:54.977380,54.269540,-0.032330,-0.034526,0.988444
2026-08-31T18:37:55.006273,54.298433,-0.031842,-0.035014,0.987834
2026-08-31T18:37:55.034075,54.326235,-0.032696,-0.034526,0.988078
2026-08-31T18:37:55.064006,54.356166,-0.032330,-0.035014,0.987834
2026-08-31T18:37:55.064068,54.356228,-0.032330,-0.034526,0.988200
2026-08-31T18:37:55.095956,54.388116,-0.032086,-0.034404,0.988322
2026-08-31T18:37:55.096030,54.388190,-0.032574,-0.034770,0.987468
2026-08-31T18:37:55.123785,54.415945,-0.032696,-0.034648,0.987834
2026-08-31T18:37:55.154432,54.446592,-0.032574,-0.035502,0.987956
2026-08-31T18:37:55.186816,54.478976,-0.032208,-0.034526,0.987956
2026-08-31T18:37:55.186902,54.479062,-0.032452,-0.034648,0.988322
2026-08-31T18:37:55.216132,54.508292,-0.032208,-0.034770,0.987956
2026-08-31T18:37:55.245812,54.537972,-0.031720,-0.034892,0.988200
2026-08-31T18:37:55.274953,54.567113,-0.032330,-0.035014,0.988322
2026-08-31T18:37:55.275021,54.567181,-0.032696,-0.034526,0.988322
2026-08-31T18:37:55.304805,54.596965,-0.032086,-0.035136,0.987956
2026-08-31T18:37:55.304893,54.597053,-0.032574,-0.035502,0.988078
2026-08-31T18:37:55.333346,54.625506,-0.032452,-0.034770,0.987712
2026-08-31T18:37:55.364200,54.656360,-0.032574,-0.034404,0.987468
2026-08-31T18:37:55.396013,54.688173,-0.032574,-0.034404,0.987590
2026-08-31T18:37:55.396094,54.688254,-0.032452,-0.035014,0.987956
2026-08-31T18:37:55.425472,54.717632,-0.032452,-0.035258,0.987956
2026-08-31T18:37:55.425546,54.717706,-0.031964,-0.034526,0.988078
2026-08-31T18:37:55.454107,54.746267,-0.032208,-0.035014,0.988566
2026-08-31T18:37:55.484118,54.776278,-0.032452,-0.035258,0.988078
2026-08-31T18:37:55.514375,54.806535,-0.032452,-0.034770,0.988566
2026-08-31T18:37:55.514490,54.806650,-0.032696,-0.035136,0.987712
2026-08-31T18:37:55.543455,54.835615,-0.032330,-0.035258,0.988688
2026-08-31T18:37:55.574526,54.866686,-0.031964,-0.034892,0.987712
2026-08-31T18:37:55.575372,54.867532,-0.032574,-0.034404,0.988078
2026-08-31T18:37:55.606109,54.898269,-0.032696,-0.035136,0.987346
2026-08-31T18:37:55.636830,54.928990,-0.032086,-0.035136,0.988566
2026-08-31T18:37:55.636921,54.929081,-0.032452,-0.034770,0.987956
2026-08-31T18:37:55.665944,54.958104,-0.032086,-0.034892,0.987956
2026-08-31T18:37:55.697009,54.989169,-0.032574,-0.035258,0.987712
2026-08-31T18:37:55.697101,54.989261,-0.032330,-0.034648,0.988200
2026-08-31T18:37:55.726237,55.018397,-0.032818,-0.035136,0.987834
2026-08-31T18:37:55.756454,55.048614,-0.031964,-0.035136,0.987712
2026-08-31T18:37:55.756515,55.048675,-0.032330,-0.035014,0.987956
2026-08-31T18:37:55.785788,55.077948,-0.032696,-0.034892,0.988078
2026-08-31T18:37:55.814805,55.106965,-0.031964,-0.034770,0.987590
2026-08-31T18:37:55.816034,55.108194,-0.032208,-0.034648,0.988200
2026-08-31T18:37:55.846118,55.138278,-0.032330,-0.035258,0.988688
2026-08-31T18:37:55.874334,55.166494,-0.032086,-0.034526,0.987590
2026-08-31T18:37:55.905256,55.197416,-0.032452,-0.034770,0.987956
2026-08-31T18:37:55.905344,55.197504,-0.032208,-0.034404,0.987590
2026-08-31T18:37:55.934093,55.226253,-0.032574,-0.035136,0.987590
2026-08-31T18:37:55.935837,55.227997,-0.032574,-0.034892,0.987956
2026-08-31T18:37:55.966088,55.258248,-0.032086,-0.034526,0.988200
2026-08-31T18:37:55.997434,55.289594,-0.032208,-0.034892,0.988322
2026-08-31T18:37:55.997524,55.289684,-0.032940,-0.034526,0.987712
2026-08-31T18:37:56.026093,55.318253,-0.032574,-0.035258,0.987956
2026-08-31T18:37:56.056947,55.349107,-0.032696,-0.035136,0.987834
2026-08-31T18:37:56.057033,55.349193,-0.032086,-0.035014,0.987956
2026-08-31T18:37:56.085885,55.378045,-0.032574,-0.034770,0.988566
2026-08-31T18:37:56.114406,55.406566,-0.032330,-0.034892,0.987834
2026-08-31T18:37:56.146301,55.438461,-0.031964,-0.035014,0.987590
2026-08-31T18:37:56.146382,55.438542,-0.031964,-0.034892,0.987224
2026-08-31T18:37:56.173756,55.465916,-0.031720,-0.034770,0.987956
2026-08-31T18:37:56.204736,55.496896,-0.032452,-0.034892,0.988078
2026-08-31T18:37:56.204804,55.496964,-0.032208,-0.034770,0.987956
2026-08-31T18:37:56.233068,55.525228,-0.032940,-0.035380,0.988078
2026-08-31T18:37:56.264996,55.557156,-0.032696,-0.034892,0.987590
2026-08-31T18:37:56.265059,55.557219,-0.031964,-0.034648,0.987468
2026-08-31T18:37:56.294313,55.586473,-0.032330,-0.034526,0.988566
2026-08-31T18:37:56.325400,55.617560,-0.032452,-0.035014,0.988078
2026-08-31T18:37:56.325486,55.617646,-0.031598,-0.034648,0.987834
2026-08-31T18:37:56.385922,55.678082,-0.032208,-0.034770,0.988078
2026-08-31T18:37:56.386141,55.678301,-0.032330,-0.035136,0.987224
2026-08-31T18:37:56.386212,55.678372,-0.031964,-0.035136,0.988322
2026-08-31T18:37:56.414343,55.706503,-0.032574,-0.035014,0.988200
2026-08-31T18:37:56.445160,55.737320,-0.031964,-0.034770,0.988078
2026-08-31T18:37:56.445241,55.737401,-0.032208,-0.034282,0.987834
2026-08-31T18:37:56.473428,55.765588,-0.032330,-0.034770,0.987956
2026-08-31T18:37:56.504281,55.796441,-0.031598,-0.035624,0.987712
2026-08-31T18:37:56.505406,55.797566,-0.032574,-0.035258,0.987468
2026-08-31T18:37:56.535738,55.827898,-0.032940,-0.034648,0.988444
2026-08-31T18:37:56.565043,55.857203,-0.032452,-0.034892,0.988322
2026-08-31T18:37:56.565118,55.857278,-0.031964,-0.034770,0.988200
2026-08-31T18:37:56.594594,55.886754,-0.032330,-0.034648,0.987590
2026-08-31T18:37:56.625372,55.917532,-0.032330,-0.034770,0.988200
2026-08-31T18:37:56.625475,55.917635,-0.032208,-0.035014,0.988200
2026-08-31T18:37:56.653842,55.946002,-0.032452,-0.035136,0.987956
2026-08-31T18:37:56.683490,55.975650,-0.031842,-0.035014,0.988200
2026-08-31T18:37:56.714740,56.006900,-0.032086,-0.034892,0.988078
2026-08-31T18:37:56.714804,56.006964,-0.032696,-0.034770,0.987468
2026-08-31T18:37:56.743308,56.035468,-0.032452,-0.034404,0.987712
2026-08-31T18:37:56.775375,56.067535,-0.032696,-0.034892,0.987712
2026-08-31T18:37:56.775465,56.067625,-0.032818,-0.034892,0.987956
2026-08-31T18:37:56.804862,56.097022,-0.032818,-0.034648,0.988078
2026-08-31T18:37:56.804954,56.097114,-0.032330,-0.035136,0.987346
2026-08-31T18:37:56.833781,56.125941,-0.032208,-0.034648,0.987712
2026-08-31T18:37:56.864364,56.156524,-0.032696,-0.034282,0.987834
2026-08-31T18:37:56.899580,56.191740,-0.032330,-0.034404,0.988078
2026-08-31T18:37:56.899665,56.191825,-0.032208,-0.034892,0.987468
2026-08-31T18:37:56.926371,56.218531,-0.032330,-0.034770,0.987346
2026-08-31T18:37:56.955206,56.247366,-0.032696,-0.034770,0.987224
2026-08-31T18:37:56.955897,56.248057,-0.032208,-0.035014,0.988078
2026-08-31T18:37:56.986055,56.278215,-0.032208,-0.034770,0.988444
2026-08-31T18:37:57.015943,56.308103,-0.032452,-0.035136,0.987712
2026-08-31T18:37:57.047191,56.339351,-0.032452,-0.034648,0.987956
2026-08-31T18:37:57.047280,56.339440,-0.032208,-0.034526,0.987468
2026-08-31T18:37:57.076801,56.368961,-0.032208,-0.034648,0.987590
2026-08-31T18:37:57.076882,56.369042,-0.032452,-0.035136,0.987956
2026-08-31T18:37:57.107830,56.399990,-0.032696,-0.034892,0.988078
2026-08-31T18:37:57.135952,56.428112,-0.032208,-0.035136,0.988200
2026-08-31T18:37:57.136019,56.428179,-0.032818,-0.034892,0.987712
2026-08-31T18:37:57.164391,56.456551,-0.032452,-0.035380,0.988200
2026-08-31T18:37:57.196818,56.488978,-0.032208,-0.035136,0.988322
2026-08-31T18:37:57.196900,56.489060,-0.032818,-0.034770,0.988078
2026-08-31T18:37:57.224865,56.517025,-0.031720,-0.034892,0.988322
2026-08-31T18:37:57.253419,56.545579,-0.032452,-0.035014,0.988200
2026-08-31T18:37:57.284737,56.576897,-0.032574,-0.034526,0.988078
2026-08-31T18:37:57.286540,56.578700,-0.032330,-0.034892,0.987834
2026-08-31T18:37:57.346156,56.638316,-0.032330,-0.034526,0.988078
2026-08-31T18:37:57.346415,56.638575,-0.032940,-0.035014,0.987956
2026-08-31T18:37:57.346476,56.638636,-0.031964,-0.035014,0.987956
2026-08-31T18:37:57.376104,56.668264,-0.032452,-0.034770,0.988566
2026-08-31T18:37:57.406742,56.698902,-0.032330,-0.034526,0.988322
2026-08-31T18:37:57.406811,56.698971,-0.032452,-0.035014,0.988322
2026-08-31T18:37:57.435639,56.727799,-0.032330,-0.034770,0.988078
2026-08-31T18:37:57.465231,56.757391,-0.032574,-0.035014,0.987224
2026-08-31T18:37:57.495277,56.787437,-0.032452,-0.034648,0.987712
2026-08-31T18:37:57.495356,56.787516,-0.032086,-0.035380,0.987834
2026-08-31T18:37:57.524312,56.816472,-0.032330,-0.034526,0.987712
2026-08-31T18:37:57.555488,56.847648,-0.031964,-0.034648,0.988078
2026-08-31T18:37:57.555580,56.847740,-0.031720,-0.034648,0.988200
2026-08-31T18:37:57.583705,56.875865,-0.032818,-0.034648,0.987712
2026-08-31T18:37:57.614684,56.906844,-0.032086,-0.034770,0.987956
2026-08-31T18:37:57.614748,56.906908,-0.032208,-0.034892,0.987834
2026-08-31T18:37:57.643680,56.935840,-0.032086,-0.035258,0.988200
2026-08-31T18:37:57.675302,56.967462,-0.032208,-0.034648,0.987102
2026-08-31T18:37:57.675390,56.967550,-0.032208,-0.035258,0.987468
2026-08-31T18:37:57.703664,56.995824,-0.032452,-0.035258,0.987712
2026-08-31T18:37:57.735446,57.027606,-0.031598,-0.035258,0.987468
2026-08-31T18:37:57.735520,57.027680,-0.032452,-0.034892,0.987468
2026-08-31T18:37:57.795118,57.087278,-0.032452,-0.035136,0.987956
2026-08-31T18:37:57.798305,57.090465,-0.031964,-0.034404,0.987956
2026-08-31T18:37:57.827391,57.119551,-0.032330,-0.034892,0.987956
2026-08-31T18:37:57.827507,57.119667,-0.032452,-0.034770,0.988322
2026-08-31T18:37:57.856037,57.148197,-0.032208,-0.034526,0.987834
2026-08-31T18:37:57.887025,57.179185,-0.032696,-0.035014,0.988322
2026-08-31T18:37:57.887108,57.179268,-0.032452,-0.034770,0.988200
2026-08-31T18:37:57.915028,57.207188,-0.032208,-0.034526,0.988078
2026-08-31T18:37:57.944512,57.236672,-0.032086,-0.034892,0.988444
2026-08-31T18:37:57.944563,57.236723,-0.031964,-0.034892,0.988322
2026-08-31T18:37:57.973174,57.265334,-0.031842,-0.034770,0.988200
2026-08-31T18:37:58.005273,57.297433,-0.032330,-0.035380,0.987590
2026-08-31T18:37:58.005361,57.297521,-0.032452,-0.035014,0.987834
2026-08-31T18:37:58.033379,57.325539,-0.032452,-0.034282,0.988566
2026-08-31T18:37:58.065148,57.357308,-0.032330,-0.034770,0.988200
2026-08-31T18:37:58.065217,57.357377,-0.032696,-0.034770,0.987590
2026-08-31T18:37:58.126061,57.418221,-0.032574,-0.035136,0.988810
2026-08-31T18:37:58.126145,57.418305,-0.031842,-0.035380,0.988200
2026-08-31T18:37:58.156345,57.448505,-0.032574,-0.034648,0.987956
2026-08-31T18:37:58.156406,57.448566,-0.032696,-0.035258,0.987956
2026-08-31T18:37:58.185528,57.477688,-0.032330,-0.034770,0.988078
2026-08-31T18:37:58.214792,57.506952,-0.032696,-0.034892,0.987956
2026-08-31T18:37:58.214851,57.507011,-0.032818,-0.035136,0.988322
2026-08-31T18:37:58.243493,57.535653,-0.032574,-0.034892,0.988200
2026-08-31T18:37:58.274641,57.566801,-0.032208,-0.034892,0.987834
2026-08-31T18:37:58.304080,57.596240,-0.032330,-0.034526,0.987590
2026-08-31T18:37:58.304140,57.596300,-0.032574,-0.034892,0.987590
2026-08-31T18:37:58.333582,57.625742,-0.031842,-0.035136,0.988810
2026-08-31T18:37:58.365338,57.657498,-0.032208,-0.034892,0.988078
2026-08-31T18:37:58.365427,57.657587,-0.033062,-0.034526,0.987834
2026-08-31T18:37:58.393669,57.685829,-0.032208,-0.034526,0.987590
2026-08-31T18:37:58.427015,57.719175,-0.032208,-0.034404,0.987712
2026-08-31T18:37:58.427084,57.719244,-0.031476,-0.035380,0.987834
2026-08-31T18:37:58.456105,57.748265,-0.031720,-0.034526,0.988322
2026-08-31T18:37:58.485443,57.777603,-0.032086,-0.034892,0.988200
2026-08-31T18:37:58.485532,57.777692,-0.032818,-0.035014,0.987712
2026-08-31T18:37:58.514003,57.806163,-0.031964,-0.034770,0.987590
2026-08-31T18:37:58.545550,57.837710,-0.033062,-0.034892,0.987468
2026-08-31T18:37:58.545633,57.837793,-0.032330,-0.034892,0.988200
2026-08-31T18:37:58.573592,57.865752,-0.032574,-0.034648,0.988200
2026-08-31T18:37:58.604222,57.896382,-0.032452,-0.035502,0.987956
2026-08-31T18:37:58.634689,57.926849,-0.031720,-0.035380,0.987956
2026-08-31T18:37:58.634755,57.926915,-0.032208,-0.034648,0.987712
2026-08-31T18:37:58.663219,57.955379,-0.032574,-0.035624,0.987956
2026-08-31T18:37:58.695669,57.987829,-0.032208,-0.035258,0.987712
2026-08-31T18:37:58.695750,57.987910,-0.032330,-0.035258,0.987834
2026-08-31T18:37:58.724311,58.016471,-0.032208,-0.034892,0.987712
2026-08-31T18:37:58.755484,58.047644,-0.032696,-0.034526,0.987712
2026-08-31T18:37:58.755583,58.047743,-0.031354,-0.034892,0.987956
2026-08-31T18:37:58.783479,58.075639,-0.032696,-0.034648,0.987590
2026-08-31T18:37:58.814404,58.106564,-0.032208,-0.034770,0.988200
2026-08-31T18:37:58.845884,58.138044,-0.032330,-0.035136,0.987712
2026-08-31T18:37:58.845967,58.138127,-0.032330,-0.034892,0.987834
2026-08-31T18:37:58.873999,58.166159,-0.032086,-0.035136,0.987834
2026-08-31T18:37:58.874053,58.166213,-0.033184,-0.035014,0.988322
2026-08-31T18:37:58.903372,58.195532,-0.032574,-0.034160,0.987834
2026-08-31T18:37:58.934929,58.227089,-0.032330,-0.034526,0.987956
2026-08-31T18:37:58.934995,58.227155,-0.032696,-0.035502,0.988078
2026-08-31T18:37:58.963873,58.256033,-0.032330,-0.035014,0.987834
2026-08-31T18:37:59.026176,58.318336,-0.032086,-0.034770,0.988200
2026-08-31T18:37:59.026403,58.318563,-0.032818,-0.035014,0.987834
2026-08-31T18:37:59.026458,58.318618,-0.032330,-0.035014,0.987712
2026-08-31T18:37:59.054793,58.346953,-0.032452,-0.035624,0.987956
2026-08-31T18:37:59.054892,58.347052,-0.032208,-0.034770,0.988078
2026-08-31T18:37:59.083481,58.375641,-0.032696,-0.034282,0.987712
2026-08-31T18:37:59.114495,58.406655,-0.032086,-0.034770,0.988078
2026-08-31T18:37:59.145138,58.437298,-0.032818,-0.034648,0.987956
2026-08-31T18:37:59.147801,58.439961,-0.032330,-0.034892,0.987590
2026-08-31T18:37:59.176054,58.468214,-0.032574,-0.034770,0.987956
2026-08-31T18:37:59.205401,58.497561,-0.032208,-0.034892,0.987712
2026-08-31T18:37:59.205490,58.497650,-0.032452,-0.035258,0.987834
2026-08-31T18:37:59.265191,58.557351,-0.031964,-0.034770,0.987712
2026-08-31T18:37:59.265272,58.557432,-0.032574,-0.035014,0.988078
2026-08-31T18:37:59.266198,58.558358,-0.032452,-0.035136,0.988200
2026-08-31T18:37:59.297110,58.589270,-0.032818,-0.034282,0.987834
2026-08-31T18:37:59.326394,58.618554,-0.032208,-0.035014,0.988322
2026-08-31T18:37:59.356536,58.648696,-0.032574,-0.034770,0.988200
2026-08-31T18:37:59.356603,58.648763,-0.033062,-0.035136,0.987712
2026-08-31T18:37:59.386269,58.678429,-0.032940,-0.034160,0.988200
2026-08-31T18:37:59.386328,58.678488,-0.032452,-0.035258,0.988200
2026-08-31T18:37:59.414637,58.706797,-0.032818,-0.034648,0.988078
2026-08-31T18:37:59.443455,58.735615,-0.032940,-0.034648,0.988200
2026-08-31T18:37:59.475344,58.767504,-0.032086,-0.035380,0.988322
2026-08-31T18:37:59.475422,58.767582,-0.032818,-0.034770,0.987956
2026-08-31T18:37:59.504042,58.796202,-0.032086,-0.035380,0.988078
2026-08-31T18:37:59.505231,58.797391,-0.032330,-0.034892,0.988078
2026-08-31T18:37:59.534187,58.826347,-0.032086,-0.035014,0.988322
2026-08-31T18:37:59.564312,58.856472,-0.031964,-0.035014,0.988200
2026-08-31T18:37:59.594659,58.886819,-0.032452,-0.034526,0.987834
2026-08-31T18:37:59.624806,58.916966,-0.032330,-0.035624,0.987834
2026-08-31T18:37:59.624870,58.917030,-0.032208,-0.034282,0.987712
2026-08-31T18:37:59.653247,58.945407,-0.032330,-0.034892,0.988322
2026-08-31T18:37:59.685448,58.977608,-0.032330,-0.035502,0.987956
2026-08-31T18:37:59.685527,58.977687,-0.032574,-0.035014,0.988444
2026-08-31T18:37:59.714630,59.006790,-0.032330,-0.034770,0.988078
2026-08-31T18:37:59.745283,59.037443,-0.033062,-0.035014,0.988078
2026-08-31T18:37:59.745370,59.037530,-0.032574,-0.035136,0.987712
2026-08-31T18:37:59.773663,59.065823,-0.032086,-0.035624,0.987956
2026-08-31T18:37:59.804309,59.096469,-0.032208,-0.034770,0.988322
2026-08-31T18:37:59.835403,59.127563,-0.033062,-0.034648,0.987834
2026-08-31T18:37:59.835513,59.127673,-0.032208,-0.034404,0.987956
2026-08-31T18:37:59.864228,59.156388,-0.032330,-0.034404,0.987712
2026-08-31T18:37:59.864287,59.156447,-0.031964,-0.035014,0.988200
2026-08-31T18:37:59.894264,59.186424,-0.032696,-0.034648,0.987834
2026-08-31T18:37:59.924352,59.216512,-0.032208,-0.035258,0.987712
2026-08-31T18:37:59.955441,59.247601,-0.032086,-0.035136,0.987834
2026-08-31T18:37:59.955539,59.247699,-0.032330,-0.034892,0.987712
2026-08-31T18:37:59.984790,59.276950,-0.031964,-0.035014,0.987834
2026-08-31T18:37:59.984856,59.277016,-0.031964,-0.034892,0.988322
2026-08-31T18:38:00.045036,59.337196,-0.033184,-0.034892,0.987956
2026-08-31T18:38:00.045148,59.337308,-0.031964,-0.035014,0.987468
2026-08-31T18:38:00.045828,59.337988,-0.032574,-0.034648,0.987834
2026-08-31T18:38:00.076182,59.368342,-0.032330,-0.035258,0.987956
2026-08-31T18:38:00.104631,59.396791,-0.032696,-0.035136,0.988322
2026-08-31T18:38:00.133907,59.426067,-0.033184,-0.035258,0.987834
2026-08-31T18:38:00.135007,59.427167,-0.031720,-0.035014,0.988200
2026-08-31T18:38:00.164099,59.456259,-0.031964,-0.034648,0.988200
2026-08-31T18:38:00.195314,59.487474,-0.032086,-0.034770,0.987712
2026-08-31T18:38:00.195398,59.487558,-0.031964,-0.035380,0.988078
2026-08-31T18:38:00.226387,59.518547,-0.032452,-0.034892,0.987956
2026-08-31T18:38:00.257276,59.549436,-0.032696,-0.035136,0.987956
2026-08-31T18:38:00.257354,59.549514,-0.031720,-0.034892,0.987956
2026-08-31T18:38:00.286557,59.578717,-0.032940,-0.034282,0.988078
2026-08-31T18:38:00.317606,59.609766,-0.032330,-0.034892,0.988078
2026-08-31T18:38:00.317733,59.609893,-0.032818,-0.034892,0.988322
2026-08-31T18:38:00.346039,59.638199,-0.032452,-0.034770,0.987590
2026-08-31T18:38:00.374634,59.666794,-0.031598,-0.034648,0.988322
2026-08-31T18:38:00.404725,59.696885,-0.032086,-0.035380,0.987834
2026-08-31T18:38:00.404817,59.696977,-0.032452,-0.034526,0.988322
2026-08-31T18:38:00.434835,59.726995,-0.031964,-0.034648,0.987590
2026-08-31T18:38:00.434915,59.727075,-0.032574,-0.034160,0.987956
2026-08-31T18:38:00.464093,59.756253,-0.032940,-0.034892,0.987834
2026-08-31T18:38:00.494934,59.787094,-0.032208,-0.035136,0.988200
2026-08-31T18:38:00.527467,59.819627,-0.032696,-0.034648,0.987346
2026-08-31T18:38:00.527554,59.819714,-0.032574,-0.034648,0.987834
2026-08-31T18:38:00.556277,59.848437,-0.032452,-0.034892,0.987468
2026-08-31T18:38:00.556362,59.848522,-0.032208,-0.035014,0.988688
2026-08-31T18:38:00.584908,59.877068,-0.032086,-0.034770,0.988078
2026-08-31T18:38:00.614437,59.906597,-0.032940,-0.035258,0.987956
2026-08-31T18:38:00.615265,59.907425,-0.032818,-0.035014,0.988200
2026-08-31T18:38:00.644207,59.936367,-0.031720,-0.034648,0.988322
2026-08-31T18:38:00.673596,59.965756,-0.032696,-0.034892,0.987956
2026-08-31T18:38:00.705256,59.997416,-0.032696,-0.034160,0.987834
2026-08-31T18:38:00.705329,59.997489,-0.032452,-0.035014,0.987224
2026-08-31T18:38:00.733761,60.025921,-0.032574,-0.034892,0.987956
2026-08-31T18:38:00.765590,60.057750,-0.032574,-0.034892,0.987590
2026-08-31T18:38:00.765672,60.057832,-0.032208,-0.034770,0.988322
2026-08-31T18:38:00.793862,60.086022,-0.032940,-0.034648,0.988200
2026-08-31T18:38:00.825589,60.117749,-0.032086,-0.035136,0.988078
2026-08-31T18:38:00.825667,60.117827,-0.032452,-0.035380,0.988078
2026-08-31T18:38:00.854,60.146160,-0.032086,-0.034648,0.988078
2026-08-31T18:38:00.884894,60.177054,-0.033428,-0.035258,0.988322
2026-08-31T18:38:00.884963,60.177123,-0.032452,-0.035014,0.988200
2026-08-31T18:38:00.914474,60.206634,-0.032818,-0.034770,0.987590
2026-08-31T18:38:00.944333,60.236493,-0.032330,-0.034404,0.988078
2026-08-31T18:38:00.976249,60.268409,-0.032330,-0.035136,0.987956
2026-08-31T18:38:00.976341,60.268501,-0.031964,-0.034282,0.987956
2026-08-31T18:38:01.005056,60.297216,-0.032086,-0.035258,0.988078
2026-08-31T18:38:01.005146,60.297306,-0.032452,-0.034892,0.988078
2026-08-31T18:38:01.033812,60.325972,-0.031964,-0.035136,0.988078
2026-08-31T18:38:01.065347,60.357507,-0.032940,-0.034892,0.987712
2026-08-31T18:38:01.065425,60.357585,-0.032330,-0.034526,0.987956
2026-08-31T18:38:01.094584,60.386744,-0.032330,-0.035380,0.987590
2026-08-31T18:38:01.125067,60.417227,-0.032452,-0.035258,0.988078
2026-08-31T18:38:01.154909,60.447069,-0.032818,-0.034404,0.988078
2026-08-31T18:38:01.154997,60.447157,-0.031720,-0.035380,0.987712
2026-08-31T18:38:01.183672,60.475832,-0.032452,-0.035258,0.988078
2026-08-31T18:38:01.215348,60.507508,-0.032818,-0.034892,0.987834
2026-08-31T18:38:01.215427,60.507587,-0.032574,-0.035136,0.987712
2026-08-31T18:38:01.275139,60.567299,-0.032208,-0.034404,0.987590
2026-08-31T18:38:01.275232,60.567392,-0.032330,-0.035014,0.988688
2026-08-31T18:38:01.275882,60.568042,-0.032086,-0.035136,0.988444
2026-08-31T18:38:01.305977,60.598137,-0.032940,-0.034892,0.987712
2026-08-31T18:38:01.335491,60.627651,-0.032574,-0.034526,0.988078
2026-08-31T18:38:01.335568,60.627728,-0.032452,-0.035014,0.988078
2026-08-31T18:38:01.364657,60.656817,-0.032696,-0.035014,0.987712
2026-08-31T18:38:01.394684,60.686844,-0.032086,-0.035136,0.988200
2026-08-31T18:38:01.425225,60.717385,-0.032330,-0.034770,0.988078
2026-08-31T18:38:01.425316,60.717476,-0.031232,-0.035380,0.987834
2026-08-31T18:38:01.453663,60.745823,-0.032574,-0.034526,0.987468
2026-08-31T18:38:01.484626,60.776786,-0.032574,-0.034648,0.987956
2026-08-31T18:38:01.485881,60.778041,-0.032330,-0.034648,0.987834
2026-08-31T18:38:01.516044,60.808204,-0.032452,-0.034526,0.987102
2026-08-31T18:38:01.545626,60.837786,-0.032818,-0.035014,0.988078
2026-08-31T18:38:01.545714,60.837874,-0.031842,-0.034892,0.987834
2026-08-31T18:38:01.573165,60.865325,-0.032574,-0.035258,0.987468
2026-08-31T18:38:01.604081,60.896241,-0.032330,-0.035014,0.988444
2026-08-31T18:38:01.634646,60.926806,-0.032696,-0.035502,0.987956
2026-08-31T18:38:01.634723,60.926883,-0.032940,-0.034892,0.987834
2026-08-31T18:38:01.663438,60.955598,-0.032574,-0.035014,0.987834
2026-08-31T18:38:01.695516,60.987676,-0.032208,-0.034404,0.988200
2026-08-31T18:38:01.695597,60.987757,-0.032818,-0.034038,0.988078
2026-08-31T18:38:01.724205,61.016365,-0.032208,-0.034770,0.987346
2026-08-31T18:38:01.754477,61.046637,-0.032452,-0.034892,0.987956
2026-08-31T18:38:01.754527,61.046687,-0.032452,-0.034160,0.988322
2026-08-31T18:38:01.783167,61.075327,-0.032940,-0.034770,0.987956
2026-08-31T18:38:01.815747,61.107907,-0.032574,-0.035136,0.987712
2026-08-31T18:38:01.815868,61.108028,-0.032818,-0.034892,0.988078
2026-08-31T18:38:01.844039,61.136199,-0.032696,-0.035014,0.987834
2026-08-31T18:38:01.875504,61.167664,-0.032330,-0.034526,0.987834
2026-08-31T18:38:01.875588,61.167748,-0.032208,-0.034526,0.987956
2026-08-31T18:38:01.903691,61.195851,-0.032452,-0.034770,0.988322
2026-08-31T18:38:01.934682,61.226842,-0.032818,-0.034892,0.988688
2026-08-31T18:38:01.965464,61.257624,-0.032818,-0.035014,0.988078
2026-08-31T18:38:01.965546,61.257706,-0.032208,-0.035624,0.988200
2026-08-31T18:38:01.993891,61.286051,-0.032696,-0.034892,0.988566
2026-08-31T18:38:02.024419,61.316579,-0.032818,-0.035014,0.988566
2026-08-31T18:38:02.056465,61.348625,-0.032330,-0.035014,0.988566
2026-08-31T18:38:02.056533,61.348693,-0.032452,-0.034770,0.988444
2026-08-31T18:38:02.087340,61.379500,-0.032452,-0.035014,0.987468
2026-08-31T18:38:02.087426,61.379586,-0.032940,-0.035136,0.988444
2026-08-31T18:38:02.116051,61.408211,-0.032452,-0.035136,0.987468
2026-08-31T18:38:02.144659,61.436819,-0.032208,-0.035136,0.987834
2026-08-31T18:38:02.174878,61.467038,-0.032452,-0.035014,0.988322
2026-08-31T18:38:02.174960,61.467120,-0.032330,-0.034648,0.988200
2026-08-31T18:38:02.204898,61.497058,-0.032574,-0.034892,0.988078
2026-08-31T18:38:02.204984,61.497144,-0.031720,-0.034770,0.988200
2026-08-31T18:38:02.233243,61.525403,-0.032574,-0.035014,0.987712
2026-08-31T18:38:02.265333,61.557493,-0.031964,-0.035136,0.988200
2026-08-31T18:38:02.265386,61.557546,-0.032818,-0.035136,0.988078
2026-08-31T18:38:02.294445,61.586605,-0.032574,-0.035014,0.988078
2026-08-31T18:38:02.324814,61.616974,-0.032330,-0.035136,0.988322
2026-08-31T18:38:02.354577,61.646737,-0.032574,-0.035136,0.987712
2026-08-31T18:38:02.355650,61.647810,-0.032696,-0.035014,0.987712
2026-08-31T18:38:02.384398,61.676558,-0.032574,-0.035014,0.987712
2026-08-31T18:38:02.415543,61.707703,-0.032574,-0.034892,0.987956
2026-08-31T18:38:02.415625,61.707785,-0.032574,-0.034892,0.987590
2026-08-31T18:38:02.443646,61.735806,-0.032330,-0.035258,0.987468
2026-08-31T18:38:02.474827,61.766987,-0.032818,-0.035014,0.987712
2026-08-31T18:38:02.476469,61.768629,-0.032696,-0.035380,0.987834
2026-08-31T18:38:02.505678,61.797838,-0.032208,-0.034526,0.987834
2026-08-31T18:38:02.535125,61.827285,-0.032330,-0.035136,0.987590
2026-08-31T18:38:02.535193,61.827353,-0.032330,-0.035258,0.987590
2026-08-31T18:38:02.563828,61.855988,-0.032574,-0.035624,0.988078
2026-08-31T18:38:02.594931,61.887091,-0.032574,-0.034526,0.988078
2026-08-31T18:38:02.596118,61.888278,-0.032452,-0.035380,0.987956
2026-08-31T18:38:02.626558,61.918718,-0.032574,-0.035380,0.988566
2026-08-31T18:38:02.656198,61.948358,-0.032208,-0.035136,0.988078
2026-08-31T18:38:02.685158,61.977318,-0.032696,-0.035136,0.987468
2026-08-31T18:38:02.685234,61.977394,-0.032574,-0.035014,0.987590
2026-08-31T18:38:02.715725,62.007885,-0.032940,-0.034770,0.988200
2026-08-31T18:38:02.715787,62.007947,-0.032330,-0.034282,0.987956
2026-08-31T18:38:02.743897,62.036057,-0.032208,-0.035624,0.987834
2026-08-31T18:38:02.775295,62.067455,-0.031964,-0.035136,0.987590
2026-08-31T18:38:02.775367,62.067527,-0.032696,-0.035136,0.987834
2026-08-31T18:38:02.804001,62.096161,-0.032940,-0.034648,0.988078
2026-08-31T18:38:02.834814,62.126974,-0.031720,-0.034892,0.988078
2026-08-31T18:38:02.866049,62.158209,-0.032208,-0.035258,0.987590
2026-08-31T18:38:02.866134,62.158294,-0.031842,-0.035258,0.987956
2026-08-31T18:38:02.894667,62.186827,-0.032330,-0.035014,0.988078
2026-08-31T18:38:02.923967,62.216127,-0.032208,-0.034526,0.988322
2026-08-31T18:38:02.955743,62.247903,-0.032696,-0.034526,0.988078
2026-08-31T18:38:02.955773,62.247933,-0.032696,-0.034648,0.987590
2026-08-31T18:38:02.986252,62.278412,-0.032330,-0.034770,0.988322
2026-08-31T18:38:02.986286,62.278446,-0.032330,-0.034892,0.988078
2026-08-31T18:38:03.015699,62.307859,-0.032574,-0.034770,0.987712
2026-08-31T18:38:03.045215,62.337375,-0.032818,-0.034892,0.987956
2026-08-31T18:38:03.045293,62.337453,-0.032208,-0.034770,0.987834
2026-08-31T18:38:03.076355,62.368515,-0.031842,-0.035014,0.988078
2026-08-31T18:38:03.106145,62.398305,-0.033062,-0.034648,0.987956
2026-08-31T18:38:03.137206,62.429366,-0.032330,-0.034526,0.987590
2026-08-31T18:38:03.137294,62.429454,-0.032208,-0.034526,0.988322
2026-08-31T18:38:03.166371,62.458531,-0.032086,-0.034282,0.987956
2026-08-31T18:38:03.196043,62.488203,-0.032330,-0.035258,0.987712
2026-08-31T18:38:03.196125,62.488285,-0.032574,-0.035014,0.987590
2026-08-31T18:38:03.226286,62.518446,-0.032452,-0.034892,0.987346
2026-08-31T18:38:03.256783,62.548943,-0.032940,-0.035014,0.988200
2026-08-31T18:38:03.256853,62.549013,-0.031964,-0.035136,0.987956
2026-08-31T18:38:03.286116,62.578276,-0.032086,-0.034648,0.987956
2026-08-31T18:38:03.316642,62.608802,-0.032086,-0.034526,0.988322
2026-08-31T18:38:03.317560,62.609720,-0.032696,-0.034648,0.987712
2026-08-31T18:38:03.346817,62.638977,-0.032940,-0.034770,0.988566
2026-08-31T18:38:03.377199,62.669359,-0.032208,-0.034404,0.988322
2026-08-31T18:38:03.377279,62.669439,-0.032086,-0.035014,0.987712
2026-08-31T18:38:03.406170,62.698330,-0.031842,-0.035136,0.988078
2026-08-31T18:38:03.435073,62.727233,-0.032574,-0.034526,0.987956
2026-08-31T18:38:03.435125,62.727285,-0.032208,-0.035014,0.987712
2026-08-31T18:38:03.463547,62.755707,-0.031964,-0.034770,0.987712
2026-08-31T18:38:03.494876,62.787036,-0.032208,-0.035014,0.988322
2026-08-31T18:38:03.523935,62.816095,-0.032452,-0.035014,0.987956
2026-08-31T18:38:03.554547,62.846707,-0.032086,-0.034770,0.987712
2026-08-31T18:38:03.554691,62.846851,-0.032208,-0.035380,0.987712
2026-08-31T18:38:03.584414,62.876574,-0.032330,-0.035502,0.987712
2026-08-31T18:38:03.585262,62.877422,-0.032452,-0.035014,0.987834
2026-08-31T18:38:03.616278,62.908438,-0.032574,-0.034526,0.988078
2026-08-31T18:38:03.647504,62.939664,-0.032452,-0.034770,0.987834
2026-08-31T18:38:03.647594,62.939754,-0.032086,-0.034892,0.988078
2026-08-31T18:38:03.675960,62.968120,-0.032696,-0.034526,0.987590
2026-08-31T18:38:03.734528,63.026688,-0.032330,-0.034892,0.987956
2026-08-31T18:38:03.736783,63.028943,-0.032086,-0.035502,0.987834
2026-08-31T18:38:03.736833,63.028993,-0.032452,-0.035014,0.987834
2026-08-31T18:38:03.767300,63.059460,-0.032086,-0.034892,0.987956
2026-08-31T18:38:03.767384,63.059544,-0.032574,-0.034404,0.987834
2026-08-31T18:38:03.797410,63.089570,-0.032696,-0.034038,0.988200
2026-08-31T18:38:03.826596,63.118756,-0.032086,-0.035014,0.987590
2026-08-31T18:38:03.856170,63.148330,-0.032330,-0.035014,0.987102
2026-08-31T18:38:03.888525,63.180685,-0.032940,-0.034892,0.987590
2026-08-31T18:38:03.889181,63.181341,-0.032452,-0.034770,0.988078
2026-08-31T18:38:03.916220,63.208380,-0.032208,-0.034892,0.987346
2026-08-31T18:38:03.916641,63.208801,-0.032574,-0.034892,0.987834
2026-08-31T18:38:03.946914,63.239074,-0.032452,-0.035380,0.987956
2026-08-31T18:38:03.975560,63.267720,-0.032574,-0.034648,0.987712
2026-08-31T18:38:03.975647,63.267807,-0.032574,-0.034648,0.987712
2026-08-31T18:38:04.003848,63.296008,-0.032818,-0.034648,0.988688
2026-08-31T18:38:04.034331,63.326491,-0.032452,-0.035380,0.987712
2026-08-31T18:38:04.066176,63.358336,-0.031598,-0.034892,0.987712
2026-08-31T18:38:04.066257,63.358417,-0.032574,-0.035136,0.987224
2026-08-31T18:38:04.095673,63.387833,-0.032696,-0.034648,0.987224
2026-08-31T18:38:04.095786,63.387946,-0.032574,-0.034770,0.988200
2026-08-31T18:38:04.155845,63.448005,-0.031842,-0.034770,0.987956
2026-08-31T18:38:04.155988,63.448148,-0.031720,-0.035136,0.987712
2026-08-31T18:38:04.187106,63.479266,-0.032818,-0.035136,0.988078
2026-08-31T18:38:04.187192,63.479352,-0.032208,-0.035258,0.988078
2026-08-31T18:38:04.216431,63.508591,-0.031964,-0.035014,0.987590
2026-08-31T18:38:04.247730,63.539890,-0.031842,-0.034648,0.987712
2026-08-31T18:38:04.247811,63.539971,-0.032574,-0.034526,0.987102
2026-08-31T18:38:04.276365,63.568525,-0.031720,-0.035502,0.988444
2026-08-31T18:38:04.305713,63.597873,-0.032086,-0.034770,0.988566
2026-08-31T18:38:04.305819,63.597979,-0.032574,-0.034404,0.988078
2026-08-31T18:38:04.335221,63.627381,-0.032086,-0.034526,0.987712
2026-08-31T18:38:04.335305,63.627465,-0.032086,-0.034892,0.987346
2026-08-31T18:38:04.363954,63.656114,-0.032208,-0.035258,0.988200
2026-08-31T18:38:04.394650,63.686810,-0.032696,-0.035136,0.988078
2026-08-31T18:38:04.425460,63.717620,-0.032330,-0.035136,0.988322
2026-08-31T18:38:04.425525,63.717685,-0.032940,-0.035380,0.988200
2026-08-31T18:38:04.454411,63.746571,-0.032086,-0.034404,0.987712
2026-08-31T18:38:04.484422,63.776582,-0.032574,-0.034282,0.987468
2026-08-31T18:38:04.516575,63.808735,-0.032330,-0.034526,0.988078
2026-08-31T18:38:04.516650,63.808810,-0.033062,-0.034526,0.988078
2026-08-31T18:38:04.544521,63.836681,-0.032208,-0.035136,0.988078
2026-08-31T18:38:04.574923,63.867083,-0.032208,-0.035014,0.987834
2026-08-31T18:38:04.576543,63.868703,-0.032208,-0.034526,0.987468
2026-08-31T18:38:04.606041,63.898201,-0.032574,-0.034770,0.987468
2026-08-31T18:38:04.634969,63.927129,-0.032086,-0.034404,0.988322
2026-08-31T18:38:04.635028,63.927188,-0.032452,-0.034160,0.988688
2026-08-31T18:38:04.663556,63.955716,-0.032086,-0.034282,0.988200
2026-08-31T18:38:04.695007,63.987167,-0.032330,-0.034892,0.987834
2026-08-31T18:38:04.696572,63.988732,-0.032940,-0.034770,0.987834
2026-08-31T18:38:04.726567,64.018727,-0.032452,-0.035136,0.987712
2026-08-31T18:38:04.756190,64.048350,-0.032086,-0.034404,0.987468
2026-08-31T18:38:04.786995,64.079155,-0.032330,-0.035502,0.987590
2026-08-31T18:38:04.787058,64.079218,-0.032086,-0.035380,0.987712
2026-08-31T18:38:04.817260,64.109420,-0.032208,-0.034404,0.987956
2026-08-31T18:38:04.817346,64.109506,-0.032452,-0.034770,0.987834
2026-08-31T18:38:04.845988,64.138148,-0.032940,-0.034892,0.987468
2026-08-31T18:38:04.875277,64.167437,-0.032452,-0.035014,0.988078
2026-08-31T18:38:04.875350,64.167510,-0.032208,-0.034648,0.988200
2026-08-31T18:38:04.903652,64.195812,-0.032574,-0.035014,0.988444
2026-08-31T18:38:04.934855,64.227015,-0.032086,-0.035136,0.988200
2026-08-31T18:38:04.966659,64.258819,-0.032696,-0.035502,0.987590
2026-08-31T18:38:04.966743,64.258903,-0.032696,-0.035136,0.987712
2026-08-31T18:38:04.994035,64.286195,-0.032696,-0.034770,0.988810
2026-08-31T18:38:05.025553,64.317713,-0.032330,-0.034892,0.988078
2026-08-31T18:38:05.025628,64.317788,-0.032330,-0.034770,0.988322
2026-08-31T18:38:05.054722,64.346882,-0.032208,-0.034526,0.987956
2026-08-31T18:38:05.087343,64.379503,-0.032330,-0.034892,0.988200
2026-08-31T18:38:05.087432,64.379592,-0.032574,-0.034648,0.988566
2026-08-31T18:38:05.118828,64.410988,-0.032330,-0.034892,0.987956
2026-08-31T18:38:05.145178,64.437338,-0.032696,-0.035136,0.987956
2026-08-31T18:38:05.145246,64.437406,-0.031720,-0.035014,0.987712
2026-08-31T18:38:05.173923,64.466083,-0.031964,-0.035014,0.988444
2026-08-31T18:38:05.205386,64.497546,-0.032208,-0.034892,0.987956
2026-08-31T18:38:05.205462,64.497622,-0.032818,-0.034770,0.987834
2026-08-31T18:38:05.233704,64.525864,-0.032574,-0.035014,0.987468
2026-08-31T18:38:05.264765,64.556925,-0.031842,-0.035014,0.988078
2026-08-31T18:38:05.295607,64.587767,-0.032574,-0.035380,0.987712
2026-08-31T18:38:05.295695,64.587855,-0.032208,-0.035258,0.988200
2026-08-31T18:38:05.324085,64.616245,-0.032086,-0.035014,0.987834
2026-08-31T18:38:05.355370,64.647530,-0.032452,-0.035136,0.988444
2026-08-31T18:38:05.355438,64.647598,-0.031842,-0.035258,0.987712
2026-08-31T18:38:05.384137,64.676297,-0.031598,-0.035258,0.988078
2026-08-31T18:38:05.416854,64.709014,-0.032330,-0.034770,0.988200
2026-08-31T18:38:05.416935,64.709095,-0.032330,-0.035502,0.987590
2026-08-31T18:38:05.475176,64.767336,-0.032330,-0.035258,0.987834
2026-08-31T18:38:05.475268,64.767428,-0.032818,-0.034892,0.987468
2026-08-31T18:38:05.475963,64.768123,-0.032086,-0.034892,0.988200
2026-08-31T18:38:05.506246,64.798406,-0.032452,-0.035258,0.988322
2026-08-31T18:38:05.535554,64.827714,-0.032696,-0.034770,0.988200
2026-08-31T18:38:05.535640,64.827800,-0.031720,-0.035380,0.988444
2026-08-31T18:38:05.565387,64.857547,-0.032208,-0.035380,0.988078
2026-08-31T18:38:05.565472,64.857632,-0.032330,-0.035014,0.987834
2026-08-31T18:38:05.595083,64.887243,-0.032330,-0.034892,0.988078
2026-08-31T18:38:05.623588,64.915748,-0.032574,-0.035380,0.987956
2026-08-31T18:38:05.655659,64.947819,-0.031964,-0.034770,0.988200
2026-08-31T18:38:05.655748,64.947908,-0.032208,-0.034770,0.988322
2026-08-31T18:38:05.683786,64.975946,-0.032940,-0.035136,0.987956
2026-08-31T18:38:05.714774,65.006934,-0.031964,-0.034892,0.988078
2026-08-31T18:38:05.745672,65.037832,-0.032330,-0.035014,0.988444
2026-08-31T18:38:05.745759,65.037919,-0.032330,-0.035014,0.987590
2026-08-31T18:38:05.774924,65.067084,-0.032696,-0.034892,0.988322
2026-08-31T18:38:05.775004,65.067164,-0.032574,-0.035380,0.988200
2026-08-31T18:38:05.803705,65.095865,-0.032208,-0.034770,0.987590
2026-08-31T18:38:05.836288,65.128448,-0.031964,-0.034770,0.987590
2026-08-31T18:38:05.836349,65.128509,-0.032818,-0.034892,0.987346
2026-08-31T18:38:05.863273,65.155433,-0.032452,-0.035258,0.988078
2026-08-31T18:38:05.894978,65.187138,-0.032696,-0.035258,0.988810
2026-08-31T18:38:05.924676,65.216836,-0.032330,-0.034770,0.988444
2026-08-31T18:38:05.926584,65.218744,-0.032330,-0.034892,0.987956
2026-08-31T18:38:05.956158,65.248318,-0.032940,-0.034648,0.988200
2026-08-31T18:38:05.984870,65.277030,-0.032574,-0.034892,0.987956
2026-08-31T18:38:06.015498,65.307658,-0.033184,-0.035014,0.988078
2026-08-31T18:38:06.015585,65.307745,-0.032086,-0.035014,0.987834
2026-08-31T18:38:06.044154,65.336314,-0.032208,-0.035014,0.988200
2026-08-31T18:38:06.080142,65.372302,-0.032208,-0.034648,0.987468
2026-08-31T18:38:06.080229,65.372389,-0.032330,-0.035258,0.988078
2026-08-31T18:38:06.106190,65.398350,-0.032086,-0.034648,0.987346
2026-08-31T18:38:06.135078,65.427238,-0.032330,-0.034648,0.987834
2026-08-31T18:38:06.135143,65.427303,-0.032208,-0.035014,0.987834
2026-08-31T18:38:06.163971,65.456131,-0.032086,-0.034770,0.987956
2026-08-31T18:38:06.194955,65.487115,-0.032330,-0.034770,0.988200
2026-08-31T18:38:06.226609,65.518769,-0.031964,-0.034648,0.988322
2026-08-31T18:38:06.226695,65.518855,-0.032574,-0.035136,0.988200
2026-08-31T18:38:06.255578,65.547738,-0.032330,-0.035136,0.988200
2026-08-31T18:38:06.255746,65.547906,-0.032452,-0.034282,0.987956
2026-08-31T18:38:06.284511,65.576671,-0.032452,-0.034648,0.987834
2026-08-31T18:38:06.315529,65.607689,-0.032574,-0.034892,0.987956
2026-08-31T18:38:06.315619,65.607779,-0.032818,-0.034892,0.987834
2026-08-31T18:38:06.343884,65.636044,-0.032452,-0.035136,0.987956
2026-08-31T18:38:06.374644,65.666804,-0.032574,-0.035014,0.988078
2026-08-31T18:38:06.405555,65.697715,-0.032330,-0.035258,0.988688
2026-08-31T18:38:06.405653,65.697813,-0.032452,-0.034770,0.988322
2026-08-31T18:38:06.435210,65.727370,-0.031964,-0.034648,0.987712
2026-08-31T18:38:06.435295,65.727455,-0.032086,-0.035258,0.988078
2026-08-31T18:38:06.463727,65.755887,-0.032574,-0.034892,0.988078
2026-08-31T18:38:06.494980,65.787140,-0.031842,-0.034526,0.987834
2026-08-31T18:38:06.525487,65.817647,-0.032330,-0.035136,0.988078
2026-08-31T18:38:06.525570,65.817730,-0.032330,-0.034526,0.988566
2026-08-31T18:38:06.554093,65.846253,-0.032208,-0.035380,0.987834
2026-08-31T18:38:06.585005,65.877165,-0.032208,-0.034770,0.988322
2026-08-31T18:38:06.585072,65.877232,-0.032208,-0.035136,0.988566
2026-08-31T18:38:06.613757,65.905917,-0.032574,-0.034770,0.988444
2026-08-31T18:38:06.645665,65.937825,-0.032330,-0.034770,0.987712
2026-08-31T18:38:06.645759,65.937919,-0.032330,-0.034892,0.987468
2026-08-31T18:38:06.673656,65.965816,-0.032452,-0.035136,0.988200
2026-08-31T18:38:06.705723,65.997883,-0.032696,-0.034892,0.988200
2026-08-31T18:38:06.705801,65.997961,-0.032086,-0.034892,0.988322
2026-08-31T18:38:06.735096,66.027256,-0.032452,-0.034648,0.988322
2026-08-31T18:38:06.735179,66.027339,-0.032208,-0.035014,0.988078
2026-08-31T18:38:06.763667,66.055827,-0.032330,-0.035014,0.987468
2026-08-31T18:38:06.794701,66.086861,-0.032696,-0.035258,0.988200
2026-08-31T18:38:06.827326,66.119486,-0.031842,-0.034770,0.988566
2026-08-31T18:38:06.827418,66.119578,-0.032330,-0.034892,0.988078
2026-08-31T18:38:06.856427,66.148587,-0.032330,-0.035136,0.988200
2026-08-31T18:38:06.887327,66.179487,-0.032086,-0.035258,0.988200
2026-08-31T18:38:06.887405,66.179565,-0.032574,-0.034648,0.988078
2026-08-31T18:38:06.916715,66.208875,-0.031964,-0.035258,0.988200
2026-08-31T18:38:06.947247,66.239407,-0.032208,-0.035136,0.988566
2026-08-31T18:38:06.947330,66.239490,-0.032696,-0.035014,0.988322
2026-08-31T18:38:06.976366,66.268526,-0.032452,-0.034770,0.988200
2026-08-31T18:38:07.004741,66.296901,-0.032818,-0.035380,0.988078
2026-08-31T18:38:07.034458,66.326618,-0.032818,-0.034160,0.987468
2026-08-31T18:38:07.035497,66.327657,-0.032696,-0.035014,0.988078
2026-08-31T18:38:07.064360,66.356520,-0.032574,-0.035502,0.987834
2026-08-31T18:38:07.098106,66.390266,-0.032452,-0.035258,0.987956
2026-08-31T18:38:07.098187,66.390347,-0.032330,-0.035136,0.988322
2026-08-31T18:38:07.127056,66.419216,-0.032574,-0.034770,0.988566
2026-08-31T18:38:07.157106,66.449266,-0.032330,-0.035014,0.988200
2026-08-31T18:38:07.157197,66.449357,-0.032330,-0.034770,0.988322
2026-08-31T18:38:07.215829,66.507989,-0.032208,-0.034404,0.988322
2026-08-31T18:38:07.216081,66.508241,-0.031964,-0.034648,0.987956
2026-08-31T18:38:07.219543,66.511703,-0.032330,-0.035258,0.987468
2026-08-31T18:38:07.247227,66.539387,-0.032452,-0.034892,0.987712
2026-08-31T18:38:07.247313,66.539473,-0.032330,-0.035258,0.987712
2026-08-31T18:38:07.276376,66.568536,-0.033062,-0.035136,0.988200
2026-08-31T18:38:07.304784,66.596944,-0.032086,-0.035014,0.988078
2026-08-31T18:38:07.335194,66.627354,-0.032330,-0.035014,0.987590
2026-08-31T18:38:07.335298,66.627458,-0.031598,-0.034892,0.987712
2026-08-31T18:38:07.363653,66.655813,-0.032452,-0.035014,0.987590
2026-08-31T18:38:07.395082,66.687242,-0.032208,-0.034526,0.987834
2026-08-31T18:38:07.396092,66.688252,-0.032452,-0.035136,0.988322
2026-08-31T18:38:07.426784,66.718944,-0.032086,-0.034892,0.988566
2026-08-31T18:38:07.457362,66.749522,-0.032330,-0.034770,0.987468
2026-08-31T18:38:07.457449,66.749609,-0.032696,-0.034526,0.988444
2026-08-31T18:38:07.486628,66.778788,-0.031842,-0.035136,0.988322
2026-08-31T18:38:07.515109,66.807269,-0.032330,-0.035136,0.988078
2026-08-31T18:38:07.517073,66.809233,-0.033184,-0.034770,0.988322
2026-08-31T18:38:07.545563,66.837723,-0.032574,-0.035014,0.988444
2026-08-31T18:38:07.575178,66.867338,-0.032818,-0.035624,0.987468
2026-08-31T18:38:07.575270,66.867430,-0.032574,-0.034770,0.987956
2026-08-31T18:38:07.603693,66.895853,-0.032574,-0.035502,0.988200
2026-08-31T18:38:07.635034,66.927194,-0.032696,-0.034770,0.987956
2026-08-31T18:38:07.636087,66.928247,-0.032208,-0.034892,0.987712
2026-08-31T18:38:07.666590,66.958750,-0.032452,-0.035258,0.987956
2026-08-31T18:38:07.695273,66.987433,-0.032086,-0.034526,0.988078
2026-08-31T18:38:07.695346,66.987506,-0.032086,-0.035136,0.988078
2026-08-31T18:38:07.724317,67.016477,-0.032574,-0.034648,0.987590
2026-08-31T18:38:07.755159,67.047319,-0.032452,-0.034526,0.988200
2026-08-31T18:38:07.756867,67.049027,-0.031720,-0.035014,0.987834
2026-08-31T18:38:07.786186,67.078346,-0.032086,-0.034770,0.987590
2026-08-31T18:38:07.815955,67.108115,-0.032452,-0.034038,0.988078
2026-08-31T18:38:07.816032,67.108192,-0.031842,-0.034892,0.987956
2026-08-31T18:38:07.844069,67.136229,-0.032086,-0.035258,0.988078
2026-08-31T18:38:07.874959,67.167119,-0.032330,-0.035014,0.986980
2026-08-31T18:38:07.876003,67.168163,-0.032574,-0.035014,0.988200
2026-08-31T18:38:07.906337,67.198497,-0.032574,-0.034770,0.987834
2026-08-31T18:38:07.936610,67.228770,-0.032330,-0.035258,0.987712
2026-08-31T18:38:07.967099,67.259259,-0.032208,-0.035258,0.988322
2026-08-31T18:38:07.996739,67.288899,-0.032696,-0.035380,0.988444
2026-08-31T18:38:07.996781,67.288941,-0.032330,-0.035258,0.987834
2026-08-31T18:38:08.026736,67.318896,-0.031354,-0.035258,0.987834
2026-08-31T18:38:08.026787,67.318947,-0.031842,-0.034892,0.988322
2026-08-31T18:38:08.055543,67.347703,-0.032452,-0.034892,0.988078
2026-08-31T18:38:08.086738,67.378898,-0.032330,-0.035258,0.987590
2026-08-31T18:38:08.086806,67.378966,-0.032818,-0.035258,0.987956
2026-08-31T18:38:08.117209,67.409369,-0.032086,-0.034770,0.987956
2026-08-31T18:38:08.146446,67.438606,-0.032330,-0.035014,0.987834
2026-08-31T18:38:08.175792,67.467952,-0.032818,-0.034892,0.987712
2026-08-31T18:38:08.175893,67.468053,-0.032086,-0.035136,0.987956
2026-08-31T18:38:08.205376,67.497536,-0.032452,-0.034892,0.988322
2026-08-31T18:38:08.205456,67.497616,-0.031720,-0.034770,0.987590
2026-08-31T18:38:08.234151,67.526311,-0.031964,-0.035258,0.987712
2026-08-31T18:38:08.264269,67.556429,-0.032574,-0.034282,0.988322
2026-08-31T18:38:08.295227,67.587387,-0.032086,-0.035014,0.987468
2026-08-31T18:38:08.295296,67.587456,-0.032452,-0.035502,0.988322
2026-08-31T18:38:08.324271,67.616431,-0.032330,-0.035014,0.988078
2026-08-31T18:38:08.355747,67.647907,-0.032330,-0.035136,0.987712
2026-08-31T18:38:08.355836,67.647996,-0.032086,-0.034404,0.988322
2026-08-31T18:38:08.384003,67.676163,-0.032330,-0.034892,0.988322
2026-08-31T18:38:08.416132,67.708292,-0.032208,-0.035014,0.988078
2026-08-31T18:38:08.416219,67.708379,-0.032086,-0.035258,0.988078
2026-08-31T18:38:08.443949,67.736109,-0.032330,-0.034892,0.988688
2026-08-31T18:38:08.474557,67.766717,-0.031964,-0.035258,0.987956
2026-08-31T18:38:08.504776,67.796936,-0.032208,-0.035136,0.988322
2026-08-31T18:38:08.505622,67.797782,-0.032330,-0.034892,0.987956
2026-08-31T18:38:08.536075,67.828235,-0.032574,-0.034770,0.987956
2026-08-31T18:38:08.566540,67.858700,-0.032086,-0.035258,0.987590
2026-08-31T18:38:08.566623,67.858783,-0.032086,-0.034526,0.988200
2026-08-31T18:38:08.595709,67.887869,-0.033062,-0.034526,0.987468
2026-08-31T18:38:08.595792,67.887952,-0.031964,-0.035014,0.987712
2026-08-31T18:38:08.624131,67.916291,-0.032696,-0.034404,0.988566
2026-08-31T18:38:08.654773,67.946933,-0.032208,-0.035258,0.988444
2026-08-31T18:38:08.685791,67.977951,-0.032696,-0.035258,0.988322
2026-08-31T18:38:08.685878,67.978038,-0.032208,-0.034648,0.988078
2026-08-31T18:38:08.713478,68.005638,-0.032208,-0.034648,0.988566
2026-08-31T18:38:08.744791,68.036951,-0.031842,-0.034648,0.987224
2026-08-31T18:38:08.746412,68.038572,-0.031964,-0.034526,0.987834
2026-08-31T18:38:08.776453,68.068613,-0.032330,-0.035136,0.987956
2026-08-31T18:38:08.804837,68.096997,-0.033062,-0.035380,0.988566
2026-08-31T18:38:08.835213,68.127373,-0.032452,-0.035258,0.987712
2026-08-31T18:38:08.835304,68.127464,-0.032330,-0.034892,0.988078
2026-08-31T18:38:08.863950,68.156110,-0.032208,-0.034404,0.987712
2026-08-31T18:38:08.895822,68.187982,-0.032452,-0.034770,0.988078
2026-08-31T18:38:08.895913,68.188073,-0.032696,-0.035258,0.988444
2026-08-31T18:38:08.924568,68.216728,-0.032330,-0.034526,0.987712
2026-08-31T18:38:08.956853,68.249013,-0.032452,-0.034648,0.988322
2026-08-31T18:38:08.956918,68.249078,-0.032208,-0.034892,0.988200
2026-08-31T18:38:08.986105,68.278265,-0.032574,-0.034892,0.988444
2026-08-31T18:38:09.016115,68.308275,-0.032452,-0.035014,0.987590
2026-08-31T18:38:09.016192,68.308352,-0.032208,-0.035258,0.988322
2026-08-31T18:38:09.044133,68.336293,-0.031842,-0.034770,0.987712
2026-08-31T18:38:09.075459,68.367619,-0.032574,-0.034770,0.988444
2026-08-31T18:38:09.075620,68.367780,-0.032574,-0.034892,0.988200
2026-08-31T18:38:09.106469,68.398629,-0.031964,-0.034770,0.988078
2026-08-31T18:38:09.137477,68.429637,-0.032330,-0.034648,0.988444
2026-08-31T18:38:09.137589,68.429749,-0.032574,-0.034526,0.988078
2026-08-31T18:38:09.167599,68.459759,-0.032940,-0.035014,0.988078
2026-08-31T18:38:09.194860,68.487020,-0.032330,-0.034770,0.987712
2026-08-31T18:38:09.196349,68.488509,-0.033062,-0.034526,0.988444
2026-08-31T18:38:09.255216,68.547376,-0.032330,-0.034526,0.987834
2026-08-31T18:38:09.256293,68.548453,-0.032086,-0.034770,0.987224
2026-08-31T18:38:09.287482,68.579642,-0.032330,-0.034648,0.988078
2026-08-31T18:38:09.287557,68.579717,-0.032940,-0.035502,0.988078
2026-08-31T18:38:09.316416,68.608576,-0.032574,-0.035014,0.988566
2026-08-31T18:38:09.347500,68.639660,-0.032696,-0.034892,0.988322
2026-08-31T18:38:09.347592,68.639752,-0.032818,-0.034892,0.988200
2026-08-31T18:38:09.376632,68.668792,-0.032330,-0.035380,0.987590
2026-08-31T18:38:09.407496,68.699656,-0.032330,-0.034404,0.988322
2026-08-31T18:38:09.407572,68.699732,-0.032330,-0.034404,0.987102
2026-08-31T18:38:09.435784,68.727944,-0.033306,-0.034770,0.987712
2026-08-31T18:38:09.467591,68.759751,-0.031842,-0.034526,0.987590
2026-08-31T18:38:09.467658,68.759818,-0.032208,-0.035258,0.987224
2026-08-31T18:38:09.496806,68.788966,-0.032452,-0.034648,0.987468
2026-08-31T18:38:09.526716,68.818876,-0.032696,-0.035136,0.987956
2026-08-31T18:38:09.557026,68.849186,-0.032330,-0.035380,0.987834
2026-08-31T18:38:09.557113,68.849273,-0.032330,-0.035014,0.987590
2026-08-31T18:38:09.584559,68.876719,-0.032330,-0.034770,0.987712
2026-08-31T18:38:09.614978,68.907138,-0.032574,-0.035014,0.988810
2026-08-31T18:38:09.616163,68.908323,-0.032574,-0.034770,0.988078
2026-08-31T18:38:09.646737,68.938897,-0.032696,-0.034770,0.987956
2026-08-31T18:38:09.676145,68.968305,-0.032208,-0.034770,0.987956
2026-08-31T18:38:09.705782,68.997942,-0.033062,-0.034770,0.988078
2026-08-31T18:38:09.705878,68.998038,-0.032208,-0.034770,0.988200
2026-08-31T18:38:09.734314,69.026474,-0.032330,-0.035502,0.988322
2026-08-31T18:38:09.765497,69.057657,-0.032086,-0.034404,0.987956
2026-08-31T18:38:09.765617,69.057777,-0.032330,-0.035258,0.987834
2026-08-31T18:38:09.794279,69.086439,-0.032696,-0.035136,0.988078
2026-08-31T18:38:09.825474,69.117634,-0.032330,-0.034892,0.987590
2026-08-31T18:38:09.825569,69.117729,-0.032940,-0.034770,0.988200
2026-08-31T18:38:09.854031,69.146191,-0.031720,-0.034892,0.988078
2026-08-31T18:38:09.885312,69.177472,-0.032818,-0.035258,0.988078
2026-08-31T18:38:09.885371,69.177531,-0.032452,-0.035136,0.988322
2026-08-31T18:38:09.913652,69.205812,-0.031842,-0.034282,0.987712
2026-08-31T18:38:09.945686,69.237846,-0.032330,-0.035014,0.987956
2026-08-31T18:38:09.945770,69.237930,-0.032940,-0.034648,0.988078
2026-08-31T18:38:09.974239,69.266399,-0.032330,-0.035136,0.987712
2026-08-31T18:38:10.004676,69.296836,-0.032086,-0.035136,0.989054
2026-08-31T18:38:10.035874,69.328034,-0.032574,-0.034648,0.988078
2026-08-31T18:38:10.035961,69.328121,-0.032452,-0.034770,0.988078
2026-08-31T18:38:10.063803,69.355963,-0.032330,-0.034648,0.988078
2026-08-31T18:38:10.095701,69.387861,-0.032208,-0.035014,0.987956
2026-08-31T18:38:10.095790,69.387950,-0.032452,-0.034282,0.987956
2026-08-31T18:38:10.124065,69.416225,-0.032574,-0.034648,0.987590
2026-08-31T18:38:10.155789,69.447949,-0.032696,-0.035014,0.987590
2026-08-31T18:38:10.155846,69.448006,-0.031964,-0.034770,0.987712
2026-08-31T18:38:10.184009,69.476169,-0.032208,-0.034770,0.988688
2026-08-31T18:38:10.245399,69.537559,-0.032574,-0.034404,0.987956
2026-08-31T18:38:10.245494,69.537654,-0.032208,-0.034770,0.988322
2026-08-31T18:38:10.246163,69.538323,-0.032452,-0.035258,0.987956
2026-08-31T18:38:10.277568,69.569728,-0.032208,-0.034892,0.988566
2026-08-31T18:38:10.277661,69.569821,-0.032208,-0.035258,0.987590
2026-08-31T18:38:10.306594,69.598754,-0.032574,-0.034648,0.988078
2026-08-31T18:38:10.335582,69.627742,-0.032208,-0.035380,0.987468
2026-08-31T18:38:10.335660,69.627820,-0.032818,-0.035014,0.987590
2026-08-31T18:38:10.364096,69.656256,-0.032818,-0.034770,0.988078
2026-08-31T18:38:10.395150,69.687310,-0.032818,-0.034770,0.987956
2026-08-31T18:38:10.425154,69.717314,-0.032452,-0.034282,0.987712
2026-08-31T18:38:10.425222,69.717382,-0.032208,-0.034892,0.988810
2026-08-31T18:38:10.453444,69.745604,-0.032208,-0.034892,0.988810
2026-08-31T18:38:10.485043,69.777203,-0.032330,-0.034770,0.988444
2026-08-31T18:38:10.487142,69.779302,-0.032452,-0.035014,0.988566
2026-08-31T18:38:10.516741,69.808901,-0.032330,-0.034648,0.988200
2026-08-31T18:38:10.545921,69.838081,-0.031964,-0.034892,0.988078
2026-08-31T18:38:10.546010,69.838170,-0.032086,-0.034404,0.987834
2026-08-31T18:38:10.574668,69.866828,-0.031964,-0.034892,0.987712
2026-08-31T18:38:10.604959,69.897119,-0.031964,-0.034404,0.987956
2026-08-31T18:38:10.607021,69.899181,-0.031842,-0.035258,0.987712
2026-08-31T18:38:10.636597,69.928757,-0.031964,-0.035380,0.987346
2026-08-31T18:38:10.665177,69.957337,-0.031964,-0.035014,0.988200
2026-08-31T18:38:10.665254,69.957414,-0.032208,-0.034892,0.988078
2026-08-31T18:38:10.694039,69.986199,-0.032574,-0.035258,0.987712
2026-08-31T18:38:10.724663,70.016823,-0.032452,-0.035014,0.988444
2026-08-31T18:38:10.725777,70.017937,-0.032208,-0.034892,0.987834
2026-08-31T18:38:10.756422,70.048582,-0.032452,-0.035136,0.987468
2026-08-31T18:38:10.786078,70.078238,-0.032574,-0.034526,0.987590
2026-08-31T18:38:10.786166,70.078326,-0.031964,-0.034770,0.988078
2026-08-31T18:38:10.813997,70.106157,-0.032574,-0.034892,0.987834
2026-08-31T18:38:10.845096,70.137256,-0.031842,-0.034770,0.987712
2026-08-31T18:38:10.846012,70.138172,-0.032086,-0.035014,0.988688
2026-08-31T18:38:10.876252,70.168412,-0.032818,-0.034892,0.987834
2026-08-31T18:38:10.904571,70.196731,-0.033062,-0.034404,0.988200
2026-08-31T18:38:10.936397,70.228557,-0.032574,-0.035014,0.988566
2026-08-31T18:38:10.936473,70.228633,-0.033062,-0.035380,0.987956
2026-08-31T18:38:10.964045,70.256205,-0.032086,-0.034892,0.986980
2026-08-31T18:38:10.995821,70.287981,-0.032574,-0.035136,0.987956
2026-08-31T18:38:10.995902,70.288062,-0.032086,-0.035258,0.988200
2026-08-31T18:38:11.026818,70.318978,-0.032086,-0.034770,0.988078
2026-08-31T18:38:11.057530,70.349690,-0.032086,-0.034770,0.987956
2026-08-31T18:38:11.057611,70.349771,-0.032452,-0.035014,0.987590
2026-08-31T18:38:11.086547,70.378707,-0.031842,-0.035258,0.987468
2026-08-31T18:38:11.114927,70.407087,-0.031964,-0.035136,0.987834
2026-08-31T18:38:11.146977,70.439137,-0.032452,-0.034282,0.988322
2026-08-31T18:38:11.147129,70.439289,-0.032818,-0.034160,0.987956
2026-08-31T18:38:11.176280,70.468440,-0.031720,-0.034770,0.987956
2026-08-31T18:38:11.205700,70.497860,-0.032696,-0.034648,0.988322
2026-08-31T18:38:11.205772,70.497932,-0.032208,-0.034770,0.987834
2026-08-31T18:38:11.233971,70.526131,-0.032574,-0.035014,0.987712
2026-08-31T18:38:11.265550,70.557710,-0.031720,-0.035136,0.988078
2026-08-31T18:38:11.265640,70.557800,-0.032208,-0.035380,0.986980
2026-08-31T18:38:11.294267,70.586427,-0.032574,-0.034892,0.988688
2026-08-31T18:38:11.324738,70.616898,-0.032086,-0.034892,0.987834
2026-08-31T18:38:11.326058,70.618218,-0.031964,-0.034892,0.988200
2026-08-31T18:38:11.356332,70.648492,-0.031720,-0.035136,0.988078
2026-08-31T18:38:11.385574,70.677734,-0.032452,-0.035258,0.988322
2026-08-31T18:38:11.385637,70.677797,-0.032818,-0.034892,0.987590
2026-08-31T18:38:11.413836,70.705996,-0.032574,-0.035014,0.987834
2026-08-31T18:38:11.445714,70.737874,-0.032330,-0.035014,0.988078
2026-08-31T18:38:11.445805,70.737965,-0.032574,-0.035380,0.988200
2026-08-31T18:38:11.473954,70.766114,-0.032086,-0.035014,0.988566
2026-08-31T18:38:11.505692,70.797852,-0.032940,-0.035380,0.987834
2026-08-31T18:38:11.505786,70.797946,-0.031598,-0.034404,0.988078
2026-08-31T18:38:11.534200,70.826360,-0.032574,-0.034648,0.988810
2026-08-31T18:38:11.565553,70.857713,-0.032818,-0.034892,0.987224
2026-08-31T18:38:11.565643,70.857803,-0.032574,-0.035136,0.988200
2026-08-31T18:38:11.594251,70.886411,-0.032208,-0.034648,0.987956
2026-08-31T18:38:11.624574,70.916734,-0.032696,-0.035014,0.987956
2026-08-31T18:38:11.654802,70.946962,-0.032208,-0.035258,0.987712
2026-08-31T18:38:11.654869,70.947029,-0.032696,-0.034892,0.988200
2026-08-31T18:38:11.684097,70.976257,-0.031964,-0.035136,0.988078
2026-08-31T18:38:11.715103,71.007263,-0.032696,-0.035014,0.988322
2026-08-31T18:38:11.717226,71.009386,-0.032818,-0.035258,0.988322
2026-08-31T18:38:11.746794,71.038954,-0.032574,-0.034892,0.987712
2026-08-31T18:38:11.777675,71.069835,-0.032452,-0.035258,0.987590
2026-08-31T18:38:11.777764,71.069924,-0.031964,-0.035258,0.988078
2026-08-31T18:38:11.806492,71.098652,-0.032330,-0.034404,0.987834
2026-08-31T18:38:11.806543,71.098703,-0.032208,-0.034526,0.988200
2026-08-31T18:38:11.834903,71.127063,-0.032452,-0.035380,0.987956
2026-08-31T18:38:11.864382,71.156542,-0.032086,-0.034404,0.987712
2026-08-31T18:38:11.896218,71.188378,-0.032696,-0.035136,0.988566
2026-08-31T18:38:11.896352,71.188512,-0.031720,-0.035014,0.987590
2026-08-31T18:38:11.926738,71.218898,-0.032330,-0.035380,0.987712
2026-08-31T18:38:11.957480,71.249640,-0.032086,-0.035136,0.987224
2026-08-31T18:38:11.957564,71.249724,-0.032696,-0.034892,0.987468
2026-08-31T18:38:11.986634,71.278794,-0.032086,-0.035258,0.988078
2026-08-31T18:38:12.017774,71.309934,-0.032330,-0.034404,0.988200
2026-08-31T18:38:12.017850,71.310010,-0.032086,-0.035258,0.987712
2026-08-31T18:38:12.046780,71.338940,-0.032330,-0.035136,0.987956
2026-08-31T18:38:12.076739,71.368899,-0.032696,-0.034404,0.987712
2026-08-31T18:38:12.076805,71.368965,-0.032330,-0.034770,0.988200
2026-08-31T18:38:12.106357,71.398517,-0.032940,-0.034892,0.988078
2026-08-31T18:38:12.137683,71.429843,-0.032452,-0.034770,0.987712
2026-08-31T18:38:12.137773,71.429933,-0.032086,-0.034770,0.987224
2026-08-31T18:38:12.166368,71.458528,-0.032208,-0.035258,0.987224
2026-08-31T18:38:12.197829,71.489989,-0.032330,-0.034892,0.987834
2026-08-31T18:38:12.197900,71.490060,-0.031720,-0.034282,0.988078
2026-08-31T18:38:12.226446,71.518606,-0.032452,-0.035014,0.987712
2026-08-31T18:38:12.257855,71.550015,-0.032086,-0.035624,0.988322
2026-08-31T18:38:12.257941,71.550101,-0.031720,-0.035502,0.987468
2026-08-31T18:38:12.286371,71.578531,-0.032574,-0.034892,0.987712
2026-08-31T18:38:12.315262,71.607422,-0.031964,-0.034892,0.987956
2026-08-31T18:38:12.316365,71.608525,-0.032574,-0.035380,0.988078
2026-08-31T18:38:12.346580,71.638740,-0.031842,-0.035014,0.988078
2026-08-31T18:38:12.375857,71.668017,-0.032208,-0.035014,0.987834
2026-08-31T18:38:12.375997,71.668157,-0.032940,-0.034892,0.987590
2026-08-31T18:38:12.404321,71.696481,-0.032574,-0.034892,0.988566
2026-08-31T18:38:12.435961,71.728121,-0.032330,-0.034526,0.987834
2026-08-31T18:38:12.465147,71.757307,-0.032574,-0.034892,0.987102
2026-08-31T18:38:12.465227,71.757387,-0.032208,-0.034770,0.987712
2026-08-31T18:38:12.495590,71.787750,-0.032086,-0.035380,0.987834
2026-08-31T18:38:12.495679,71.787839,-0.032208,-0.035380,0.987590
2026-08-31T18:38:12.524527,71.816687,-0.031598,-0.035258,0.987834
2026-08-31T18:38:12.554766,71.846926,-0.032208,-0.035014,0.987956
2026-08-31T18:38:12.586590,71.878750,-0.032696,-0.035258,0.987834
2026-08-31T18:38:12.586674,71.878834,-0.032696,-0.034892,0.988444
2026-08-31T18:38:12.615162,71.907322,-0.032086,-0.034648,0.987834
2026-08-31T18:38:12.615245,71.907405,-0.032452,-0.034770,0.988322
2026-08-31T18:38:12.644039,71.936199,-0.032696,-0.034526,0.987956
2026-08-31T18:38:12.674824,71.966984,-0.032208,-0.034648,0.987712
2026-08-31T18:38:12.705730,71.997890,-0.032574,-0.035014,0.987834
2026-08-31T18:38:12.705812,71.997972,-0.032330,-0.034526,0.987956
2026-08-31T18:38:12.734209,72.026369,-0.032696,-0.034648,0.988078
2026-08-31T18:38:12.764733,72.056893,-0.032940,-0.035014,0.988322
2026-08-31T18:38:12.765970,72.058130,-0.032696,-0.034526,0.987956
2026-08-31T18:38:12.796960,72.089120,-0.032330,-0.035380,0.988322
2026-08-31T18:38:12.826657,72.118817,-0.032452,-0.034892,0.988078
2026-08-31T18:38:12.857384,72.149544,-0.033062,-0.035380,0.987712
2026-08-31T18:38:12.857489,72.149649,-0.032940,-0.034770,0.987346
2026-08-31T18:38:12.886746,72.178906,-0.031964,-0.035624,0.988566
2026-08-31T18:38:12.916432,72.208592,-0.032208,-0.035136,0.989176
2026-08-31T18:38:12.947819,72.239979,-0.032696,-0.035380,0.988200
2026-08-31T18:38:12.947905,72.240065,-0.032574,-0.034526,0.988200
2026-08-31T18:38:12.977490,72.269650,-0.032452,-0.034648,0.987712
2026-08-31T18:38:12.977597,72.269757,-0.032330,-0.035380,0.987712
2026-08-31T18:38:13.006553,72.298713,-0.032696,-0.035380,0.987468
2026-08-31T18:38:13.036824,72.328984,-0.032452,-0.035136,0.987956
2026-08-31T18:38:13.064301,72.356461,-0.032452,-0.034770,0.988566
2026-08-31T18:38:13.065459,72.357619,-0.032696,-0.034770,0.988078
2026-08-31T18:38:13.096583,72.388743,-0.032452,-0.034648,0.988566
2026-08-31T18:38:13.156327,72.448487,-0.031720,-0.035136,0.987712
2026-08-31T18:38:13.156615,72.448775,-0.032940,-0.035258,0.987834
2026-08-31T18:38:13.156675,72.448835,-0.032208,-0.035014,0.987956
2026-08-31T18:38:13.184848,72.477008,-0.032452,-0.035258,0.988444
2026-08-31T18:38:13.189694,72.481854,-0.032574,-0.035136,0.988078
2026-08-31T18:38:13.216532,72.508692,-0.032818,-0.035136,0.988444
2026-08-31T18:38:13.245970,72.538130,-0.031964,-0.034648,0.987712
2026-08-31T18:38:13.246059,72.538219,-0.032330,-0.034892,0.987834
2026-08-31T18:38:13.274147,72.566307,-0.032574,-0.034892,0.987712
2026-08-31T18:38:13.304862,72.597022,-0.032818,-0.035014,0.988566
2026-08-31T18:38:13.306185,72.598345,-0.031842,-0.035502,0.988078
2026-08-31T18:38:13.336646,72.628806,-0.031842,-0.035136,0.988444
2026-08-31T18:38:13.367503,72.659663,-0.032696,-0.035014,0.987834
2026-08-31T18:38:13.367587,72.659747,-0.033062,-0.035014,0.988200
2026-08-31T18:38:13.396960,72.689120,-0.032574,-0.035380,0.988566
2026-08-31T18:38:13.427624,72.719784,-0.032452,-0.034770,0.987468
2026-08-31T18:38:13.427714,72.719874,-0.032208,-0.035136,0.987590
2026-08-31T18:38:13.456578,72.748738,-0.032818,-0.034770,0.988444
2026-08-31T18:38:13.487617,72.779777,-0.032452,-0.035258,0.988322
2026-08-31T18:38:13.487691,72.779851,-0.032696,-0.035258,0.988078
2026-08-31T18:38:13.516464,72.808624,-0.031720,-0.034770,0.987590
2026-08-31T18:38:13.545005,72.837165,-0.032208,-0.035990,0.987590
2026-08-31T18:38:13.545091,72.837251,-0.032696,-0.034770,0.988200
2026-08-31T18:38:13.573664,72.865824,-0.032574,-0.035624,0.987834
2026-08-31T18:38:13.604287,72.896447,-0.031720,-0.034770,0.988322
2026-08-31T18:38:13.635051,72.927211,-0.032452,-0.035136,0.988200
2026-08-31T18:38:13.665815,72.957975,-0.032452,-0.034892,0.988200
2026-08-31T18:38:13.665905,72.958065,-0.032452,-0.034648,0.987468
2026-08-31T18:38:13.695672,72.987832,-0.031964,-0.035258,0.988444
2026-08-31T18:38:13.695763,72.987923,-0.031964,-0.034648,0.987834
2026-08-31T18:38:13.724440,73.016600,-0.032696,-0.034526,0.988200
2026-08-31T18:38:13.756152,73.048312,-0.032452,-0.035136,0.988322
2026-08-31T18:38:13.756254,73.048414,-0.031964,-0.035014,0.987834
2026-08-31T18:38:13.783719,73.075879,-0.032208,-0.035136,0.988932
2026-08-31T18:38:13.815380,73.107540,-0.032452,-0.034770,0.988078
2026-08-31T18:38:13.815450,73.107610,-0.032208,-0.035258,0.988322
2026-08-31T18:38:13.843882,73.136042,-0.032452,-0.035014,0.987956
2026-08-31T18:38:13.875812,73.167972,-0.031842,-0.034526,0.988322
2026-08-31T18:38:13.875897,73.168057,-0.031964,-0.034892,0.987956
2026-08-31T18:38:13.904257,73.196417,-0.032086,-0.034648,0.988078
2026-08-31T18:38:13.935734,73.227894,-0.032818,-0.034770,0.987956
2026-08-31T18:38:13.935824,73.227984,-0.032818,-0.034648,0.987712
2026-08-31T18:38:13.964051,73.256211,-0.032208,-0.035136,0.988200
2026-08-31T18:38:13.995005,73.287165,-0.032818,-0.034770,0.987956
2026-08-31T18:38:13.995058,73.287218,-0.032330,-0.035136,0.987956
2026-08-31T18:38:14.055373,73.347533,-0.032086,-0.034770,0.988322
2026-08-31T18:38:14.056249,73.348409,-0.031964,-0.035014,0.987712
2026-08-31T18:38:14.087597,73.379757,-0.033306,-0.034892,0.988078
2026-08-31T18:38:14.087681,73.379841,-0.032208,-0.034892,0.987712
2026-08-31T18:38:14.116422,73.408582,-0.031964,-0.035136,0.987956
2026-08-31T18:38:14.175750,73.467910,-0.032574,-0.034892,0.987712
2026-08-31T18:38:14.175822,73.467982,-0.032330,-0.035014,0.987834
2026-08-31T18:38:14.176486,73.468646,-0.031964,-0.035014,0.988322
2026-08-31T18:38:14.207501,73.499661,-0.032330,-0.034648,0.987712
2026-08-31T18:38:14.207591,73.499751,-0.032208,-0.035258,0.987712
2026-08-31T18:38:14.238296,73.530456,-0.032086,-0.035014,0.987224
2026-08-31T18:38:14.238344,73.530504,-0.032330,-0.034892,0.987712
2026-08-31T18:38:14.266526,73.558686,-0.032452,-0.034770,0.987712
2026-08-31T18:38:14.295284,73.587444,-0.031110,-0.035624,0.988078
2026-08-31T18:38:14.325815,73.617975,-0.032574,-0.034648,0.987468
2026-08-31T18:38:14.325921,73.618081,-0.032696,-0.035014,0.988078
2026-08-31T18:38:14.385949,73.678109,-0.032818,-0.034404,0.987590
2026-08-31T18:38:14.386044,73.678204,-0.032086,-0.034770,0.988200
2026-08-31T18:38:14.391888,73.684048,-0.032574,-0.034770,0.987590
2026-08-31T18:38:14.416683,73.708843,-0.031964,-0.035258,0.987956
2026-08-31T18:38:14.447433,73.739593,-0.032574,-0.034770,0.988322
2026-08-31T18:38:14.447509,73.739669,-0.032452,-0.035258,0.987590
2026-08-31T18:38:14.476094,73.768254,-0.032574,-0.035014,0.988078
2026-08-31T18:38:14.505239,73.797399,-0.032330,-0.035380,0.987468
2026-08-31T18:38:14.505298,73.797458,-0.032208,-0.034526,0.987956
2026-08-31T18:38:14.535620,73.827780,-0.032452,-0.035258,0.987590
2026-08-31T18:38:14.535705,73.827865,-0.032452,-0.034282,0.987956
2026-08-31T18:38:14.564116,73.856276,-0.032452,-0.034282,0.988322
2026-08-31T18:38:14.594923,73.887083,-0.032330,-0.034770,0.987712
2026-08-31T18:38:14.625458,73.917618,-0.032574,-0.034770,0.988078
2026-08-31T18:38:14.625546,73.917706,-0.032330,-0.035014,0.987956
2026-08-31T18:38:14.654916,73.947076,-0.032330,-0.034892,0.987590
2026-08-31T18:38:14.655957,73.948117,-0.032208,-0.035136,0.987956
2026-08-31T18:38:14.684297,73.976457,-0.032696,-0.034526,0.987712
2026-08-31T18:38:14.714520,74.006680,-0.032574,-0.034648,0.987468
2026-08-31T18:38:14.744729,74.036889,-0.032452,-0.034892,0.987712
2026-08-31T18:38:14.774621,74.066781,-0.032330,-0.034770,0.988200
2026-08-31T18:38:14.776682,74.068842,-0.032696,-0.034770,0.987834
2026-08-31T18:38:14.807677,74.099837,-0.032208,-0.034892,0.988444
2026-08-31T18:38:14.807761,74.099921,-0.032086,-0.034892,0.987468
2026-08-31T18:38:14.836961,74.129121,-0.032208,-0.034160,0.987224
2026-08-31T18:38:14.896254,74.188414,-0.032818,-0.035136,0.987590
2026-08-31T18:38:14.896339,74.188499,-0.032452,-0.035014,0.988078
2026-08-31T18:38:14.896996,74.189156,-0.032574,-0.034282,0.987956
2026-08-31T18:38:14.926558,74.218718,-0.031964,-0.035136,0.987834
2026-08-31T18:38:14.956908,74.249068,-0.032452,-0.035014,0.988444
2026-08-31T18:38:14.956992,74.249152,-0.032574,-0.034892,0.988566
2026-08-31T18:38:14.986827,74.278987,-0.033062,-0.034404,0.988566
2026-08-31T18:38:15.017569,74.309729,-0.032452,-0.035258,0.987956
2026-08-31T18:38:15.017650,74.309810,-0.032086,-0.035136,0.987956
2026-08-31T18:38:15.047077,74.339237,-0.032208,-0.035136,0.988322
2026-08-31T18:38:15.077506,74.369666,-0.032574,-0.034892,0.988688
2026-08-31T18:38:15.077589,74.369749,-0.032208,-0.034648,0.988078
2026-08-31T18:38:15.106406,74.398566,-0.032452,-0.035258,0.987956
2026-08-31T18:38:15.135526,74.427686,-0.032696,-0.034526,0.987346
2026-08-31T18:38:15.138305,74.430465,-0.032086,-0.034892,0.988200
2026-08-31T18:38:15.166655,74.458815,-0.032574,-0.034770,0.987834
2026-08-31T18:38:15.196047,74.488207,-0.033062,-0.035014,0.987712
2026-08-31T18:38:15.196151,74.488311,-0.032452,-0.034892,0.987956
2026-08-31T18:38:15.226510,74.518670,-0.032330,-0.035136,0.987590
2026-08-31T18:38:15.255052,74.547212,-0.032330,-0.034892,0.988322
2026-08-31T18:38:15.256183,74.548343,-0.031720,-0.035746,0.987712
2026-08-31T18:38:15.284496,74.576656,-0.032696,-0.034892,0.988078
2026-08-31T18:38:15.315824,74.607984,-0.032330,-0.034648,0.987956
2026-08-31T18:38:15.315913,74.608073,-0.032574,-0.034404,0.987834
2026-08-31T18:38:15.344033,74.636193,-0.032574,-0.034648,0.988078
2026-08-31T18:38:15.375160,74.667320,-0.032818,-0.035258,0.987712
2026-08-31T18:38:15.376342,74.668502,-0.032208,-0.034770,0.988444
2026-08-31T18:38:15.406612,74.698772,-0.032086,-0.034892,0.988444
2026-08-31T18:38:15.438832,74.730992,-0.032574,-0.035380,0.988078
2026-08-31T18:38:15.438889,74.731049,-0.032208,-0.035136,0.987834
2026-08-31T18:38:15.466366,74.758526,-0.032818,-0.034648,0.988078
2026-08-31T18:38:15.495599,74.787759,-0.032208,-0.035014,0.987956
2026-08-31T18:38:15.525745,74.817905,-0.032208,-0.035014,0.987712
2026-08-31T18:38:15.525823,74.817983,-0.032452,-0.035380,0.988444
2026-08-31T18:38:15.555889,74.848049,-0.032452,-0.034892,0.988200
2026-08-31T18:38:15.555970,74.848130,-0.032208,-0.034648,0.988078
2026-08-31T18:38:15.583933,74.876093,-0.032452,-0.034892,0.987590
2026-08-31T18:38:15.615436,74.907596,-0.032330,-0.035136,0.987956
2026-08-31T18:38:15.645579,74.937739,-0.032086,-0.035014,0.987956
2026-08-31T18:38:15.645658,74.937818,-0.032940,-0.035014,0.988078
2026-08-31T18:38:15.673909,74.966069,-0.032452,-0.034770,0.987834
2026-08-31T18:38:15.706074,74.998234,-0.032086,-0.034526,0.988078
2026-08-31T18:38:15.706155,74.998315,-0.032574,-0.035014,0.987956
2026-08-31T18:38:15.764664,75.056824,-0.032818,-0.035136,0.988322
2026-08-31T18:38:15.766894,75.059054,-0.032696,-0.034648,0.988200
2026-08-31T18:38:15.766935,75.059095,-0.032574,-0.035502,0.987834
2026-08-31T18:38:15.797107,75.089267,-0.032330,-0.035136,0.987712
2026-08-31T18:38:15.827713,75.119873,-0.032208,-0.034770,0.988200
2026-08-31T18:38:15.827800,75.119960,-0.032208,-0.034526,0.988322
2026-08-31T18:38:15.856579,75.148739,-0.031964,-0.034648,0.987956
2026-08-31T18:38:15.886260,75.178420,-0.032208,-0.034648,0.987956
2026-08-31T18:38:15.886336,75.178496,-0.032208,-0.035136,0.987956
2026-08-31T18:38:15.914298,75.206458,-0.032452,-0.034648,0.988322
2026-08-31T18:38:15.945743,75.237903,-0.032330,-0.034648,0.987590
2026-08-31T18:38:15.945835,75.237995,-0.032452,-0.034892,0.987468
2026-08-31T18:38:15.973984,75.266144,-0.033062,-0.035014,0.987956
2026-08-31T18:38:16.004671,75.296831,-0.031964,-0.035014,0.987590
2026-08-31T18:38:16.036158,75.328318,-0.032818,-0.034770,0.987834
2026-08-31T18:38:16.036239,75.328399,-0.032696,-0.034770,0.988200
2026-08-31T18:38:16.064101,75.356261,-0.032086,-0.035136,0.988688
2026-08-31T18:38:16.097946,75.390106,-0.032696,-0.035136,0.987712
2026-08-31T18:38:16.098034,75.390194,-0.032574,-0.034160,0.987712
2026-08-31T18:38:16.126836,75.418996,-0.031842,-0.034526,0.988078
2026-08-31T18:38:16.157468,75.449628,-0.032086,-0.034770,0.988322
2026-08-31T18:38:16.157559,75.449719,-0.032452,-0.034770,0.988200
2026-08-31T18:38:16.187672,75.479832,-0.032574,-0.034526,0.987834
2026-08-31T18:38:16.215095,75.507255,-0.032452,-0.035136,0.988078
2026-08-31T18:38:16.244233,75.536393,-0.032452,-0.034892,0.988200
2026-08-31T18:38:16.245443,75.537603,-0.032330,-0.035258,0.987956
2026-08-31T18:38:16.305856,75.598016,-0.032696,-0.034526,0.987346
2026-08-31T18:38:16.305964,75.598124,-0.031964,-0.035258,0.987956
2026-08-31T18:38:16.306841,75.599001,-0.031842,-0.035014,0.987468
2026-08-31T18:38:16.338194,75.630354,-0.032452,-0.034770,0.988322
2026-08-31T18:38:16.338276,75.630436,-0.032208,-0.034892,0.987956
2026-08-31T18:38:16.366566,75.658726,-0.032574,-0.034770,0.987468
2026-08-31T18:38:16.395887,75.688047,-0.032940,-0.034648,0.988078
2026-08-31T18:38:16.395979,75.688139,-0.032452,-0.035014,0.987224
2026-08-31T18:38:16.423998,75.716158,-0.032086,-0.035136,0.988688
2026-08-31T18:38:16.454637,75.746797,-0.032330,-0.034770,0.987834
2026-08-31T18:38:16.485173,75.777333,-0.031964,-0.035014,0.987956
2026-08-31T18:38:16.515614,75.807774,-0.032086,-0.034648,0.988200
2026-08-31T18:38:16.515743,75.807903,-0.032452,-0.035014,0.987956
2026-08-31T18:38:16.516369,75.808529,-0.032574,-0.034770,0.987956
2026-08-31T18:38:16.546433,75.838593,-0.032208,-0.035014,0.988078
2026-08-31T18:38:16.575466,75.867626,-0.032452,-0.034648,0.987834
2026-08-31T18:38:16.575552,75.867712,-0.032330,-0.035380,0.987956
2026-08-31T18:38:16.605013,75.897173,-0.032452,-0.035014,0.987346
2026-08-31T18:38:16.635432,75.927592,-0.032696,-0.035258,0.988078
2026-08-31T18:38:16.635540,75.927700,-0.031842,-0.034892,0.987956
2026-08-31T18:38:16.664114,75.956274,-0.032696,-0.034648,0.987956
2026-08-31T18:38:16.695220,75.987380,-0.031964,-0.034770,0.988078
2026-08-31T18:38:16.695286,75.987446,-0.032574,-0.034648,0.987956
2026-08-31T18:38:16.723992,76.016152,-0.032208,-0.035502,0.987346
2026-08-31T18:38:16.755091,76.047251,-0.032330,-0.035380,0.988078
2026-08-31T18:38:16.785787,76.077947,-0.032452,-0.035014,0.988200
2026-08-31T18:38:16.785866,76.078026,-0.032940,-0.034648,0.987590
2026-08-31T18:38:16.814141,76.106301,-0.032086,-0.034770,0.988444
2026-08-31T18:38:16.845029,76.137189,-0.032086,-0.034648,0.988322
2026-08-31T18:38:16.846261,76.138421,-0.032696,-0.035136,0.988322
2026-08-31T18:38:16.876698,76.168858,-0.032574,-0.035258,0.987956
2026-08-31T18:38:16.905108,76.197268,-0.032086,-0.035136,0.987224
2026-08-31T18:38:16.934530,76.226690,-0.032086,-0.035258,0.987834
2026-08-31T18:38:16.936385,76.228545,-0.032452,-0.035136,0.987956
2026-08-31T18:38:16.965033,76.257193,-0.032696,-0.035136,0.988078
2026-08-31T18:38:16.995824,76.287984,-0.032452,-0.034770,0.988322
2026-08-31T18:38:16.995913,76.288073,-0.033184,-0.034770,0.988078
2026-08-31T18:38:17.025809,76.317969,-0.032208,-0.034648,0.988444
2026-08-31T18:38:17.025892,76.318052,-0.032696,-0.035380,0.988200
2026-08-31T18:38:17.054600,76.346760,-0.033062,-0.035014,0.987834
2026-08-31T18:38:17.085203,76.377363,-0.032086,-0.035014,0.987712
2026-08-31T18:38:17.115433,76.407593,-0.032940,-0.034892,0.987590
2026-08-31T18:38:17.115515,76.407675,-0.032574,-0.035136,0.987834
2026-08-31T18:38:17.145298,76.437458,-0.031476,-0.035014,0.988322
2026-08-31T18:38:17.145365,76.437525,-0.032818,-0.034892,0.988200
2026-08-31T18:38:17.176271,76.468431,-0.032208,-0.034404,0.988200
2026-08-31T18:38:17.205489,76.497649,-0.031964,-0.034282,0.987956
2026-08-31T18:38:17.235635,76.527795,-0.032452,-0.034282,0.987834
2026-08-31T18:38:17.235721,76.527881,-0.032818,-0.034892,0.988078
2026-08-31T18:38:17.264104,76.556264,-0.032086,-0.035136,0.987590
2026-08-31T18:38:17.295724,76.587884,-0.031964,-0.034770,0.987956
2026-08-31T18:38:17.295813,76.587973,-0.031476,-0.034648,0.987956
2026-08-31T18:38:17.326700,76.618860,-0.032452,-0.034404,0.988444
2026-08-31T18:38:17.356601,76.648761,-0.032086,-0.034892,0.988444
2026-08-31T18:38:17.385459,76.677619,-0.031964,-0.035014,0.987834
2026-08-31T18:38:17.385525,76.677685,-0.032574,-0.034770,0.988078
2026-08-31T18:38:17.415327,76.707487,-0.032086,-0.034404,0.987590
2026-08-31T18:38:17.415443,76.707603,-0.032086,-0.034892,0.987224
2026-08-31T18:38:17.444272,76.736432,-0.032086,-0.035014,0.987712
2026-08-31T18:38:17.475968,76.768128,-0.032208,-0.035136,0.988322
2026-08-31T18:38:17.476055,76.768215,-0.032696,-0.035136,0.988200
2026-08-31T18:38:17.504911,76.797071,-0.032208,-0.035014,0.988200
2026-08-31T18:38:17.535795,76.827955,-0.032208,-0.035136,0.987834
2026-08-31T18:38:17.535874,76.828034,-0.031842,-0.035136,0.988322
2026-08-31T18:38:17.564013,76.856173,-0.032452,-0.034892,0.988078
2026-08-31T18:38:17.595154,76.887314,-0.031842,-0.034892,0.987956
2026-08-31T18:38:17.625252,76.917412,-0.032818,-0.034526,0.987956
2026-08-31T18:38:17.625330,76.917490,-0.032452,-0.034892,0.987712
2026-08-31T18:38:17.655837,76.947997,-0.032330,-0.034770,0.987712
2026-08-31T18:38:17.686125,76.978285,-0.032452,-0.035136,0.988444
2026-08-31T18:38:17.686225,76.978385,-0.032696,-0.035014,0.988444
2026-08-31T18:38:17.715967,77.008127,-0.032452,-0.035136,0.988322
2026-08-31T18:38:17.745508,77.037668,-0.032330,-0.034892,0.988078
2026-08-31T18:38:17.745599,77.037759,-0.032818,-0.035380,0.988200
2026-08-31T18:38:17.774232,77.066392,-0.032208,-0.035136,0.986858
2026-08-31T18:38:17.804959,77.097119,-0.032208,-0.035624,0.988566
2026-08-31T18:38:17.835197,77.127357,-0.031964,-0.035136,0.988078
2026-08-31T18:38:17.836684,77.128844,-0.032452,-0.035258,0.987590
2026-08-31T18:38:17.866683,77.158843,-0.032696,-0.034648,0.988566
2026-08-31T18:38:17.896777,77.188937,-0.031964,-0.035014,0.988566
2026-08-31T18:38:17.926117,77.218277,-0.032452,-0.034892,0.987712
2026-08-31T18:38:17.926205,77.218365,-0.032940,-0.035136,0.987224
2026-08-31T18:38:17.955046,77.247206,-0.032696,-0.034526,0.987346
2026-08-31T18:38:17.986160,77.278320,-0.032696,-0.034770,0.988200
2026-08-31T18:38:17.986248,77.278408,-0.032208,-0.034648,0.988566
2026-08-31T18:38:18.014146,77.306306,-0.032452,-0.034770,0.988322
2026-08-31T18:38:18.045499,77.337659,-0.032086,-0.034526,0.988200
2026-08-31T18:38:18.045590,77.337750,-0.033062,-0.035380,0.988322
2026-08-31T18:38:18.075159,77.367319,-0.032574,-0.035258,0.988200
2026-08-31T18:38:18.104211,77.396371,-0.031598,-0.035014,0.987956
2026-08-31T18:38:18.104252,77.396412,-0.031964,-0.035136,0.988322
2026-08-31T18:38:18.136375,77.428535,-0.032208,-0.035136,0.987712
2026-08-31T18:38:18.165577,77.457737,-0.032452,-0.035502,0.988322
2026-08-31T18:38:18.165656,77.457816,-0.031842,-0.035014,0.987224
2026-08-31T18:38:18.194177,77.486337,-0.032452,-0.034892,0.987834
2026-08-31T18:38:18.225991,77.518151,-0.033184,-0.035014,0.987956
2026-08-31T18:38:18.226062,77.518222,-0.032452,-0.034526,0.988444
2026-08-31T18:38:18.255326,77.547486,-0.032940,-0.035014,0.988078
2026-08-31T18:38:18.285661,77.577821,-0.032940,-0.035258,0.988810
2026-08-31T18:38:18.285743,77.577903,-0.032574,-0.035014,0.987712
2026-08-31T18:38:18.314484,77.606644,-0.032208,-0.035380,0.987834
2026-08-31T18:38:18.344887,77.637047,-0.032574,-0.034526,0.988566
2026-08-31T18:38:18.375155,77.667315,-0.032574,-0.035136,0.987468
2026-08-31T18:38:18.375235,77.667395,-0.032696,-0.034892,0.988444
2026-08-31T18:38:18.405157,77.697317,-0.032208,-0.034892,0.988444
2026-08-31T18:38:18.435749,77.727909,-0.032208,-0.035014,0.988322
2026-08-31T18:38:18.435836,77.727996,-0.032330,-0.034770,0.987590
2026-08-31T18:38:18.464168,77.756328,-0.032208,-0.035136,0.988322
2026-08-31T18:38:18.495367,77.787527,-0.033184,-0.034648,0.988322
2026-08-31T18:38:18.495447,77.787607,-0.032818,-0.034526,0.987834
2026-08-31T18:38:18.524108,77.816268,-0.032574,-0.035014,0.988200
2026-08-31T18:38:18.556063,77.848223,-0.032940,-0.034770,0.987956
2026-08-31T18:38:18.556165,77.848325,-0.031964,-0.034160,0.987712
2026-08-31T18:38:18.584702,77.876862,-0.032086,-0.034526,0.987712
2026-08-31T18:38:18.615513,77.907673,-0.031964,-0.035502,0.987590
2026-08-31T18:38:18.615586,77.907746,-0.032818,-0.034404,0.987590
2026-08-31T18:38:18.644382,77.936542,-0.031842,-0.034648,0.987468
2026-08-31T18:38:18.675851,77.968011,-0.032208,-0.035258,0.987712
2026-08-31T18:38:18.675948,77.968108,-0.032696,-0.034648,0.987834
2026-08-31T18:38:18.705517,77.997677,-0.032818,-0.034526,0.988444
2026-08-31T18:38:18.735767,78.027927,-0.031964,-0.034526,0.988322
2026-08-31T18:38:18.735858,78.028018,-0.032574,-0.035014,0.988444
2026-08-31T18:38:18.764165,78.056325,-0.031964,-0.034892,0.987590
2026-08-31T18:38:18.795651,78.087811,-0.032452,-0.034770,0.987712
2026-08-31T18:38:18.795737,78.087897,-0.032208,-0.034770,0.987956
2026-08-31T18:38:18.823780,78.115940,-0.032086,-0.034770,0.988200
2026-08-31T18:38:18.855834,78.147994,-0.032574,-0.034770,0.987468
2026-08-31T18:38:18.855960,78.148120,-0.032574,-0.034648,0.988078
2026-08-31T18:38:18.884110,78.176270,-0.032086,-0.035258,0.987712
2026-08-31T18:38:18.915923,78.208083,-0.032086,-0.034770,0.988810
2026-08-31T18:38:18.916009,78.208169,-0.032208,-0.034892,0.987956
2026-08-31T18:38:18.944476,78.236636,-0.032330,-0.035258,0.988566
2026-08-31T18:38:18.977910,78.270070,-0.032086,-0.035502,0.988200
2026-08-31T18:38:18.978031,78.270191,-0.031598,-0.034770,0.987590
2026-08-31T18:38:19.006742,78.298902,-0.032452,-0.034648,0.987712
2026-08-31T18:38:19.037807,78.329967,-0.032330,-0.035502,0.987468
2026-08-31T18:38:19.038116,78.330276,-0.032696,-0.034892,0.987956
2026-08-31T18:38:19.066537,78.358697,-0.032330,-0.035014,0.988444
2026-08-31T18:38:19.097271,78.389431,-0.032452,-0.035014,0.988200
2026-08-31T18:38:19.097333,78.389493,-0.032940,-0.034770,0.987834
2026-08-31T18:38:19.126872,78.419032,-0.032330,-0.035014,0.988078
2026-08-31T18:38:19.157049,78.449209,-0.032330,-0.035014,0.987468
2026-08-31T18:38:19.188026,78.480186,-0.032086,-0.034404,0.988200
2026-08-31T18:38:19.188108,78.480268,-0.032208,-0.034770,0.988078
2026-08-31T18:38:19.216764,78.508924,-0.033306,-0.034770,0.988078
2026-08-31T18:38:19.245382,78.537542,-0.031964,-0.034892,0.988200
2026-08-31T18:38:19.275861,78.568021,-0.032818,-0.034526,0.988200
2026-08-31T18:38:19.276662,78.568822,-0.032330,-0.034892,0.987468
2026-08-31T18:38:19.306840,78.599000,-0.032208,-0.034770,0.987956
2026-08-31T18:38:19.336081,78.628241,-0.032818,-0.035136,0.988322
2026-08-31T18:38:19.336166,78.628326,-0.033306,-0.034770,0.987956
2026-08-31T18:38:19.364318,78.656478,-0.032330,-0.035014,0.987834
2026-08-31T18:38:19.394860,78.687020,-0.032574,-0.034648,0.987834
2026-08-31T18:38:19.425976,78.718136,-0.032818,-0.034404,0.988688
2026-08-31T18:38:19.426072,78.718232,-0.031964,-0.034648,0.988566
2026-08-31T18:38:19.455972,78.748132,-0.032330,-0.035014,0.988444
2026-08-31T18:38:19.485979,78.778139,-0.032818,-0.034892,0.987468
2026-08-31T18:38:19.486060,78.778220,-0.032086,-0.034770,0.987590
2026-08-31T18:38:19.514932,78.807092,-0.032330,-0.035258,0.987712
2026-08-31T18:38:19.515002,78.807162,-0.032330,-0.034648,0.988200
2026-08-31T18:38:19.544464,78.836624,-0.032940,-0.035014,0.987834
2026-08-31T18:38:19.606945,78.899105,-0.032696,-0.034770,0.987346
2026-08-31T18:38:19.607164,78.899324,-0.032452,-0.034770,0.988200
2026-08-31T18:38:19.607225,78.899385,-0.032452,-0.035014,0.988078
2026-08-31T18:38:19.634341,78.926501,-0.032452,-0.035014,0.987834
2026-08-31T18:38:19.665867,78.958027,-0.032940,-0.034892,0.987712
2026-08-31T18:38:19.665947,78.958107,-0.032086,-0.034892,0.988200
2026-08-31T18:38:19.694257,78.986417,-0.032574,-0.035136,0.987834
2026-08-31T18:38:19.726027,79.018187,-0.032940,-0.034526,0.988078
2026-08-31T18:38:19.726106,79.018266,-0.032574,-0.034892,0.987834
2026-08-31T18:38:19.754407,79.046567,-0.032574,-0.035136,0.988322
2026-08-31T18:38:19.785972,79.078132,-0.032330,-0.034648,0.987956
2026-08-31T18:38:19.786055,79.078215,-0.032330,-0.034770,0.987956
2026-08-31T18:38:19.814271,79.106431,-0.032574,-0.035502,0.987956
2026-08-31T18:38:19.845143,79.137303,-0.031842,-0.034892,0.987834
2026-08-31T18:38:19.877941,79.170101,-0.032208,-0.035014,0.988322
2026-08-31T18:38:19.878012,79.170172,-0.031354,-0.034648,0.987712
2026-08-31T18:38:19.907956,79.200116,-0.032574,-0.034892,0.988322
2026-08-31T18:38:19.908039,79.200199,-0.031964,-0.034770,0.987712
2026-08-31T18:38:19.936767,79.228927,-0.031964,-0.034526,0.987956
2026-08-31T18:38:19.995818,79.287978,-0.032330,-0.034770,0.988688
2026-08-31T18:38:19.996008,79.288168,-0.031964,-0.034892,0.987712
2026-08-31T18:38:19.996097,79.288257,-0.031842,-0.035380,0.987590
2026-08-31T18:38:20.024036,79.316196,-0.032452,-0.035136,0.987956
2026-08-31T18:38:20.056772,79.348932,-0.032818,-0.034526,0.987834
2026-08-31T18:38:20.056836,79.348996,-0.032696,-0.035502,0.988566
2026-08-31T18:38:20.086682,79.378842,-0.032208,-0.035136,0.988078
2026-08-31T18:38:20.116096,79.408256,-0.032574,-0.034770,0.987956
2026-08-31T18:38:20.116206,79.408366,-0.032696,-0.034892,0.987834
2026-08-31T18:38:20.144744,79.436904,-0.032330,-0.035258,0.987346
2026-08-31T18:38:20.175389,79.467549,-0.032818,-0.034404,0.988566
2026-08-31T18:38:20.177409,79.469569,-0.032940,-0.035502,0.987712
2026-08-31T18:38:20.206844,79.499004,-0.032696,-0.035014,0.987468
2026-08-31T18:38:20.237248,79.529408,-0.032574,-0.035014,0.986980
2026-08-31T18:38:20.237310,79.529470,-0.033550,-0.034404,0.987224
2026-08-31T18:38:20.266509,79.558669,-0.032086,-0.034770,0.987956
2026-08-31T18:38:20.295012,79.587172,-0.032696,-0.034404,0.987834
2026-08-31T18:38:20.324653,79.616813,-0.032208,-0.034404,0.987834
2026-08-31T18:38:20.325315,79.617475,-0.032696,-0.035014,0.987346
2026-08-31T18:38:20.355493,79.647653,-0.031842,-0.034770,0.987834
2026-08-31T18:38:20.355574,79.647734,-0.031964,-0.035136,0.988200
2026-08-31T18:38:20.384230,79.676390,-0.031842,-0.034526,0.987834
2026-08-31T18:38:20.415276,79.707436,-0.031598,-0.035136,0.987712
2026-08-31T18:38:20.445767,79.737927,-0.031964,-0.034892,0.987468
2026-08-31T18:38:20.445853,79.738013,-0.032574,-0.034526,0.987956
2026-08-31T18:38:20.475066,79.767226,-0.032696,-0.035258,0.987956
2026-08-31T18:38:20.507094,79.799254,-0.032208,-0.035380,0.988200
2026-08-31T18:38:20.507156,79.799316,-0.031964,-0.034404,0.987712
2026-08-31T18:38:20.534843,79.827003,-0.032574,-0.034526,0.988566
2026-08-31T18:38:20.565054,79.857214,-0.032696,-0.035502,0.987834
2026-08-31T18:38:20.595865,79.888025,-0.032330,-0.034526,0.988078
2026-08-31T18:38:20.595950,79.888110,-0.032330,-0.034648,0.987834
2026-08-31T18:38:20.624377,79.916537,-0.032208,-0.035502,0.988444
2026-08-31T18:38:20.657045,79.949205,-0.033184,-0.034892,0.987834
2026-08-31T18:38:20.657130,79.949290,-0.032330,-0.034770,0.987956
2026-08-31T18:38:20.685367,79.977527,-0.031964,-0.034648,0.988078
2026-08-31T18:38:20.685458,79.977618,-0.032452,-0.034892,0.988322
2026-08-31T18:38:20.714122,80.006282,-0.032208,-0.034526,0.987956
2026-08-31T18:38:20.744783,80.036943,-0.031720,-0.035136,0.987712
2026-08-31T18:38:20.775355,80.067515,-0.032574,-0.034892,0.987834
2026-08-31T18:38:20.775434,80.067594,-0.032574,-0.034648,0.987834
2026-08-31T18:38:20.805088,80.097248,-0.032086,-0.034404,0.987956
2026-08-31T18:38:20.835968,80.128128,-0.031720,-0.034892,0.987712
2026-08-31T18:38:20.836052,80.128212,-0.032818,-0.035014,0.988200
2026-08-31T18:38:20.863914,80.156074,-0.032696,-0.034526,0.988200
2026-08-31T18:38:20.895955,80.188115,-0.032330,-0.035014,0.988444
2026-08-31T18:38:20.896032,80.188192,-0.032574,-0.035014,0.987956
2026-08-31T18:38:20.924368,80.216528,-0.032330,-0.035502,0.987956
2026-08-31T18:38:20.955842,80.248002,-0.031720,-0.034770,0.987956
2026-08-31T18:38:20.955917,80.248077,-0.032696,-0.034770,0.987712
2026-08-31T18:38:20.983922,80.276082,-0.032940,-0.035380,0.988078
2026-08-31T18:38:21.015954,80.308114,-0.031720,-0.034892,0.987712
2026-08-31T18:38:21.016066,80.308226,-0.032452,-0.034282,0.988322
2026-08-31T18:38:21.044530,80.336690,-0.032208,-0.035502,0.988200
2026-08-31T18:38:21.075395,80.367555,-0.032208,-0.034892,0.987468
2026-08-31T18:38:21.105733,80.397893,-0.032574,-0.034526,0.987834
2026-08-31T18:38:21.105816,80.397976,-0.032208,-0.035014,0.987712
2026-08-31T18:38:21.135511,80.427671,-0.032330,-0.034648,0.987346
2026-08-31T18:38:21.135601,80.427761,-0.032086,-0.034892,0.987712
2026-08-31T18:38:21.164018,80.456178,-0.031964,-0.034648,0.988078
2026-08-31T18:38:21.195056,80.487216,-0.032940,-0.035014,0.988322
2026-08-31T18:38:21.227377,80.519537,-0.031842,-0.034892,0.988200
2026-08-31T18:38:21.227505,80.519665,-0.032696,-0.034648,0.988078
2026-08-31T18:38:21.253906,80.546066,-0.032086,-0.035258,0.987468
2026-08-31T18:38:21.285161,80.577321,-0.032208,-0.034648,0.988200
2026-08-31T18:38:21.286384,80.578544,-0.032696,-0.034892,0.987102
2026-08-31T18:38:21.316818,80.608978,-0.032574,-0.035136,0.988322
2026-08-31T18:38:21.346212,80.638372,-0.032696,-0.034892,0.987956
2026-08-31T18:38:21.346291,80.638451,-0.031964,-0.035136,0.987956
2026-08-31T18:38:21.374974,80.667134,-0.032330,-0.034892,0.987590
2026-08-31T18:38:21.405631,80.697791,-0.032452,-0.034648,0.988444
2026-08-31T18:38:21.408023,80.700183,-0.032330,-0.034892,0.988566
2026-08-31T18:38:21.436361,80.728521,-0.032330,-0.035136,0.987834
2026-08-31T18:38:21.465940,80.758100,-0.031964,-0.034892,0.988200
2026-08-31T18:38:21.466031,80.758191,-0.032452,-0.035258,0.987712
2026-08-31T18:38:21.494410,80.786570,-0.032086,-0.035136,0.987834
2026-08-31T18:38:21.525494,80.817654,-0.032574,-0.034770,0.987834
2026-08-31T18:38:21.526500,80.818660,-0.032940,-0.035502,0.987712
2026-08-31T18:38:21.555320,80.847480,-0.032086,-0.035136,0.988444
2026-08-31T18:38:21.585564,80.877724,-0.031964,-0.034526,0.988322
2026-08-31T18:38:21.585659,80.877819,-0.032208,-0.034404,0.987834
2026-08-31T18:38:21.614147,80.906307,-0.031476,-0.034038,0.987956
2026-08-31T18:38:21.645487,80.937647,-0.032086,-0.034648,0.987956
2026-08-31T18:38:21.647302,80.939462,-0.031964,-0.035014,0.988200
2026-08-31T18:38:21.677176,80.969336,-0.032086,-0.035014,0.988444
2026-08-31T18:38:21.707048,80.999208,-0.032452,-0.035014,0.988078
2026-08-31T18:38:21.737842,81.030002,-0.032086,-0.035136,0.987834
2026-08-31T18:38:21.737932,81.030092,-0.032452,-0.034892,0.988200
2026-08-31T18:38:21.766804,81.058964,-0.032452,-0.035014,0.988322
2026-08-31T18:38:21.796263,81.088423,-0.031842,-0.034404,0.987712
2026-08-31T18:38:21.796341,81.088501,-0.032452,-0.034770,0.987712
2026-08-31T18:38:21.825738,81.117898,-0.032330,-0.034770,0.987712
2026-08-31T18:38:21.825815,81.117975,-0.032330,-0.034892,0.988322
2026-08-31T18:38:21.854050,81.146210,-0.032452,-0.034648,0.988322
2026-08-31T18:38:21.884986,81.177146,-0.031720,-0.034404,0.987590
2026-08-31T18:38:21.915428,81.207588,-0.032940,-0.035624,0.987346
2026-08-31T18:38:21.915492,81.207652,-0.032574,-0.035136,0.988322
2026-08-31T18:38:21.944089,81.236249,-0.032574,-0.034526,0.987956
2026-08-31T18:38:21.975277,81.267437,-0.032818,-0.034648,0.988444
2026-08-31T18:38:22.006150,81.298310,-0.032086,-0.035258,0.988200
2026-08-31T18:38:22.006224,81.298384,-0.032086,-0.035014,0.987956
2026-08-31T18:38:22.035520,81.327680,-0.032330,-0.035014,0.987956
2026-08-31T18:38:22.035597,81.327757,-0.032696,-0.034892,0.987590
2026-08-31T18:38:22.064160,81.356320,-0.031964,-0.034892,0.987346
2026-08-31T18:38:22.095114,81.387274,-0.032818,-0.034648,0.988200
2026-08-31T18:38:22.125973,81.418133,-0.031598,-0.034892,0.987712
2026-08-31T18:38:22.126048,81.418208,-0.031964,-0.034892,0.988444
2026-08-31T18:38:22.154034,81.446194,-0.032208,-0.034892,0.988566
2026-08-31T18:38:22.185983,81.478143,-0.032574,-0.034770,0.987590
2026-08-31T18:38:22.186055,81.478215,-0.032818,-0.034526,0.987468
2026-08-31T18:38:22.214666,81.506826,-0.032208,-0.035014,0.988078
2026-08-31T18:38:22.245277,81.537437,-0.032330,-0.035258,0.987956
2026-08-31T18:38:22.276141,81.568301,-0.032818,-0.034648,0.988200
2026-08-31T18:38:22.276985,81.569145,-0.032208,-0.034770,0.988200
2026-08-31T18:38:22.304124,81.596284,-0.031964,-0.035014,0.987956
2026-08-31T18:38:22.336010,81.628170,-0.032330,-0.034404,0.987346
2026-08-31T18:38:22.336108,81.628268,-0.032330,-0.035380,0.987712
2026-08-31T18:38:22.363831,81.655991,-0.032330,-0.034770,0.988078
2026-08-31T18:38:22.395129,81.687289,-0.032696,-0.034892,0.988200
2026-08-31T18:38:22.396879,81.689039,-0.032574,-0.034282,0.988444
2026-08-31T18:38:22.426561,81.718721,-0.032330,-0.035624,0.987834
2026-08-31T18:38:22.455064,81.747224,-0.032452,-0.034770,0.987956
2026-08-31T18:38:22.484558,81.776718,-0.032208,-0.034770,0.988322
2026-08-31T18:38:22.485810,81.777970,-0.032574,-0.034282,0.988200
2026-08-31T18:38:22.515033,81.807193,-0.032452,-0.034770,0.988322
2026-08-31T18:38:22.516837,81.808997,-0.032208,-0.035380,0.988322
2026-08-31T18:38:22.547217,81.839377,-0.032574,-0.034770,0.987956
2026-08-31T18:38:22.577081,81.869241,-0.032452,-0.034892,0.987956
2026-08-31T18:38:22.608749,81.900909,-0.032574,-0.035014,0.987712
2026-08-31T18:38:22.608828,81.900988,-0.032574,-0.034892,0.987346
2026-08-31T18:38:22.637390,81.929550,-0.032452,-0.034892,0.987712
2026-08-31T18:38:22.637469,81.929629,-0.032940,-0.034648,0.987712
2026-08-31T18:38:22.666918,81.959078,-0.032330,-0.034648,0.987956
2026-08-31T18:38:22.696834,81.988994,-0.032452,-0.034892,0.988322
2026-08-31T18:38:22.726410,82.018570,-0.032574,-0.035258,0.987834
2026-08-31T18:38:22.726484,82.018644,-0.032696,-0.034770,0.987834
2026-08-31T18:38:22.754542,82.046702,-0.032818,-0.034892,0.987590
2026-08-31T18:38:22.786053,82.078213,-0.033062,-0.034770,0.987712
2026-08-31T18:38:22.786142,82.078302,-0.032452,-0.035136,0.987590
2026-08-31T18:38:22.815441,82.107601,-0.032208,-0.034648,0.988566
2026-08-31T18:38:22.815534,82.107694,-0.032086,-0.035380,0.987712
2026-08-31T18:38:22.844168,82.136328,-0.032452,-0.035258,0.988444
2026-08-31T18:38:22.875585,82.167745,-0.032452,-0.034404,0.988078
2026-08-31T18:38:22.905403,82.197563,-0.032330,-0.034892,0.988078
2026-08-31T18:38:22.905486,82.197646,-0.032452,-0.034892,0.988078
2026-08-31T18:38:22.934312,82.226472,-0.032696,-0.034770,0.987468
2026-08-31T18:38:22.964948,82.257108,-0.031964,-0.034648,0.988078
2026-08-31T18:38:22.996096,82.288256,-0.032574,-0.034648,0.988322
2026-08-31T18:38:22.996174,82.288334,-0.032452,-0.035014,0.988200
2026-08-31T18:38:23.025833,82.317993,-0.032574,-0.034648,0.987712
2026-08-31T18:38:23.025907,82.318067,-0.032696,-0.035258,0.987346
2026-08-31T18:38:23.054306,82.346466,-0.033062,-0.035014,0.987712
2026-08-31T18:38:23.086107,82.378267,-0.032696,-0.035014,0.987956
2026-08-31T18:38:23.086200,82.378360,-0.032086,-0.034892,0.988566
2026-08-31T18:38:23.114350,82.406510,-0.031842,-0.034770,0.987834
2026-08-31T18:38:23.143617,82.435777,-0.032208,-0.034770,0.987712
2026-08-31T18:38:23.175026,82.467186,-0.032574,-0.034892,0.988566
2026-08-31T18:38:23.175069,82.467229,-0.032452,-0.035380,0.988444
2026-08-31T18:38:23.203944,82.496104,-0.032208,-0.034282,0.988078
2026-08-31T18:38:23.237895,82.530055,-0.032330,-0.034648,0.987834
2026-08-31T18:38:23.237979,82.530139,-0.032208,-0.034892,0.987956
2026-08-31T18:38:23.266959,82.559119,-0.031842,-0.034770,0.987956
2026-08-31T18:38:23.297638,82.589798,-0.032330,-0.034648,0.987590
2026-08-31T18:38:23.297698,82.589858,-0.032086,-0.034770,0.987834
2026-08-31T18:38:23.327071,82.619231,-0.032208,-0.034892,0.988322
2026-08-31T18:38:23.358636,82.650796,-0.032574,-0.034648,0.987712
2026-08-31T18:38:23.358720,82.650880,-0.032574,-0.035624,0.988444
2026-08-31T18:38:23.386468,82.678628,-0.032696,-0.034892,0.987956
2026-08-31T18:38:23.416699,82.708859,-0.032818,-0.035502,0.988444
2026-08-31T18:38:23.448018,82.740178,-0.032086,-0.034526,0.987712
2026-08-31T18:38:23.448088,82.740248,-0.032818,-0.034892,0.987956
2026-08-31T18:38:23.477452,82.769612,-0.032574,-0.035136,0.987956
2026-08-31T18:38:23.508604,82.800764,-0.032452,-0.034892,0.987834
2026-08-31T18:38:23.508676,82.800836,-0.032208,-0.035380,0.987956
2026-08-31T18:38:23.536833,82.828993,-0.032452,-0.034404,0.988810
2026-08-31T18:38:23.566028,82.858188,-0.032086,-0.034892,0.987834
2026-08-31T18:38:23.595614,82.887774,-0.032940,-0.035014,0.988810
2026-08-31T18:38:23.595696,82.887856,-0.032696,-0.034648,0.988200
2026-08-31T18:38:23.624706,82.916866,-0.032330,-0.034892,0.987956
2026-08-31T18:38:23.655599,82.947759,-0.032208,-0.034892,0.988078
2026-08-31T18:38:23.655680,82.947840,-0.032452,-0.034892,0.988200
2026-08-31T18:38:23.685537,82.977697,-0.032696,-0.034404,0.987956
2026-08-31T18:38:23.685616,82.977776,-0.033306,-0.034770,0.988322
2026-08-31T18:38:23.713688,83.005848,-0.032330,-0.034892,0.987956
2026-08-31T18:38:23.745798,83.037958,-0.033184,-0.034648,0.987468
2026-08-31T18:38:23.774800,83.066960,-0.032574,-0.035136,0.987590
2026-08-31T18:38:23.806090,83.098250,-0.032574,-0.034160,0.987712
2026-08-31T18:38:23.806166,83.098326,-0.031598,-0.035136,0.987834
2026-08-31T18:38:23.834339,83.126499,-0.032574,-0.035746,0.988322
2026-08-31T18:38:23.865411,83.157571,-0.032452,-0.034770,0.988566
2026-08-31T18:38:23.865474,83.157634,-0.032208,-0.034648,0.987712
2026-08-31T18:38:23.895061,83.187221,-0.032574,-0.034892,0.988200
2026-08-31T18:38:23.895126,83.187286,-0.032818,-0.034892,0.987712
2026-08-31T18:38:23.924900,83.217060,-0.032208,-0.034526,0.988322
2026-08-31T18:38:23.955878,83.248038,-0.032452,-0.035136,0.987712
2026-08-31T18:38:23.955963,83.248123,-0.032330,-0.034892,0.987956
2026-08-31T18:38:23.984644,83.276804,-0.032452,-0.034648,0.988322
2026-08-31T18:38:24.015074,83.307234,-0.032208,-0.035380,0.987468
2026-08-31T18:38:24.045878,83.338038,-0.031964,-0.035014,0.988810
2026-08-31T18:38:24.045956,83.338116,-0.032818,-0.035136,0.988078
2026-08-31T18:38:24.075053,83.367213,-0.032940,-0.034770,0.987834
2026-08-31T18:38:24.107467,83.399627,-0.032818,-0.034404,0.988200
2026-08-31T18:38:24.107539,83.399699,-0.032452,-0.034892,0.988078
2026-08-31T18:38:24.136476,83.428636,-0.032330,-0.035136,0.987834
2026-08-31T18:38:24.165519,83.457679,-0.032696,-0.034282,0.988200
2026-08-31T18:38:24.165591,83.457751,-0.032574,-0.035014,0.988322
2026-08-31T18:38:24.195393,83.487553,-0.031964,-0.035014,0.987102
2026-08-31T18:38:24.195502,83.487662,-0.032208,-0.034282,0.988322
2026-08-31T18:38:24.225116,83.517276,-0.032208,-0.035136,0.988322
2026-08-31T18:38:24.256059,83.548219,-0.032086,-0.034526,0.987468
2026-08-31T18:38:24.256146,83.548306,-0.032574,-0.034892,0.987956
2026-08-31T18:38:24.315689,83.607849,-0.032330,-0.034160,0.988200
2026-08-31T18:38:24.315780,83.607940,-0.032940,-0.034648,0.987590
2026-08-31T18:38:24.316435,83.608595,-0.032330,-0.034892,0.988200
2026-08-31T18:38:24.346352,83.638512,-0.032208,-0.034770,0.988078
2026-08-31T18:38:24.377499,83.669659,-0.032208,-0.035014,0.987590
2026-08-31T18:38:24.377552,83.669712,-0.032330,-0.034404,0.987590
2026-08-31T18:38:24.407025,83.699185,-0.032208,-0.034038,0.988078
2026-08-31T18:38:24.435295,83.727455,-0.032086,-0.035014,0.986980
2026-08-31T18:38:24.465692,83.757852,-0.032330,-0.035258,0.987712
2026-08-31T18:38:24.465827,83.757987,-0.032208,-0.035014,0.987956
2026-08-31T18:38:24.494355,83.786515,-0.031842,-0.034892,0.987712
2026-08-31T18:38:24.526268,83.818428,-0.032330,-0.035136,0.988078
2026-08-31T18:38:24.526363,83.818523,-0.031842,-0.034648,0.988322
2026-08-31T18:38:24.554076,83.846236,-0.032452,-0.034892,0.987712
2026-08-31T18:38:24.585527,83.877687,-0.032208,-0.034526,0.987834
2026-08-31T18:38:24.585586,83.877746,-0.032330,-0.034648,0.987590
2026-08-31T18:38:24.613882,83.906042,-0.032696,-0.034404,0.987956
2026-08-31T18:38:24.645987,83.938147,-0.032696,-0.034648,0.987834
2026-08-31T18:38:24.646114,83.938274,-0.032452,-0.034526,0.987834
2026-08-31T18:38:24.677074,83.969234,-0.032330,-0.034770,0.988200
2026-08-31T18:38:24.707768,83.999928,-0.031842,-0.035624,0.988566
2026-08-31T18:38:24.707826,83.999986,-0.032574,-0.035014,0.987590
2026-08-31T18:38:24.736844,84.029004,-0.032940,-0.035502,0.988444
2026-08-31T18:38:24.767805,84.059965,-0.032330,-0.035258,0.988322
2026-08-31T18:38:24.767920,84.060080,-0.032574,-0.034282,0.987834
2026-08-31T18:38:24.796575,84.088735,-0.032574,-0.035136,0.988444
2026-08-31T18:38:24.825653,84.117813,-0.032452,-0.034892,0.987956
2026-08-31T18:38:24.825714,84.117874,-0.031964,-0.034892,0.987712
2026-08-31T18:38:24.854593,84.146753,-0.032086,-0.034892,0.988078
2026-08-31T18:38:24.884796,84.176956,-0.032574,-0.035014,0.987468
2026-08-31T18:38:24.884841,84.177001,-0.032696,-0.034526,0.987956
2026-08-31T18:38:24.913497,84.205657,-0.032452,-0.035136,0.988322
2026-08-31T18:38:24.945647,84.237807,-0.032574,-0.034526,0.987224
2026-08-31T18:38:24.945721,84.237881,-0.031842,-0.034770,0.987712
2026-08-31T18:38:24.977006,84.269166,-0.032452,-0.034526,0.987590
2026-08-31T18:38:25.007351,84.299511,-0.031476,-0.035136,0.988200
2026-08-31T18:38:25.037542,84.329702,-0.032208,-0.034282,0.987590
2026-08-31T18:38:25.037619,84.329779,-0.032696,-0.034648,0.987834
2026-08-31T18:38:25.066865,84.359025,-0.032452,-0.034770,0.988200
2026-08-31T18:38:25.097832,84.389992,-0.031232,-0.034648,0.987834
2026-08-31T18:38:25.097924,84.390084,-0.032330,-0.035258,0.987712
2026-08-31T18:38:25.126786,84.418946,-0.032696,-0.034526,0.987590
2026-08-31T18:38:25.158058,84.450218,-0.032818,-0.034526,0.988444
2026-08-31T18:38:25.158139,84.450299,-0.032086,-0.034526,0.987956
2026-08-31T18:38:25.186912,84.479072,-0.032330,-0.035014,0.988200
2026-08-31T18:38:25.215671,84.507831,-0.032208,-0.035014,0.987956
2026-08-31T18:38:25.217334,84.509494,-0.031842,-0.035014,0.987590
2026-08-31T18:38:25.247146,84.539306,-0.033062,-0.034648,0.988200
2026-08-31T18:38:25.278111,84.570271,-0.031598,-0.035014,0.987590
2026-08-31T18:38:25.278179,84.570339,-0.031964,-0.035014,0.988078
2026-08-31T18:38:25.306554,84.598714,-0.032696,-0.034526,0.988200
2026-08-31T18:38:25.365079,84.657239,-0.031842,-0.034892,0.987102
2026-08-31T18:38:25.367559,84.659719,-0.032452,-0.034770,0.988200
2026-08-31T18:38:25.367615,84.659775,-0.032696,-0.035136,0.988078
2026-08-31T18:38:25.397873,84.690033,-0.033062,-0.034892,0.987712
2026-08-31T18:38:25.397961,84.690121,-0.031964,-0.034770,0.987590
2026-08-31T18:38:25.427135,84.719295,-0.032086,-0.034526,0.988200
2026-08-31T18:38:25.456771,84.748931,-0.032452,-0.035502,0.987834
2026-08-31T18:38:25.547085,84.839245,-0.031964,-0.035258,0.988566
2026-08-31T18:38:25.547265,84.839425,-0.032208,-0.034648,0.988078
2026-08-31T18:38:25.547460,84.839620,-0.031842,-0.034526,0.988200
2026-08-31T18:38:25.547505,84.839665,-0.032574,-0.034770,0.987834
2026-08-31T18:38:25.574281,84.866441,-0.032696,-0.034770,0.987468
2026-08-31T18:38:25.605584,84.897744,-0.032208,-0.034770,0.987712
2026-08-31T18:38:25.606463,84.898623,-0.032818,-0.035624,0.987468
2026-08-31T18:38:25.636869,84.929029,-0.032086,-0.034770,0.987712
2026-08-31T18:38:25.695884,84.988044,-0.032452,-0.034892,0.987712
2026-08-31T18:38:25.695969,84.988129,-0.032208,-0.034770,0.987712
2026-08-31T18:38:25.696664,84.988824,-0.032330,-0.034892,0.987712
2026-08-31T18:38:25.727923,85.020083,-0.032818,-0.034526,0.987712
2026-08-31T18:38:25.727988,85.020148,-0.032330,-0.034526,0.988078
2026-08-31T18:38:25.786063,85.078223,-0.032086,-0.034648,0.987590
2026-08-31T18:38:25.786285,85.078445,-0.032086,-0.034892,0.987712
2026-08-31T18:38:25.786346,85.078506,-0.032696,-0.035136,0.987834
2026-08-31T18:38:25.814585,85.106745,-0.031964,-0.034282,0.988200
2026-08-31T18:38:25.845386,85.137546,-0.031964,-0.034526,0.988078
2026-08-31T18:38:25.876465,85.168625,-0.032086,-0.035014,0.987468
2026-08-31T18:38:25.878858,85.171018,-0.032940,-0.035014,0.987346
2026-08-31T18:38:25.907513,85.199673,-0.031964,-0.035136,0.988078
2026-08-31T18:38:25.937919,85.230079,-0.032086,-0.035258,0.987712
2026-08-31T18:38:25.938002,85.230162,-0.032330,-0.034526,0.988078
2026-08-31T18:38:25.966844,85.259004,-0.032452,-0.035258,0.987712
